idx,mac,cluster,t
0,58:1D:3E:9A:9C:CF,3,1760148125.389005
1,58:1D:3E:9A:9C:CF,3,1760148125.389258
2,EE:A8:E4:DF:CD:E9,3,1760148125.406627
3,49:25:F4:02:F1:57,3,1760148125.421033
4,49:25:F4:02:F1:57,3,1760148125.421132
5,49:25:F4:02:F1:57,3,1760148125.421315
6,49:25:F4:02:F1:57,3,1760148125.421352
7,CA:18:06:4A:A6:34,2,1760148125.440333
8,67:1B:76:98:F8:0A,2,1760148125.445521
9,67:1B:76:98:F8:0A,3,1760148125.445673
10,58:1D:3E:9A:9C:CF,3,1760148125.446228
11,6F:BD:31:06:60:8F,2,1760148125.458955
12,52:5A:5E:12:10:1C,2,1760148125.461666
13,49:25:F4:02:F1:57,0,1760148125.487827
14,49:25:F4:02:F1:57,0,1760148125.487900
15,67:1B:76:98:F8:0A,0,1760148125.499631
16,6F:BD:31:06:60:8F,0,1760148125.500282
17,58:1D:3E:9A:9C:CF,0,1760148125.500590
18,49:25:F4:02:F1:57,2,1760148125.542138
19,49:25:F4:02:F1:57,2,1760148125.542210
20,49:25:F4:02:F1:57,2,1760148125.542311
21,49:25:F4:02:F1:57,2,1760148125.542396
22,45:2C:BD:7D:93:57,2,1760148125.544927
23,45:2C:BD:7D:93:57,2,1760148125.544959
24,67:1B:76:98:F8:0A,2,1760148125.554579
25,67:1B:76:98:F8:0A,2,1760148125.554788
26,58:1D:3E:9A:9C:CF,2,1760148125.555303
27,58:1D:3E:9A:9C:CF,2,1760148125.555487
28,6F:BD:31:06:60:8F,3,1760148125.571229
29,49:25:F4:02:F1:57,0,1760148125.597580
30,49:25:F4:02:F1:57,0,1760148125.597651
31,E9:E0:F5:D9:0D:AC,1,1760148125.601161
32,E8:DC:4C:47:ED:06,1,1760148125.603867
33,E8:DC:4C:47:ED:06,1,1760148125.604002
34,F7:8F:C1:10:E6:75,1,1760148125.608991
35,F7:8F:C1:10:E6:75,1,1760148125.609133
36,58:1D:3E:9A:9C:CF,0,1760148125.609472
37,58:1D:3E:9A:9C:CF,1,1760148125.609612
38,67:1B:76:98:F8:0A,0,1760148125.610033
39,67:1B:76:98:F8:0A,1,1760148125.610175
40,6F:BD:31:06:60:8F,0,1760148125.611107
41,D7:80:75:4B:C7:23,1,1760148125.615352
42,D7:80:75:4B:C7:23,1,1760148125.615384
43,D7:80:75:4B:C7:23,1,1760148125.615515
44,D7:80:75:4B:C7:23,1,1760148125.615543
45,F0:9B:FA:B6:46:83,1,1760148125.618685
46,F0:9B:FA:B6:46:83,1,1760148125.618820
47,E8:55:CC:56:2A:8F,1,1760148125.619210
48,E8:55:CC:56:2A:8F,1,1760148125.619339
49,6F:BD:31:06:60:8F,1,1760148125.650676
50,49:25:F4:02:F1:57,1,1760148125.652318
51,67:1B:76:98:F8:0A,1,1760148125.664861
52,67:1B:76:98:F8:0A,1,1760148125.664936
53,67:1B:76:98:F8:0A,1,1760148125.665121
54,6F:BD:31:06:60:8F,3,1760148125.690899
55,6F:BD:31:06:60:8F,3,1760148125.690975
56,49:25:F4:02:F1:57,0,1760148125.706455
57,49:25:F4:02:F1:57,0,1760148125.706494
58,FB:03:54:DD:28:BC,4,1760148125.710847
59,58:1D:3E:9A:9C:CF,0,1760148125.717543
60,58:1D:3E:9A:9C:CF,3,1760148125.717692
61,67:1B:76:98:F8:0A,0,1760148125.718316
62,67:1B:76:98:F8:0A,3,1760148125.718461
63,E8:E7:6B:AB:25:1B,4,1760148125.719790
64,6F:BD:31:06:60:8F,3,1760148125.720593
65,FC:BE:F5:F1:0A:67,0,1760148125.748393
66,FC:BE:F5:F1:0A:67,0,1760148125.748463
67,6F:BD:31:06:60:8F,0,1760148125.760347
68,6F:BD:31:06:60:8F,0,1760148125.760389
69,49:25:F4:02:F1:57,0,1760148125.761594
70,67:1B:76:98:F8:0A,0,1760148125.771767
71,67:1B:76:98:F8:0A,0,1760148125.771920
72,58:1D:3E:9A:9C:CF,0,1760148125.772349
73,6F:BD:31:06:60:8F,1,1760148125.799410
74,EE:A8:E4:DF:CD:E9,0,1760148125.813348
75,EE:A8:E4:DF:CD:E9,1,1760148125.813570
76,49:25:F4:02:F1:57,1,1760148125.817002
77,49:25:F4:02:F1:57,1,1760148125.817040
78,58:1D:3E:9A:9C:CF,1,1760148125.826545
79,58:1D:3E:9A:9C:CF,1,1760148125.826586
80,67:1B:76:98:F8:0A,1,1760148125.828744
81,67:1B:76:98:F8:0A,1,1760148125.828781
82,67:1B:76:98:F8:0A,1,1760148125.828931
83,6F:BD:31:06:60:8F,1,1760148125.831101
84,CA:18:06:4A:A6:34,0,1760148125.847499
85,52:5A:5E:12:10:1C,2,1760148125.855057
86,52:5A:5E:12:10:1C,0,1760148125.855214
87,49:25:F4:02:F1:57,2,1760148125.871639
88,49:25:F4:02:F1:57,2,1760148125.871678
89,49:25:F4:02:F1:57,4,1760148125.871838
90,49:25:F4:02:F1:57,4,1760148125.871874
91,6F:BD:31:06:60:8F,1,1760148125.872947
92,58:1D:3E:9A:9C:CF,2,1760148125.882517
93,67:1B:76:98:F8:0A,4,1760148125.895800
94,67:1B:76:98:F8:0A,3,1760148125.895987
95,52:5A:5E:12:10:1C,4,1760148125.911404
96,52:5A:5E:12:10:1C,4,1760148125.911472
97,52:5A:5E:12:10:1C,3,1760148125.911623
98,52:5A:5E:12:10:1C,3,1760148125.911654
99,6F:BD:31:06:60:8F,3,1760148125.914122
100,6F:BD:31:06:60:8F,3,1760148125.914172
101,49:25:F4:02:F1:57,4,1760148125.927651
102,49:25:F4:02:F1:57,4,1760148125.927716
103,49:25:F4:02:F1:57,4,1760148125.927873
104,58:1D:3E:9A:9C:CF,1,1760148125.949068
105,67:1B:76:98:F8:0A,1,1760148125.951154
106,6F:BD:31:06:60:8F,1,1760148125.955008
107,49:25:F4:02:F1:57,1,1760148125.982528
108,49:25:F4:02:F1:57,1,1760148125.982573
109,6F:BD:31:06:60:8F,1,1760148125.983735
110,61:32:E8:60:D5:55,3,1760148125.999929
111,61:32:E8:60:D5:55,3,1760148126.000112
112,58:1D:3E:9A:9C:CF,3,1760148126.002572
113,67:1B:76:98:F8:0A,3,1760148126.004625
114,67:1B:76:98:F8:0A,3,1760148126.004780
115,E9:E0:F5:D9:0D:AC,3,1760148126.007469
116,E9:E0:F5:D9:0D:AC,3,1760148126.007508
117,E8:DC:4C:47:ED:06,3,1760148126.009803
118,F7:8F:C1:10:E6:75,3,1760148126.014782
119,F7:8F:C1:10:E6:75,3,1760148126.014926
120,D7:80:75:4B:C7:23,3,1760148126.021741
121,D7:80:75:4B:C7:23,3,1760148126.021780
122,D7:80:75:4B:C7:23,3,1760148126.021920
123,D7:80:75:4B:C7:23,3,1760148126.021953
124,6F:BD:31:06:60:8F,0,1760148126.024350
125,6F:BD:31:06:60:8F,0,1760148126.024393
126,F0:9B:FA:B6:46:83,3,1760148126.025230
127,F0:9B:FA:B6:46:83,3,1760148126.025370
128,49:25:F4:02:F1:57,0,1760148126.047470
129,49:25:F4:02:F1:57,0,1760148126.047542
130,58:1D:3E:9A:9C:CF,0,1760148126.057085
131,58:1D:3E:9A:9C:CF,0,1760148126.057341
132,67:1B:76:98:F8:0A,0,1760148126.060006
133,67:1B:76:98:F8:0A,0,1760148126.060085
134,67:1B:76:98:F8:0A,0,1760148126.060246
135,67:1B:76:98:F8:0A,0,1760148126.060279
136,6F:BD:31:06:60:8F,1,1760148126.065350
137,49:25:F4:02:F1:57,3,1760148126.102211
138,49:25:F4:02:F1:57,3,1760148126.102290
139,49:25:F4:02:F1:57,3,1760148126.102441
140,49:25:F4:02:F1:57,3,1760148126.102478
141,6F:BD:31:06:60:8F,0,1760148126.105479
142,E3:1B:F1:68:13:83,3,1760148126.108083
143,58:1D:3E:9A:9C:CF,3,1760148126.111268
144,58:1D:3E:9A:9C:CF,3,1760148126.111421
145,67:1B:76:98:F8:0A,3,1760148126.115405
146,67:1B:76:98:F8:0A,3,1760148126.115442
147,FB:03:54:DD:28:BC,0,1760148126.118408
148,FB:03:54:DD:28:BC,0,1760148126.118453
149,FB:03:54:DD:28:BC,3,1760148126.118621
150,FB:03:54:DD:28:BC,3,1760148126.118659
151,E8:E7:6B:AB:25:1B,0,1760148126.128129
152,E8:E7:6B:AB:25:1B,3,1760148126.128305
153,49:25:F4:02:F1:57,5,1760148126.156970
154,61:32:E8:60:D5:55,5,1760148126.165985
155,49:25:F4:02:F1:57,0,1760148126.211418
156,49:25:F4:02:F1:57,2,1760148126.211621
157,6F:BD:31:06:60:8F,2,1760148126.216089
158,61:32:E8:60:D5:55,0,1760148126.221401
159,58:1D:3E:9A:9C:CF,0,1760148126.222582
160,58:1D:3E:9A:9C:CF,0,1760148126.222742
161,EE:A8:E4:DF:CD:E9,2,1760148126.222940
162,67:1B:76:98:F8:0A,0,1760148126.225764
163,67:1B:76:98:F8:0A,0,1760148126.225927
164,CA:18:06:4A:A6:34,4,1760148126.255618
165,CA:18:06:4A:A6:34,4,1760148126.255695
166,6F:BD:31:06:60:8F,4,1760148126.256644
167,49:25:F4:02:F1:57,4,1760148126.266549
168,49:25:F4:02:F1:57,4,1760148126.266593
169,58:1D:3E:9A:9C:CF,4,1760148126.276996
170,58:1D:3E:9A:9C:CF,4,1760148126.277087
171,58:1D:3E:9A:9C:CF,3,1760148126.277247
172,58:1D:3E:9A:9C:CF,3,1760148126.277280
173,67:1B:76:98:F8:0A,4,1760148126.281401
174,67:1B:76:98:F8:0A,4,1760148126.281443
175,67:1B:76:98:F8:0A,3,1760148126.281595
176,6F:BD:31:06:60:8F,4,1760148126.286485
177,49:25:F4:02:F1:57,0,1760148126.322421
178,49:25:F4:02:F1:57,0,1760148126.322509
179,49:25:F4:02:F1:57,0,1760148126.322665
180,49:25:F4:02:F1:57,0,1760148126.322707
181,6F:BD:31:06:60:8F,0,1760148126.327771
182,6F:BD:31:06:60:8F,0,1760148126.327827
183,58:1D:3E:9A:9C:CF,0,1760148126.332518
184,67:1B:76:98:F8:0A,0,1760148126.336029
185,67:1B:76:98:F8:0A,0,1760148126.336190
186,49:25:F4:02:F1:57,3,1760148126.377099
187,49:25:F4:02:F1:57,3,1760148126.377170
188,49:25:F4:02:F1:57,3,1760148126.377325
189,49:25:F4:02:F1:57,3,1760148126.377363
190,58:1D:3E:9A:9C:CF,3,1760148126.387400
191,61:32:E8:60:D5:55,3,1760148126.387935
192,61:32:E8:60:D5:55,3,1760148126.388098
193,E9:E0:F5:D9:0D:AC,0,1760148126.416466
194,E9:E0:F5:D9:0D:AC,0,1760148126.416533
195,E8:DC:4C:47:ED:06,0,1760148126.418460
196,E8:DC:4C:47:ED:06,0,1760148126.418610
197,E8:DC:4C:47:ED:06,0,1760148126.418643
198,D7:80:75:4B:C7:23,0,1760148126.431490
199,D7:80:75:4B:C7:23,0,1760148126.431637
200,49:25:F4:02:F1:57,0,1760148126.432801
201,49:25:F4:02:F1:57,0,1760148126.432842
202,F0:9B:FA:B6:46:83,0,1760148126.434490
203,F0:9B:FA:B6:46:83,0,1760148126.434529
204,F0:9B:FA:B6:46:83,0,1760148126.434674
205,E8:55:CC:56:2A:8F,0,1760148126.435206
206,E8:55:CC:56:2A:8F,0,1760148126.435349
207,E8:55:CC:56:2A:8F,0,1760148126.435381
208,49:25:F4:02:F1:57,4,1760148126.487718
209,49:25:F4:02:F1:57,4,1760148126.487795
210,67:1B:76:98:F8:0A,4,1760148126.511667
211,FB:03:54:DD:28:BC,4,1760148126.528609
212,FB:03:54:DD:28:BC,0,1760148126.528807
213,E8:E7:6B:AB:25:1B,4,1760148126.538195
214,E8:E7:6B:AB:25:1B,4,1760148126.538264
215,E8:E7:6B:AB:25:1B,0,1760148126.538496
216,E8:E7:6B:AB:25:1B,0,1760148126.538538
217,49:25:F4:02:F1:57,4,1760148126.544352
218,49:25:F4:02:F1:57,4,1760148126.544402
219,49:25:F4:02:F1:57,4,1760148126.544557
220,49:25:F4:02:F1:57,4,1760148126.544597
221,67:1B:76:98:F8:0A,0,1760148126.568770
222,67:1B:76:98:F8:0A,0,1760148126.568847
223,48:AA:0E:B6:D0:47,0,1760148126.580755
224,4F:B6:DD:D5:1E:A1,0,1760148126.582165
225,78:9E:9A:5C:E5:31,0,1760148126.582689
226,6F:BD:31:06:60:8F,0,1760148126.591665
227,49:25:F4:02:F1:57,4,1760148126.611148
228,49:25:F4:02:F1:57,4,1760148126.611221
229,49:25:F4:02:F1:57,3,1760148126.611379
230,49:25:F4:02:F1:57,3,1760148126.611421
231,58:1D:3E:9A:9C:CF,4,1760148126.620739
232,58:1D:3E:9A:9C:CF,4,1760148126.620897
233,67:1B:76:98:F8:0A,4,1760148126.624403
234,67:1B:76:98:F8:0A,4,1760148126.624560
235,67:1B:76:98:F8:0A,4,1760148126.624598
236,6F:BD:31:06:60:8F,3,1760148126.632031
237,EE:A8:E4:DF:CD:E9,0,1760148126.634203
238,49:25:F4:02:F1:57,2,1760148126.665748
239,49:25:F4:02:F1:57,2,1760148126.665830
240,CA:18:06:4A:A6:34,2,1760148126.667343
241,67:1B:76:98:F8:0A,2,1760148126.679623
242,67:1B:76:98:F8:0A,2,1760148126.679788
243,6F:BD:31:06:60:8F,4,1760148126.713909
244,49:25:F4:02:F1:57,1,1760148126.720260
245,49:25:F4:02:F1:57,1,1760148126.720304
246,58:1D:3E:9A:9C:CF,1,1760148126.730010
247,58:1D:3E:9A:9C:CF,0,1760148126.730177
248,67:1B:76:98:F8:0A,1,1760148126.734244
249,6F:BD:31:06:60:8F,4,1760148126.744423
250,6F:BD:31:06:60:8F,4,1760148126.744475
251,49:25:F4:02:F1:57,0,1760148126.773859
252,61:32:E8:60:D5:55,1,1760148126.782075
253,58:1D:3E:9A:9C:CF,1,1760148126.783618
254,58:1D:3E:9A:9C:CF,1,1760148126.783662
255,58:1D:3E:9A:9C:CF,0,1760148126.783814
256,58:1D:3E:9A:9C:CF,0,1760148126.783846
257,6F:BD:31:06:60:8F,0,1760148126.784984
258,6F:BD:31:06:60:8F,0,1760148126.785027
259,67:1B:76:98:F8:0A,1,1760148126.788282
260,67:1B:76:98:F8:0A,0,1760148126.788435
261,6F:BD:31:06:60:8F,0,1760148126.826389
262,E9:E0:F5:D9:0D:AC,3,1760148126.826655
263,E9:E0:F5:D9:0D:AC,3,1760148126.826694
264,E8:DC:4C:47:ED:06,3,1760148126.828497
265,49:25:F4:02:F1:57,0,1760148126.830041
266,49:25:F4:02:F1:57,0,1760148126.830081
267,49:25:F4:02:F1:57,0,1760148126.830236
268,49:25:F4:02:F1:57,0,1760148126.830272
269,F7:8F:C1:10:E6:75,3,1760148126.834416
270,F7:8F:C1:10:E6:75,0,1760148126.834564
271,61:32:E8:60:D5:55,0,1760148126.837353
272,58:1D:3E:9A:9C:CF,0,1760148126.840683
273,58:1D:3E:9A:9C:CF,0,1760148126.840839
274,D7:80:75:4B:C7:23,3,1760148126.843102
275,D7:80:75:4B:C7:23,3,1760148126.843141
276,67:1B:76:98:F8:0A,0,1760148126.843838
277,67:1B:76:98:F8:0A,0,1760148126.844032
278,F0:9B:FA:B6:46:83,3,1760148126.844431
279,F0:9B:FA:B6:46:83,3,1760148126.844467
280,F0:9B:FA:B6:46:83,0,1760148126.844605
281,E8:55:CC:56:2A:8F,3,1760148126.846266
282,E8:55:CC:56:2A:8F,0,1760148126.846414
283,6F:BD:31:06:60:8F,5,1760148126.868356
284,49:25:F4:02:F1:57,5,1760148126.885126
285,49:25:F4:02:F1:57,5,1760148126.885173
286,49:25:F4:02:F1:57,5,1760148126.885328
287,49:25:F4:02:F1:57,5,1760148126.885368
288,58:1D:3E:9A:9C:CF,5,1760148126.896116
289,58:1D:3E:9A:9C:CF,5,1760148126.896276
290,6F:BD:31:06:60:8F,5,1760148126.897433
291,67:1B:76:98:F8:0A,5,1760148126.899396
292,67:1B:76:98:F8:0A,5,1760148126.899438
293,67:1B:76:98:F8:0A,5,1760148126.899593
294,52:5A:5E:12:10:1C,2,1760148126.925879
295,52:5A:5E:12:10:1C,2,1760148126.925964
296,6F:BD:31:06:60:8F,2,1760148126.937638
297,49:25:F4:02:F1:57,2,1760148126.940452
298,49:25:F4:02:F1:57,2,1760148126.940614
299,E8:E7:6B:AB:25:1B,2,1760148126.948674
300,E8:E7:6B:AB:25:1B,2,1760148126.948863
301,E8:E7:6B:AB:25:1B,2,1760148126.948899
302,58:1D:3E:9A:9C:CF,2,1760148126.951858
303,58:1D:3E:9A:9C:CF,2,1760148126.952020
304,58:1D:3E:9A:9C:CF,2,1760148126.952060
305,67:1B:76:98:F8:0A,2,1760148126.953737
306,FC:BE:F5:F1:0A:67,5,1760148126.976822
307,FC:BE:F5:F1:0A:67,5,1760148126.976890
308,6F:BD:31:06:60:8F,5,1760148126.977666
309,49:25:F4:02:F1:57,5,1760148126.995379
310,6F:BD:31:06:60:8F,5,1760148127.016736
311,58:1D:3E:9A:9C:CF,5,1760148127.017150
312,67:1B:76:98:F8:0A,5,1760148127.018653
313,52:5A:5E:12:10:1C,5,1760148127.034866
314,52:5A:5E:12:10:1C,5,1760148127.035022
315,6F:BD:31:06:60:8F,5,1760148127.045598
316,49:25:F4:02:F1:57,5,1760148127.049042
317,49:25:F4:02:F1:57,5,1760148127.049089
318,58:1D:3E:9A:9C:CF,2,1760148127.073751
319,58:1D:3E:9A:9C:CF,2,1760148127.073948
320,67:1B:76:98:F8:0A,2,1760148127.074451
321,CA:18:06:4A:A6:34,2,1760148127.076310
322,6F:BD:31:06:60:8F,2,1760148127.087101
323,49:25:F4:02:F1:57,2,1760148127.104435
324,49:25:F4:02:F1:57,2,1760148127.104479
325,49:25:F4:02:F1:57,2,1760148127.104634
326,6F:BD:31:06:60:8F,0,1760148127.126748
327,58:1D:3E:9A:9C:CF,0,1760148127.128324
328,58:1D:3E:9A:9C:CF,0,1760148127.128519
329,67:1B:76:98:F8:0A,0,1760148127.128907
330,52:5A:5E:12:10:1C,0,1760148127.144418
331,6F:BD:31:06:60:8F,0,1760148127.156010
332,49:25:F4:02:F1:57,0,1760148127.169478
333,49:25:F4:02:F1:57,0,1760148127.169553
334,58:1D:3E:9A:9C:CF,0,1760148127.182483
335,58:1D:3E:9A:9C:CF,0,1760148127.182642
336,67:1B:76:98:F8:0A,0,1760148127.183420
337,67:1B:76:98:F8:0A,0,1760148127.183575
338,6F:BD:31:06:60:8F,3,1760148127.195502
339,49:25:F4:02:F1:57,4,1760148127.223828
340,49:25:F4:02:F1:57,4,1760148127.223905
341,E9:E0:F5:D9:0D:AC,3,1760148127.233418
342,E9:E0:F5:D9:0D:AC,3,1760148127.233459
343,E8:DC:4C:47:ED:06,3,1760148127.234596
344,6F:BD:31:06:60:8F,4,1760148127.235495
345,58:1D:3E:9A:9C:CF,4,1760148127.236845
346,58:1D:3E:9A:9C:CF,2,1760148127.237001
347,67:1B:76:98:F8:0A,4,1760148127.237405
348,67:1B:76:98:F8:0A,4,1760148127.237444
349,67:1B:76:98:F8:0A,2,1760148127.237593
350,67:1B:76:98:F8:0A,2,1760148127.237629
351,F7:8F:C1:10:E6:75,3,1760148127.241513
352,D7:80:75:4B:C7:23,3,1760148127.249839
353,D7:80:75:4B:C7:23,2,1760148127.249981
354,F0:9B:FA:B6:46:83,3,1760148127.250080
355,F0:9B:FA:B6:46:83,3,1760148127.250117
356,F0:9B:FA:B6:46:83,2,1760148127.250252
357,6F:BD:31:06:60:8F,4,1760148127.275352
358,49:25:F4:02:F1:57,3,1760148127.279653
359,49:25:F4:02:F1:57,3,1760148127.279694
360,49:25:F4:02:F1:57,4,1760148127.279849
361,49:25:F4:02:F1:57,4,1760148127.279885
362,61:32:E8:60:D5:55,3,1760148127.287819
363,58:1D:3E:9A:9C:CF,3,1760148127.291672
364,58:1D:3E:9A:9C:CF,3,1760148127.291827
365,67:1B:76:98:F8:0A,3,1760148127.292212
366,67:1B:76:98:F8:0A,3,1760148127.292367
367,6F:BD:31:06:60:8F,4,1760148127.304061
368,6F:BD:31:06:60:8F,4,1760148127.304112
369,49:25:F4:02:F1:57,2,1760148127.336977
370,49:25:F4:02:F1:57,2,1760148127.337058
371,6F:BD:31:06:60:8F,3,1760148127.347244
372,58:1D:3E:9A:9C:CF,2,1760148127.348812
373,58:1D:3E:9A:9C:CF,2,1760148127.348975
374,67:1B:76:98:F8:0A,2,1760148127.350157
375,67:1B:76:98:F8:0A,2,1760148127.350314
376,E8:E7:6B:AB:25:1B,3,1760148127.356746
377,E8:E7:6B:AB:25:1B,3,1760148127.356792
378,6F:BD:31:06:60:8F,3,1760148127.387631
379,49:25:F4:02:F1:57,3,1760148127.391450
380,49:25:F4:02:F1:57,3,1760148127.391492
381,49:25:F4:02:F1:57,3,1760148127.391647
382,49:25:F4:02:F1:57,3,1760148127.391684
383,58:1D:3E:9A:9C:CF,3,1760148127.403201
384,58:1D:3E:9A:9C:CF,3,1760148127.403357
385,67:1B:76:98:F8:0A,3,1760148127.404520
386,6F:BD:31:06:60:8F,4,1760148127.429075
387,49:25:F4:02:F1:57,4,1760148127.446333
388,EE:A8:E4:DF:CD:E9,4,1760148127.450998
389,EE:A8:E4:DF:CD:E9,4,1760148127.451043
390,58:1D:3E:9A:9C:CF,4,1760148127.457689
391,58:1D:3E:9A:9C:CF,3,1760148127.457844
392,58:1D:3E:9A:9C:CF,3,1760148127.457876
393,6F:BD:31:06:60:8F,4,1760148127.459002
394,67:1B:76:98:F8:0A,4,1760148127.459425
395,67:1B:76:98:F8:0A,3,1760148127.459574
396,CA:18:06:4A:A6:34,2,1760148127.483955
397,6F:BD:31:06:60:8F,2,1760148127.499310
398,6F:BD:31:06:60:8F,2,1760148127.499382
399,49:25:F4:02:F1:57,2,1760148127.500177
400,49:25:F4:02:F1:57,2,1760148127.500216
401,58:1D:3E:9A:9C:CF,2,1760148127.511452
402,58:1D:3E:9A:9C:CF,2,1760148127.511492
403,58:1D:3E:9A:9C:CF,2,1760148127.511644
404,58:1D:3E:9A:9C:CF,2,1760148127.511675
405,67:1B:76:98:F8:0A,2,1760148127.513271
406,6F:BD:31:06:60:8F,1,1760148127.540788
407,6F:BD:31:06:60:8F,1,1760148127.540864
408,49:25:F4:02:F1:57,1,1760148127.555415
409,58:1D:3E:9A:9C:CF,1,1760148127.566607
410,58:1D:3E:9A:9C:CF,0,1760148127.566830
411,67:1B:76:98:F8:0A,0,1760148127.581119
412,67:1B:76:98:F8:0A,0,1760148127.581308
413,6F:BD:31:06:60:8F,1,1760148127.582027
414,49:25:F4:02:F1:57,0,1760148127.611225
415,49:25:F4:02:F1:57,0,1760148127.611281
416,49:25:F4:02:F1:57,0,1760148127.611434
417,49:25:F4:02:F1:57,0,1760148127.611471
418,6F:BD:31:06:60:8F,1,1760148127.611596
419,58:1D:3E:9A:9C:CF,4,1760148127.633966
420,67:1B:76:98:F8:0A,4,1760148127.636306
421,67:1B:76:98:F8:0A,4,1760148127.636460
422,E9:E0:F5:D9:0D:AC,4,1760148127.645841
423,E9:E0:F5:D9:0D:AC,4,1760148127.645888
424,6F:BD:31:06:60:8F,1,1760148127.652988
425,6F:BD:31:06:60:8F,1,1760148127.653042
426,F7:8F:C1:10:E6:75,4,1760148127.653238
427,F0:9B:FA:B6:46:83,4,1760148127.661246
428,F0:9B:FA:B6:46:83,4,1760148127.661392
429,F0:9B:FA:B6:46:83,4,1760148127.661425
430,D7:80:75:4B:C7:23,4,1760148127.662333
431,D7:80:75:4B:C7:23,4,1760148127.662372
432,49:25:F4:02:F1:57,4,1760148127.666343
433,58:1D:3E:9A:9C:CF,0,1760148127.688871
434,58:1D:3E:9A:9C:CF,0,1760148127.688953
435,58:1D:3E:9A:9C:CF,0,1760148127.689107
436,58:1D:3E:9A:9C:CF,0,1760148127.689140
437,67:1B:76:98:F8:0A,0,1760148127.691862
438,6F:BD:31:06:60:8F,0,1760148127.694259
439,6F:BD:31:06:60:8F,0,1760148127.694308
440,49:25:F4:02:F1:57,1,1760148127.733386
441,6F:BD:31:06:60:8F,1,1760148127.734448
442,6F:BD:31:06:60:8F,1,1760148127.734493
443,58:1D:3E:9A:9C:CF,1,1760148127.744687
444,E3:1B:F1:68:13:83,1,1760148127.746617
445,67:1B:76:98:F8:0A,1,1760148127.747541
446,67:1B:76:98:F8:0A,1,1760148127.747704
447,67:1B:76:98:F8:0A,1,1760148127.747739
448,FB:03:54:DD:28:BC,1,1760148127.757377
449,FB:03:54:DD:28:BC,1,1760148127.757572
450,6F:BD:31:06:60:8F,1,1760148127.764849
451,E8:E7:6B:AB:25:1B,1,1760148127.766970
452,49:25:F4:02:F1:57,2,1760148127.789416
453,49:25:F4:02:F1:57,2,1760148127.789495
454,49:25:F4:02:F1:57,2,1760148127.789660
455,49:25:F4:02:F1:57,2,1760148127.789698
456,58:1D:3E:9A:9C:CF,2,1760148127.800643
457,67:1B:76:98:F8:0A,2,1760148127.801999
458,67:1B:76:98:F8:0A,2,1760148127.802155
459,6F:BD:31:06:60:8F,2,1760148127.805017
460,49:25:F4:02:F1:57,0,1760148127.845973
461,49:25:F4:02:F1:57,0,1760148127.846063
462,6F:BD:31:06:60:8F,0,1760148127.847096
463,61:32:E8:60:D5:55,1,1760148127.855505
464,58:1D:3E:9A:9C:CF,0,1760148127.856085
465,58:1D:3E:9A:9C:CF,1,1760148127.856246
466,67:1B:76:98:F8:0A,0,1760148127.857394
467,67:1B:76:98:F8:0A,1,1760148127.857554
468,EE:A8:E4:DF:CD:E9,0,1760148127.862157
469,EE:A8:E4:DF:CD:E9,0,1760148127.862203
470,6F:BD:31:06:60:8F,2,1760148127.887940
471,CA:18:06:4A:A6:34,2,1760148127.896985
472,49:25:F4:02:F1:57,2,1760148127.900952
473,49:25:F4:02:F1:57,2,1760148127.900996
474,61:32:E8:60:D5:55,2,1760148127.910452
475,61:32:E8:60:D5:55,2,1760148127.910499
476,61:32:E8:60:D5:55,3,1760148127.910653
477,61:32:E8:60:D5:55,3,1760148127.910686
478,58:1D:3E:9A:9C:CF,2,1760148127.912216
479,58:1D:3E:9A:9C:CF,3,1760148127.912374
480,67:1B:76:98:F8:0A,2,1760148127.912838
481,67:1B:76:98:F8:0A,3,1760148127.913004
482,6F:BD:31:06:60:8F,2,1760148127.917595
483,49:25:F4:02:F1:57,4,1760148127.956928
484,49:25:F4:02:F1:57,4,1760148127.957008
485,49:25:F4:02:F1:57,4,1760148127.957168
486,49:25:F4:02:F1:57,4,1760148127.957211
487,6F:BD:31:06:60:8F,4,1760148127.958505
488,67:1B:76:98:F8:0A,1,1760148127.968277
489,58:1D:3E:9A:9C:CF,4,1760148127.968720
490,49:25:F4:02:F1:57,7,1760148128.012350
491,49:25:F4:02:F1:57,7,1760148128.012436
492,49:25:F4:02:F1:57,7,1760148128.012613
493,49:25:F4:02:F1:57,7,1760148128.012662
494,67:1B:76:98:F8:0A,7,1760148128.023449
495,67:1B:76:98:F8:0A,7,1760148128.023621
496,58:1D:3E:9A:9C:CF,7,1760148128.024442
497,58:1D:3E:9A:9C:CF,7,1760148128.024596
498,6F:BD:31:06:60:8F,7,1760148128.028438
499,E8:DC:4C:47:ED:06,2,1760148128.056162
500,E8:DC:4C:47:ED:06,2,1760148128.056351
501,E8:DC:4C:47:ED:06,2,1760148128.056387
502,E9:E0:F5:D9:0D:AC,2,1760148128.059048
503,E9:E0:F5:D9:0D:AC,2,1760148128.059089
504,F7:8F:C1:10:E6:75,2,1760148128.064433
505,F7:8F:C1:10:E6:75,2,1760148128.064706
506,49:25:F4:02:F1:57,2,1760148128.067982
507,49:25:F4:02:F1:57,2,1760148128.068068
508,49:25:F4:02:F1:57,2,1760148128.068228
509,49:25:F4:02:F1:57,2,1760148128.068268
510,F0:9B:FA:B6:46:83,2,1760148128.073085
511,F0:9B:FA:B6:46:83,2,1760148128.073270
512,D7:80:75:4B:C7:23,2,1760148128.073767
513,E8:55:CC:56:2A:8F,2,1760148128.075785
514,E8:55:CC:56:2A:8F,2,1760148128.075933
515,67:1B:76:98:F8:0A,2,1760148128.079315
516,67:1B:76:98:F8:0A,2,1760148128.079478
517,58:1D:3E:9A:9C:CF,2,1760148128.080098
518,6F:BD:31:06:60:8F,2,1760148128.110833
519,49:25:F4:02:F1:57,2,1760148128.122765
520,49:25:F4:02:F1:57,2,1760148128.122939
521,67:1B:76:98:F8:0A,3,1760148128.145056
522,67:1B:76:98:F8:0A,0,1760148128.145255
523,67:1B:76:98:F8:0A,0,1760148128.145292
524,58:1D:3E:9A:9C:CF,3,1760148128.146316
525,58:1D:3E:9A:9C:CF,0,1760148128.146476
526,6F:BD:31:06:60:8F,3,1760148128.151919
527,FB:03:54:DD:28:BC,3,1760148128.168836
528,49:25:F4:02:F1:57,3,1760148128.177805
529,49:25:F4:02:F1:57,3,1760148128.177849
530,49:25:F4:02:F1:57,3,1760148128.178010
531,49:25:F4:02:F1:57,3,1760148128.178050
532,E8:E7:6B:AB:25:1B,3,1760148128.179596
533,E8:E7:6B:AB:25:1B,3,1760148128.179645
534,6F:BD:31:06:60:8F,3,1760148128.181442
535,6F:BD:31:06:60:8F,3,1760148128.181491
536,67:1B:76:98:F8:0A,1,1760148128.200764
537,67:1B:76:98:F8:0A,1,1760148128.200961
538,58:1D:3E:9A:9C:CF,1,1760148128.201583
539,52:5A:5E:12:10:1C,1,1760148128.216477
540,52:5A:5E:12:10:1C,1,1760148128.216644
541,49:25:F4:02:F1:57,1,1760148128.232870
542,49:25:F4:02:F1:57,1,1760148128.232929
543,67:1B:76:98:F8:0A,0,1760148128.256636
544,67:1B:76:98:F8:0A,1,1760148128.256833
545,58:1D:3E:9A:9C:CF,0,1760148128.257289
546,49:25:F4:02:F1:57,0,1760148128.299854
547,49:25:F4:02:F1:57,0,1760148128.300057
548,6F:BD:31:06:60:8F,0,1760148128.304498
549,58:1D:3E:9A:9C:CF,0,1760148128.311975
550,58:1D:3E:9A:9C:CF,1,1760148128.312147
551,67:1B:76:98:F8:0A,0,1760148128.312723
552,67:1B:76:98:F8:0A,1,1760148128.312895
553,52:5A:5E:12:10:1C,0,1760148128.326629
554,52:5A:5E:12:10:1C,1,1760148128.326825
555,52:5A:5E:12:10:1C,1,1760148128.326860
556,6F:BD:31:06:60:8F,0,1760148128.334921
557,49:25:F4:02:F1:57,3,1760148128.355454
558,49:25:F4:02:F1:57,3,1760148128.355531
559,49:25:F4:02:F1:57,3,1760148128.355691
560,49:25:F4:02:F1:57,3,1760148128.355732
561,58:1D:3E:9A:9C:CF,2,1760148128.366880
562,58:1D:3E:9A:9C:CF,3,1760148128.367060
563,67:1B:76:98:F8:0A,2,1760148128.369034
564,67:1B:76:98:F8:0A,3,1760148128.369190
565,6F:BD:31:06:60:8F,3,1760148128.375301
566,49:25:F4:02:F1:57,3,1760148128.410223
567,49:25:F4:02:F1:57,4,1760148128.410428
568,6F:BD:31:06:60:8F,3,1760148128.416293
569,58:1D:3E:9A:9C:CF,4,1760148128.422941
570,58:1D:3E:9A:9C:CF,3,1760148128.423102
571,58:1D:3E:9A:9C:CF,3,1760148128.423138
572,67:1B:76:98:F8:0A,4,1760148128.424688
573,52:5A:5E:12:10:1C,4,1760148128.438565
574,52:5A:5E:12:10:1C,4,1760148128.438617
575,6F:BD:31:06:60:8F,7,1760148128.458319
576,49:25:F4:02:F1:57,7,1760148128.466238
577,49:25:F4:02:F1:57,7,1760148128.466289
578,E9:E0:F5:D9:0D:AC,7,1760148128.470608
579,E9:E0:F5:D9:0D:AC,7,1760148128.470649
580,F7:8F:C1:10:E6:75,7,1760148128.475748
581,58:1D:3E:9A:9C:CF,7,1760148128.478327
582,58:1D:3E:9A:9C:CF,7,1760148128.478490
583,67:1B:76:98:F8:0A,7,1760148128.479471
584,67:1B:76:98:F8:0A,7,1760148128.479657
585,F0:9B:FA:B6:46:83,7,1760148128.484214
586,F0:9B:FA:B6:46:83,7,1760148128.484258
587,D7:80:75:4B:C7:23,7,1760148128.484866
588,D7:80:75:4B:C7:23,7,1760148128.484903
589,D7:80:75:4B:C7:23,7,1760148128.485045
590,D7:80:75:4B:C7:23,7,1760148128.485084
591,6F:BD:31:06:60:8F,7,1760148128.487789
592,52:5A:5E:12:10:1C,3,1760148128.504210
593,52:5A:5E:12:10:1C,3,1760148128.504289
594,49:25:F4:02:F1:57,3,1760148128.521137
595,49:25:F4:02:F1:57,3,1760148128.521308
596,67:1B:76:98:F8:0A,3,1760148128.534299
597,67:1B:76:98:F8:0A,4,1760148128.534460
598,49:25:F4:02:F1:57,2,1760148128.577236
599,49:25:F4:02:F1:57,2,1760148128.577320
600,49:25:F4:02:F1:57,2,1760148128.577476
601,49:25:F4:02:F1:57,2,1760148128.577515
602,FB:03:54:DD:28:BC,2,1760148128.580557
603,61:32:E8:60:D5:55,2,1760148128.586418
604,E8:E7:6B:AB:25:1B,2,1760148128.589986
605,FC:BE:F5:F1:0A:67,6,1760148128.618800
606,49:25:F4:02:F1:57,5,1760148128.630842
607,49:25:F4:02:F1:57,5,1760148128.630898
608,49:25:F4:02:F1:57,5,1760148128.631061
609,49:25:F4:02:F1:57,5,1760148128.631100
610,6F:BD:31:06:60:8F,6,1760148128.637585
611,58:1D:3E:9A:9C:CF,3,1760148128.655425
612,58:1D:3E:9A:9C:CF,3,1760148128.655606
613,67:1B:76:98:F8:0A,3,1760148128.656163
614,67:1B:76:98:F8:0A,3,1760148128.656320
615,52:5A:5E:12:10:1C,3,1760148128.669817
616,52:5A:5E:12:10:1C,3,1760148128.669869
617,52:5A:5E:12:10:1C,3,1760148128.670026
618,6F:BD:31:06:60:8F,3,1760148128.677408
619,EE:A8:E4:DF:CD:E9,3,1760148128.682580
620,49:25:F4:02:F1:57,3,1760148128.684999
621,49:25:F4:02:F1:57,3,1760148128.685042
622,49:25:F4:02:F1:57,3,1760148128.685194
623,49:25:F4:02:F1:57,3,1760148128.685232
624,61:32:E8:60:D5:55,3,1760148128.705676
625,58:1D:3E:9A:9C:CF,2,1760148128.710256
626,67:1B:76:98:F8:0A,2,1760148128.710790
627,CA:18:06:4A:A6:34,2,1760148128.716642
628,52:5A:5E:12:10:1C,4,1760148128.724274
629,49:25:F4:02:F1:57,4,1760148128.739467
630,49:25:F4:02:F1:57,4,1760148128.739519
631,49:25:F4:02:F1:57,2,1760148128.739675
632,49:25:F4:02:F1:57,2,1760148128.739715
633,52:5A:5E:12:10:1C,6,1760148128.778748
634,52:5A:5E:12:10:1C,6,1760148128.778823
635,52:5A:5E:12:10:1C,6,1760148128.778979
636,49:25:F4:02:F1:57,6,1760148128.792584
637,49:25:F4:02:F1:57,6,1760148128.792627
638,52:5A:5E:12:10:1C,3,1760148128.833278
639,52:5A:5E:12:10:1C,3,1760148128.833360
640,49:25:F4:02:F1:57,0,1760148128.857705
641,49:25:F4:02:F1:57,0,1760148128.857784
642,49:25:F4:02:F1:57,0,1760148128.857967
643,49:25:F4:02:F1:57,0,1760148128.858021
644,E8:DC:4C:47:ED:06,0,1760148128.872193
645,E8:DC:4C:47:ED:06,1,1760148128.872337
646,67:1B:76:98:F8:0A,0,1760148128.873716
647,E9:E0:F5:D9:0D:AC,0,1760148128.875800
648,F7:8F:C1:10:E6:75,0,1760148128.880294
649,F7:8F:C1:10:E6:75,1,1760148128.880441
650,52:5A:5E:12:10:1C,0,1760148128.887668
651,52:5A:5E:12:10:1C,0,1760148128.887712
652,F0:9B:FA:B6:46:83,0,1760148128.888722
653,F0:9B:FA:B6:46:83,0,1760148128.888760
654,F0:9B:FA:B6:46:83,1,1760148128.888901
655,F0:9B:FA:B6:46:83,1,1760148128.888944
656,D7:80:75:4B:C7:23,0,1760148128.889247
657,D7:80:75:4B:C7:23,0,1760148128.889283
658,D7:80:75:4B:C7:23,1,1760148128.889421
659,D7:80:75:4B:C7:23,1,1760148128.889455
660,E8:55:CC:56:2A:8F,0,1760148128.891479
661,E8:55:CC:56:2A:8F,1,1760148128.891620
662,E8:55:CC:56:2A:8F,1,1760148128.891661
663,6F:BD:31:06:60:8F,2,1760148128.909959
664,49:25:F4:02:F1:57,2,1760148128.912568
665,49:25:F4:02:F1:57,2,1760148128.912610
666,58:1D:3E:9A:9C:CF,2,1760148128.926158
667,58:1D:3E:9A:9C:CF,2,1760148128.926328
668,67:1B:76:98:F8:0A,2,1760148128.929265
669,6F:BD:31:06:60:8F,2,1760148128.940084
670,52:5A:5E:12:10:1C,2,1760148128.943344
671,52:5A:5E:12:10:1C,2,1760148128.943392
672,49:25:F4:02:F1:57,3,1760148128.967139
673,49:25:F4:02:F1:57,3,1760148128.967210
674,6F:BD:31:06:60:8F,3,1760148128.980250
675,58:1D:3E:9A:9C:CF,3,1760148128.980567
676,FB:03:54:DD:28:BC,3,1760148128.983768
677,67:1B:76:98:F8:0A,3,1760148128.984160
678,67:1B:76:98:F8:0A,3,1760148128.984316
679,E8:E7:6B:AB:25:1B,3,1760148128.992700
680,E8:E7:6B:AB:25:1B,3,1760148128.992877
681,52:5A:5E:12:10:1C,2,1760148129.008635
682,49:25:F4:02:F1:57,2,1760148129.020127
683,49:25:F4:02:F1:57,2,1760148129.020179
684,FC:BE:F5:F1:0A:67,2,1760148129.021318
685,67:1B:76:98:F8:0A,2,1760148129.037723
686,6F:BD:31:06:60:8F,2,1760148129.059759
687,52:5A:5E:12:10:1C,2,1760148129.063181
688,52:5A:5E:12:10:1C,2,1760148129.063327
689,49:25:F4:02:F1:57,2,1760148129.074783
690,49:25:F4:02:F1:57,2,1760148129.074867
691,49:25:F4:02:F1:57,2,1760148129.075058
692,49:25:F4:02:F1:57,2,1760148129.075095
693,EE:A8:E4:DF:CD:E9,2,1760148129.087613
694,6F:BD:31:06:60:8F,2,1760148129.090699
695,67:1B:76:98:F8:0A,2,1760148129.093222
696,67:1B:76:98:F8:0A,2,1760148129.093376
697,CA:18:06:4A:A6:34,3,1760148129.120231
698,CA:18:06:4A:A6:34,3,1760148129.120300
699,49:25:F4:02:F1:57,2,1760148129.128775
700,49:25:F4:02:F1:57,2,1760148129.128815
701,6F:BD:31:06:60:8F,0,1760148129.129441
702,58:1D:3E:9A:9C:CF,2,1760148129.144061
703,67:1B:76:98:F8:0A,2,1760148129.147264
704,6F:BD:31:06:60:8F,1,1760148129.169187
705,49:25:F4:02:F1:57,1,1760148129.183492
706,58:1D:3E:9A:9C:CF,3,1760148129.209096
707,58:1D:3E:9A:9C:CF,3,1760148129.209163
708,6F:BD:31:06:60:8F,3,1760148129.209905
709,67:1B:76:98:F8:0A,3,1760148129.212555
710,67:1B:76:98:F8:0A,3,1760148129.212598
711,67:1B:76:98:F8:0A,3,1760148129.212750
712,49:25:F4:02:F1:57,3,1760148129.237211
713,49:25:F4:02:F1:57,3,1760148129.237367
714,6F:BD:31:06:60:8F,3,1760148129.239403
715,58:1D:3E:9A:9C:CF,0,1760148129.262975
716,67:1B:76:98:F8:0A,0,1760148129.265616
717,67:1B:76:98:F8:0A,0,1760148129.265769
718,E8:DC:4C:47:ED:06,0,1760148129.273967
719,E9:E0:F5:D9:0D:AC,0,1760148129.277692
720,E9:E0:F5:D9:0D:AC,0,1760148129.277729
721,6F:BD:31:06:60:8F,0,1760148129.279724
722,F7:8F:C1:10:E6:75,0,1760148129.283072
723,49:25:F4:02:F1:57,0,1760148129.290414
724,D7:80:75:4B:C7:23,0,1760148129.290833
725,D7:80:75:4B:C7:23,0,1760148129.290908
726,E8:55:CC:56:2A:8F,0,1760148129.293536
727,E8:55:CC:56:2A:8F,0,1760148129.293572
728,E8:55:CC:56:2A:8F,0,1760148129.293710
729,E8:55:CC:56:2A:8F,0,1760148129.293741
730,58:1D:3E:9A:9C:CF,0,1760148129.317214
731,58:1D:3E:9A:9C:CF,0,1760148129.317321
732,6F:BD:31:06:60:8F,0,1760148129.320128
733,67:1B:76:98:F8:0A,0,1760148129.320610
734,67:1B:76:98:F8:0A,0,1760148129.320786
735,49:25:F4:02:F1:57,0,1760148129.346742
736,49:25:F4:02:F1:57,0,1760148129.346815
737,6F:BD:31:06:60:8F,0,1760148129.361703
738,67:1B:76:98:F8:0A,0,1760148129.375571
739,FB:03:54:DD:28:BC,2,1760148129.386849
740,E8:E7:6B:AB:25:1B,2,1760148129.396869
741,49:25:F4:02:F1:57,0,1760148129.413026
742,49:25:F4:02:F1:57,0,1760148129.413106
743,49:25:F4:02:F1:57,0,1760148129.467717
744,49:25:F4:02:F1:57,0,1760148129.467919
745,58:1D:3E:9A:9C:CF,0,1760148129.483785
746,EE:A8:E4:DF:CD:E9,4,1760148129.492588
747,49:25:F4:02:F1:57,2,1760148129.522245
748,49:25:F4:02:F1:57,2,1760148129.522320
749,49:25:F4:02:F1:57,0,1760148129.578205
750,49:25:F4:02:F1:57,0,1760148129.578288
751,6F:BD:31:06:60:8F,0,1760148129.581603
752,49:25:F4:02:F1:57,2,1760148129.631886
753,49:25:F4:02:F1:57,2,1760148129.631967
754,49:25:F4:02:F1:57,2,1760148129.632120
755,49:25:F4:02:F1:57,2,1760148129.632157
756,58:1D:3E:9A:9C:CF,2,1760148129.645882
757,E8:DC:4C:47:ED:06,2,1760148129.680159
758,E8:DC:4C:47:ED:06,2,1760148129.680348
759,E9:E0:F5:D9:0D:AC,2,1760148129.685198
760,E9:E0:F5:D9:0D:AC,2,1760148129.685237
761,49:25:F4:02:F1:57,2,1760148129.687301
762,49:25:F4:02:F1:57,2,1760148129.687341
763,F7:8F:C1:10:E6:75,2,1760148129.690491
764,F7:8F:C1:10:E6:75,2,1760148129.690537
765,F0:9B:FA:B6:46:83,2,1760148129.697554
766,D7:80:75:4B:C7:23,2,1760148129.697646
767,D7:80:75:4B:C7:23,2,1760148129.697680
768,E8:55:CC:56:2A:8F,2,1760148129.700740
769,58:1D:3E:9A:9C:CF,2,1760148129.701549
770,67:1B:76:98:F8:0A,2,1760148129.703421
771,67:1B:76:98:F8:0A,2,1760148129.703577
772,52:5A:5E:12:10:1C,0,1760148129.729551
773,49:25:F4:02:F1:57,3,1760148129.742579
774,49:25:F4:02:F1:57,3,1760148129.742631
775,58:1D:3E:9A:9C:CF,4,1760148129.767122
776,67:1B:76:98:F8:0A,4,1760148129.769457
777,67:1B:76:98:F8:0A,4,1760148129.769611
778,52:5A:5E:12:10:1C,4,1760148129.783511
779,FB:03:54:DD:28:BC,4,1760148129.791977
780,49:25:F4:02:F1:57,4,1760148129.797005
781,49:25:F4:02:F1:57,4,1760148129.797045
782,E8:E7:6B:AB:25:1B,4,1760148129.802622
783,58:1D:3E:9A:9C:CF,0,1760148129.821826
784,67:1B:76:98:F8:0A,5,1760148129.824645
785,FC:BE:F5:F1:0A:67,5,1760148129.831355
786,49:25:F4:02:F1:57,5,1760148129.852599
787,49:25:F4:02:F1:57,5,1760148129.852652
788,58:1D:3E:9A:9C:CF,1,1760148129.875834
789,58:1D:3E:9A:9C:CF,1,1760148129.876019
790,67:1B:76:98:F8:0A,1,1760148129.879111
791,EE:A8:E4:DF:CD:E9,1,1760148129.897306
792,EE:A8:E4:DF:CD:E9,1,1760148129.897484
793,49:25:F4:02:F1:57,3,1760148129.918291
794,49:25:F4:02:F1:57,4,1760148129.971546
795,49:25:F4:02:F1:57,4,1760148129.971743
796,58:1D:3E:9A:9C:CF,3,1760148129.983829
797,67:1B:76:98:F8:0A,4,1760148129.986542
798,52:5A:5E:12:10:1C,3,1760148129.999536
799,49:25:F4:02:F1:57,5,1760148130.025253
800,49:25:F4:02:F1:57,5,1760148130.025329
801,49:25:F4:02:F1:57,5,1760148130.025486
802,49:25:F4:02:F1:57,5,1760148130.025522
803,58:1D:3E:9A:9C:CF,5,1760148130.036677
804,52:5A:5E:12:10:1C,5,1760148130.052940
805,49:25:F4:02:F1:57,2,1760148130.080606
806,49:25:F4:02:F1:57,2,1760148130.080692
807,E8:DC:4C:47:ED:06,2,1760148130.083787
808,E9:E0:F5:D9:0D:AC,2,1760148130.089595
809,E9:E0:F5:D9:0D:AC,2,1760148130.089632
810,58:1D:3E:9A:9C:CF,2,1760148130.091972
811,F7:8F:C1:10:E6:75,2,1760148130.093982
812,F0:9B:FA:B6:46:83,2,1760148130.100770
813,D7:80:75:4B:C7:23,2,1760148130.101442
814,D7:80:75:4B:C7:23,2,1760148130.101578
815,E8:55:CC:56:2A:8F,2,1760148130.103988
816,E8:55:CC:56:2A:8F,2,1760148130.104033
817,E8:55:CC:56:2A:8F,2,1760148130.104170
818,49:25:F4:02:F1:57,2,1760148130.135582
819,58:1D:3E:9A:9C:CF,0,1760148130.146699
820,67:1B:76:98:F8:0A,2,1760148130.151291
821,52:5A:5E:12:10:1C,0,1760148130.176927
822,49:25:F4:02:F1:57,0,1760148130.191680
823,49:25:F4:02:F1:57,0,1760148130.191730
824,FB:03:54:DD:28:BC,0,1760148130.196631
825,E8:E7:6B:AB:25:1B,0,1760148130.207005
826,52:5A:5E:12:10:1C,0,1760148130.228507
827,FC:BE:F5:F1:0A:67,4,1760148130.235145
828,49:25:F4:02:F1:57,1,1760148130.246922
829,49:25:F4:02:F1:57,1,1760148130.246970
830,58:1D:3E:9A:9C:CF,1,1760148130.258037
831,58:1D:3E:9A:9C:CF,0,1760148130.258197
832,6F:BD:31:06:60:8F,0,1760148130.258651
833,67:1B:76:98:F8:0A,0,1760148130.272493
834,52:5A:5E:12:10:1C,3,1760148130.283386
835,49:25:F4:02:F1:57,3,1760148130.301970
836,49:25:F4:02:F1:57,3,1760148130.302013
837,EE:A8:E4:DF:CD:E9,3,1760148130.303140
838,58:1D:3E:9A:9C:CF,1,1760148130.324986
839,58:1D:3E:9A:9C:CF,0,1760148130.325192
840,67:1B:76:98:F8:0A,1,1760148130.326691
841,67:1B:76:98:F8:0A,0,1760148130.326849
842,CA:18:06:4A:A6:34,1,1760148130.338297
843,52:5A:5E:12:10:1C,1,1760148130.339171
844,6F:BD:31:06:60:8F,1,1760148130.340811
845,49:25:F4:02:F1:57,1,1760148130.356572
846,49:25:F4:02:F1:57,1,1760148130.356641
847,58:1D:3E:9A:9C:CF,3,1760148130.380575
848,6F:BD:31:06:60:8F,3,1760148130.381090
849,67:1B:76:98:F8:0A,3,1760148130.382271
850,67:1B:76:98:F8:0A,0,1760148130.382426
851,49:25:F4:02:F1:57,3,1760148130.410948
852,49:25:F4:02:F1:57,3,1760148130.411123
853,49:25:F4:02:F1:57,3,1760148130.411162
854,58:1D:3E:9A:9C:CF,0,1760148130.435921
855,58:1D:3E:9A:9C:CF,0,1760148130.436113
856,67:1B:76:98:F8:0A,0,1760148130.437218
857,67:1B:76:98:F8:0A,0,1760148130.437372
858,49:25:F4:02:F1:57,4,1760148130.477426
859,49:25:F4:02:F1:57,4,1760148130.477619
860,E8:DC:4C:47:ED:06,4,1760148130.492537
861,E9:E0:F5:D9:0D:AC,4,1760148130.498740
862,E9:E0:F5:D9:0D:AC,4,1760148130.498779
863,F7:8F:C1:10:E6:75,4,1760148130.502252
864,F7:8F:C1:10:E6:75,4,1760148130.502405
865,52:5A:5E:12:10:1C,4,1760148130.503090
866,52:5A:5E:12:10:1C,4,1760148130.503242
867,D7:80:75:4B:C7:23,4,1760148130.510082
868,D7:80:75:4B:C7:23,4,1760148130.510119
869,E8:55:CC:56:2A:8F,4,1760148130.512810
870,E8:55:CC:56:2A:8F,4,1760148130.512964
871,49:25:F4:02:F1:57,0,1760148130.532057
872,49:25:F4:02:F1:57,0,1760148130.532126
873,49:25:F4:02:F1:57,2,1760148130.589679
874,49:25:F4:02:F1:57,2,1760148130.589760
875,49:25:F4:02:F1:57,2,1760148130.589908
876,49:25:F4:02:F1:57,2,1760148130.589951
877,FB:03:54:DD:28:BC,3,1760148130.607245
878,FB:03:54:DD:28:BC,3,1760148130.607294
879,E8:E7:6B:AB:25:1B,3,1760148130.617768
880,E8:E7:6B:AB:25:1B,2,1760148130.617945
881,49:25:F4:02:F1:57,1,1760148130.644148
882,49:25:F4:02:F1:57,1,1760148130.698990
883,EE:A8:E4:DF:CD:E9,1,1760148130.712525
884,EE:A8:E4:DF:CD:E9,3,1760148130.712708
885,58:1D:3E:9A:9C:CF,1,1760148130.713008
886,67:1B:76:98:F8:0A,3,1760148130.713644
887,6F:BD:31:06:60:8F,1,1760148130.715475
888,49:25:F4:02:F1:57,1,1760148130.753851
889,49:25:F4:02:F1:57,1,1760148130.753934
890,5A:A9:D4:90:87:C1,1,1760148130.766262
891,67:1B:76:98:F8:0A,1,1760148130.768300
892,58:1D:3E:9A:9C:CF,1,1760148130.768877
893,49:25:F4:02:F1:57,3,1760148130.806809
894,49:25:F4:02:F1:57,3,1760148130.806999
895,67:1B:76:98:F8:0A,0,1760148130.833592
896,6F:BD:31:06:60:8F,0,1760148130.837177
897,49:25:F4:02:F1:57,0,1760148130.861258
898,49:25:F4:02:F1:57,0,1760148130.861311
899,67:1B:76:98:F8:0A,3,1760148130.886719
900,E8:DC:4C:47:ED:06,3,1760148130.900175
901,E8:DC:4C:47:ED:06,3,1760148130.900215
902,E8:DC:4C:47:ED:06,3,1760148130.900363
903,6F:BD:31:06:60:8F,3,1760148130.904870
904,E9:E0:F5:D9:0D:AC,3,1760148130.906690
905,E9:E0:F5:D9:0D:AC,3,1760148130.906729
906,F7:8F:C1:10:E6:75,3,1760148130.910194
907,F0:9B:FA:B6:46:83,3,1760148130.917044
908,F0:9B:FA:B6:46:83,3,1760148130.917102
909,E8:55:CC:56:2A:8F,3,1760148130.919286
910,E8:55:CC:56:2A:8F,3,1760148130.919327
911,67:1B:76:98:F8:0A,1,1760148130.940864
912,49:25:F4:02:F1:57,1,1760148130.970263
913,49:25:F4:02:F1:57,1,1760148130.970313
914,FB:03:54:DD:28:BC,1,1760148131.010518
915,FB:03:54:DD:28:BC,4,1760148131.010720
916,E8:E7:6B:AB:25:1B,1,1760148131.033015
917,49:25:F4:02:F1:57,1,1760148131.035022
918,49:25:F4:02:F1:57,1,1760148131.035070
919,49:25:F4:02:F1:57,2,1760148131.091117
920,52:5A:5E:12:10:1C,2,1760148131.115992
921,EE:A8:E4:DF:CD:E9,2,1760148131.117125
922,EE:A8:E4:DF:CD:E9,2,1760148131.117301
923,49:25:F4:02:F1:57,2,1760148131.146945
924,49:25:F4:02:F1:57,2,1760148131.147043
925,49:25:F4:02:F1:57,2,1760148131.204020
926,49:25:F4:02:F1:57,0,1760148131.259434
927,49:25:F4:02:F1:57,0,1760148131.259518
928,49:25:F4:02:F1:57,0,1760148131.259684
929,E8:DC:4C:47:ED:06,1,1760148131.309734
930,E8:DC:4C:47:ED:06,1,1760148131.309925
931,49:25:F4:02:F1:57,4,1760148131.313617
932,49:25:F4:02:F1:57,4,1760148131.313659
933,E9:E0:F5:D9:0D:AC,1,1760148131.315273
934,E9:E0:F5:D9:0D:AC,1,1760148131.315341
935,F7:8F:C1:10:E6:75,1,1760148131.319662
936,F7:8F:C1:10:E6:75,1,1760148131.319837
937,D7:80:75:4B:C7:23,1,1760148131.326556
938,D7:80:75:4B:C7:23,1,1760148131.326630
939,E8:55:CC:56:2A:8F,1,1760148131.328408
940,49:25:F4:02:F1:57,1,1760148131.368052
941,49:25:F4:02:F1:57,1,1760148131.368129
942,49:25:F4:02:F1:57,2,1760148131.368286
943,49:25:F4:02:F1:57,2,1760148131.368330
944,FB:03:54:DD:28:BC,3,1760148131.421144
945,49:25:F4:02:F1:57,3,1760148131.423391
946,49:25:F4:02:F1:57,3,1760148131.423433
947,E8:E7:6B:AB:25:1B,1,1760148131.444491
948,E8:E7:6B:AB:25:1B,1,1760148131.444704
949,52:5A:5E:12:10:1C,1,1760148131.460369
950,52:5A:5E:12:10:1C,1,1760148131.460527
951,49:25:F4:02:F1:57,1,1760148131.477779
952,EE:A8:E4:DF:CD:E9,4,1760148131.525965
953,EE:A8:E4:DF:CD:E9,4,1760148131.526046
954,49:25:F4:02:F1:57,1,1760148131.542728
955,49:25:F4:02:F1:57,1,1760148131.542802
956,49:25:F4:02:F1:57,1,1760148131.543025
957,49:25:F4:02:F1:57,1,1760148131.543070
958,49:25:F4:02:F1:57,1,1760148131.597909
959,49:25:F4:02:F1:57,1,1760148131.597992
960,52:5A:5E:12:10:1C,2,1760148131.621290
961,49:25:F4:02:F1:57,2,1760148131.651297
962,49:25:F4:02:F1:57,2,1760148131.651493
963,49:25:F4:02:F1:57,1,1760148131.706237
964,49:25:F4:02:F1:57,1,1760148131.706320
965,49:25:F4:02:F1:57,1,1760148131.706476
966,49:25:F4:02:F1:57,1,1760148131.706519
967,E8:DC:4C:47:ED:06,1,1760148131.714683
968,E9:E0:F5:D9:0D:AC,1,1760148131.719234
969,E9:E0:F5:D9:0D:AC,1,1760148131.719275
970,F7:8F:C1:10:E6:75,1,1760148131.724205
971,F0:9B:FA:B6:46:83,1,1760148131.730282
972,F0:9B:FA:B6:46:83,1,1760148131.730320
973,F0:9B:FA:B6:46:83,1,1760148131.730467
974,D7:80:75:4B:C7:23,1,1760148131.731618
975,D7:80:75:4B:C7:23,1,1760148131.731656
976,D7:80:75:4B:C7:23,1,1760148131.731798
977,D7:80:75:4B:C7:23,1,1760148131.731831
978,E8:55:CC:56:2A:8F,1,1760148131.732632
979,49:25:F4:02:F1:57,2,1760148131.761674
980,49:25:F4:02:F1:57,2,1760148131.761750
981,49:25:F4:02:F1:57,2,1760148131.761907
982,49:25:F4:02:F1:57,2,1760148131.761997
983,58:1D:3E:9A:9C:CF,0,1760148131.775814
984,44:E7:49:C8:0F:F0,0,1760148131.776240
985,49:25:F4:02:F1:57,0,1760148131.815165
986,FB:03:54:DD:28:BC,0,1760148131.825046
987,E8:E7:6B:AB:25:1B,0,1760148131.848168
988,E8:E7:6B:AB:25:1B,1,1760148131.848382
989,FC:BE:F5:F1:0A:67,1,1760148131.864045
990,49:25:F4:02:F1:57,1,1760148131.871041
991,49:25:F4:02:F1:57,5,1760148131.925694
992,EE:A8:E4:DF:CD:E9,5,1760148131.931054
993,52:5A:5E:12:10:1C,3,1760148131.959495
994,49:25:F4:02:F1:57,3,1760148131.979250
995,49:25:F4:02:F1:57,2,1760148132.032504
996,49:25:F4:02:F1:57,2,1760148132.032697
997,52:5A:5E:12:10:1C,2,1760148132.066561
998,52:5A:5E:12:10:1C,2,1760148132.066679
999,49:25:F4:02:F1:57,1,1760148132.099169
1000,E8:DC:4C:47:ED:06,0,1760148132.119160
1001,52:5A:5E:12:10:1C,1,1760148132.120474
1002,E9:E0:F5:D9:0D:AC,0,1760148132.123655
1003,E9:E0:F5:D9:0D:AC,0,1760148132.123693
1004,F7:8F:C1:10:E6:75,0,1760148132.128581
1005,F7:8F:C1:10:E6:75,2,1760148132.128730
1006,F0:9B:FA:B6:46:83,0,1760148132.134070
1007,F0:9B:FA:B6:46:83,0,1760148132.134109
1008,D7:80:75:4B:C7:23,0,1760148132.135643
1009,E8:55:CC:56:2A:8F,0,1760148132.135793
1010,49:25:F4:02:F1:57,0,1760148132.152701
1011,49:25:F4:02:F1:57,0,1760148132.152777
1012,49:25:F4:02:F1:57,2,1760148132.207554
1013,49:25:F4:02:F1:57,2,1760148132.207639
1014,49:25:F4:02:F1:57,3,1760148132.207808
1015,67:1B:76:98:F8:0A,2,1760148132.217308
1016,58:1D:3E:9A:9C:CF,2,1760148132.220813
1017,FB:03:54:DD:28:BC,2,1760148132.230357
1018,E8:E7:6B:AB:25:1B,0,1760148132.253273
1019,E8:E7:6B:AB:25:1B,0,1760148132.253354
1020,E8:E7:6B:AB:25:1B,0,1760148132.253528
1021,49:25:F4:02:F1:57,0,1760148132.261674
1022,6F:BD:31:06:60:8F,0,1760148132.269953
1023,67:1B:76:98:F8:0A,0,1760148132.272506
1024,67:1B:76:98:F8:0A,0,1760148132.272663
1025,58:1D:3E:9A:9C:CF,0,1760148132.274547
1026,58:1D:3E:9A:9C:CF,0,1760148132.274587
1027,58:1D:3E:9A:9C:CF,0,1760148132.274736
1028,58:1D:3E:9A:9C:CF,0,1760148132.274842
1029,49:25:F4:02:F1:57,2,1760148132.316750
1030,EE:A8:E4:DF:CD:E9,1,1760148132.336008
1031,49:25:F4:02:F1:57,4,1760148132.371813
1032,6F:BD:31:06:60:8F,4,1760148132.378386
1033,67:1B:76:98:F8:0A,4,1760148132.380189
1034,67:1B:76:98:F8:0A,3,1760148132.380344
1035,6F:BD:31:06:60:8F,1,1760148132.417825
1036,6F:BD:31:06:60:8F,1,1760148132.417912
1037,49:25:F4:02:F1:57,1,1760148132.426306
1038,49:25:F4:02:F1:57,1,1760148132.426372
1039,49:25:F4:02:F1:57,1,1760148132.426539
1040,49:25:F4:02:F1:57,1,1760148132.426580
1041,6F:BD:31:06:60:8F,0,1760148132.458547
1042,49:25:F4:02:F1:57,0,1760148132.480539
1043,49:25:F4:02:F1:57,0,1760148132.480589
1044,49:25:F4:02:F1:57,0,1760148132.480746
1045,49:25:F4:02:F1:57,0,1760148132.480783
1046,6F:BD:31:06:60:8F,8,1760148132.527995
1047,E9:E0:F5:D9:0D:AC,8,1760148132.529021
1048,E9:E0:F5:D9:0D:AC,8,1760148132.529066
1049,F7:8F:C1:10:E6:75,8,1760148132.533541
1050,F7:8F:C1:10:E6:75,8,1760148132.533695
1051,F7:8F:C1:10:E6:75,8,1760148132.533730
1052,49:25:F4:02:F1:57,8,1760148132.535789
1053,49:25:F4:02:F1:57,8,1760148132.535833
1054,49:25:F4:02:F1:57,8,1760148132.535998
1055,49:25:F4:02:F1:57,8,1760148132.536044
1056,F0:9B:FA:B6:46:83,8,1760148132.539883
1057,E8:55:CC:56:2A:8F,0,1760148132.553024
1058,E8:55:CC:56:2A:8F,0,1760148132.553206
1059,D7:80:75:4B:C7:23,0,1760148132.553880
1060,D7:80:75:4B:C7:23,0,1760148132.554058
1061,67:1B:76:98:F8:0A,0,1760148132.556283
1062,58:1D:3E:9A:9C:CF,0,1760148132.559285
1063,49:25:F4:02:F1:57,0,1760148132.591994
1064,49:25:F4:02:F1:57,0,1760148132.592074
1065,FB:03:54:DD:28:BC,1,1760148132.635739
1066,FB:03:54:DD:28:BC,1,1760148132.635826
1067,FB:03:54:DD:28:BC,1,1760148132.636000
1068,FB:03:54:DD:28:BC,1,1760148132.636037
1069,49:25:F4:02:F1:57,0,1760148132.656764
1070,49:25:F4:02:F1:57,0,1760148132.656840
1071,E8:E7:6B:AB:25:1B,4,1760148132.659990
1072,E8:E7:6B:AB:25:1B,4,1760148132.660042
1073,49:25:F4:02:F1:57,1,1760148132.711459
1074,49:25:F4:02:F1:57,1,1760148132.711543
1075,49:25:F4:02:F1:57,1,1760148132.711697
1076,49:25:F4:02:F1:57,1,1760148132.711734
1077,67:1B:76:98:F8:0A,1,1760148132.720477
1078,67:1B:76:98:F8:0A,0,1760148132.720637
1079,6F:BD:31:06:60:8F,1,1760148132.722980
1080,58:1D:3E:9A:9C:CF,1,1760148132.724437
1081,49:25:F4:02:F1:57,3,1760148132.765715
1082,49:25:F4:02:F1:57,3,1760148132.765797
1083,CA:18:06:4A:A6:34,3,1760148132.777015
1084,58:1D:3E:9A:9C:CF,3,1760148132.779407
1085,58:1D:3E:9A:9C:CF,3,1760148132.779565
1086,44:E7:49:C8:0F:F0,3,1760148132.785297
1087,49:25:F4:02:F1:57,1,1760148132.819829
1088,49:25:F4:02:F1:57,1,1760148132.820078
1089,67:1B:76:98:F8:0A,1,1760148132.828593
1090,6F:BD:31:06:60:8F,1,1760148132.833630
1091,58:1D:3E:9A:9C:CF,1,1760148132.834436
1092,49:25:F4:02:F1:57,5,1760148132.874305
1093,49:25:F4:02:F1:57,5,1760148132.874380
1094,6F:BD:31:06:60:8F,5,1760148132.874888
1095,67:1B:76:98:F8:0A,5,1760148132.882694
1096,58:1D:3E:9A:9C:CF,5,1760148132.888515
1097,49:25:F4:02:F1:57,3,1760148132.928732
1098,49:25:F4:02:F1:57,3,1760148132.928808
1099,E9:E0:F5:D9:0D:AC,3,1760148132.936228
1100,F7:8F:C1:10:E6:75,3,1760148132.939546
1101,F7:8F:C1:10:E6:75,3,1760148132.939695
1102,F0:9B:FA:B6:46:83,3,1760148132.946628
1103,F0:9B:FA:B6:46:83,3,1760148132.946781
1104,E8:55:CC:56:2A:8F,5,1760148132.958279
1105,E8:55:CC:56:2A:8F,5,1760148132.958450
1106,E8:55:CC:56:2A:8F,5,1760148132.958483
1107,D7:80:75:4B:C7:23,5,1760148132.960310
1108,D7:80:75:4B:C7:23,5,1760148132.960349
1109,D7:80:75:4B:C7:23,5,1760148132.960485
1110,D7:80:75:4B:C7:23,5,1760148132.960525
1111,49:25:F4:02:F1:57,5,1760148132.984188
1112,49:25:F4:02:F1:57,5,1760148132.984355
1113,61:32:E8:60:D5:55,5,1760148132.990837
1114,52:5A:5E:12:10:1C,1,1760148133.014946
1115,49:25:F4:02:F1:57,1,1760148133.037948
1116,49:25:F4:02:F1:57,1,1760148133.037999
1117,49:25:F4:02:F1:57,1,1760148133.038153
1118,49:25:F4:02:F1:57,1,1760148133.038193
1119,FB:03:54:DD:28:BC,2,1760148133.040247
1120,61:32:E8:60:D5:55,1,1760148133.045659
1121,67:1B:76:98:F8:0A,1,1760148133.045857
1122,67:1B:76:98:F8:0A,2,1760148133.046056
1123,E8:E7:6B:AB:25:1B,2,1760148133.065265
1124,E8:E7:6B:AB:25:1B,2,1760148133.065351
1125,E8:E7:6B:AB:25:1B,2,1760148133.065534
1126,E8:E7:6B:AB:25:1B,2,1760148133.065573
1127,52:5A:5E:12:10:1C,2,1760148133.069039
1128,52:5A:5E:12:10:1C,2,1760148133.069262
1129,52:5A:5E:12:10:1C,2,1760148133.069318
1130,FC:BE:F5:F1:0A:67,2,1760148133.080457
1131,49:25:F4:02:F1:57,2,1760148133.094034
1132,49:25:F4:02:F1:57,2,1760148133.094083
1133,49:25:F4:02:F1:57,2,1760148133.094239
1134,49:25:F4:02:F1:57,2,1760148133.094280
1135,49:25:F4:02:F1:57,2,1760148133.147515
1136,49:25:F4:02:F1:57,2,1760148133.147593
1137,49:25:F4:02:F1:57,2,1760148133.147751
1138,49:25:F4:02:F1:57,2,1760148133.147789
1139,EE:A8:E4:DF:CD:E9,2,1760148133.148059
1140,67:1B:76:98:F8:0A,2,1760148133.166613
1141,58:1D:3E:9A:9C:CF,2,1760148133.175463
1142,52:5A:5E:12:10:1C,2,1760148133.177862
1143,52:5A:5E:12:10:1C,2,1760148133.178031
1144,49:25:F4:02:F1:57,1,1760148133.214928
1145,49:25:F4:02:F1:57,1,1760148133.215133
1146,49:25:F4:02:F1:57,5,1760148133.269245
1147,49:25:F4:02:F1:57,5,1760148133.269334
1148,6F:BD:31:06:60:8F,5,1760148133.289158
1149,49:25:F4:02:F1:57,3,1760148133.324800
1150,49:25:F4:02:F1:57,3,1760148133.325043
1151,6F:BD:31:06:60:8F,3,1760148133.331340
1152,E8:DC:4C:47:ED:06,3,1760148133.338349
1153,E8:DC:4C:47:ED:06,3,1760148133.338530
1154,52:5A:5E:12:10:1C,3,1760148133.344717
1155,E9:E0:F5:D9:0D:AC,3,1760148133.345431
1156,E9:E0:F5:D9:0D:AC,3,1760148133.345472
1157,F7:8F:C1:10:E6:75,3,1760148133.348268
1158,E8:55:CC:56:2A:8F,1,1760148133.366274
1159,E8:55:CC:56:2A:8F,1,1760148133.366446
1160,F0:9B:FA:B6:46:83,1,1760148133.366594
1161,F0:9B:FA:B6:46:83,1,1760148133.366737
1162,D7:80:75:4B:C7:23,1,1760148133.368739
1163,D7:80:75:4B:C7:23,1,1760148133.368780
1164,D7:80:75:4B:C7:23,1,1760148133.368924
1165,D7:80:75:4B:C7:23,1,1760148133.368960
1166,6F:BD:31:06:60:8F,1,1760148133.372257
1167,49:25:F4:02:F1:57,1,1760148133.380082
1168,49:25:F4:02:F1:57,1,1760148133.380263
1169,49:25:F4:02:F1:57,1,1760148133.380309
1170,58:1D:3E:9A:9C:CF,1,1760148133.396878
1171,58:1D:3E:9A:9C:CF,1,1760148133.397048
1172,52:5A:5E:12:10:1C,1,1760148133.399993
1173,52:5A:5E:12:10:1C,1,1760148133.400148
1174,49:25:F4:02:F1:57,1,1760148133.434123
1175,49:25:F4:02:F1:57,1,1760148133.434197
1176,6F:BD:31:06:60:8F,1,1760148133.442389
1177,61:32:E8:60:D5:55,0,1760148133.442872
1178,FB:03:54:DD:28:BC,1,1760148133.450838
1179,58:1D:3E:9A:9C:CF,1,1760148133.452599
1180,58:1D:3E:9A:9C:CF,0,1760148133.452762
1181,E8:E7:6B:AB:25:1B,2,1760148133.475981
1182,E8:E7:6B:AB:25:1B,2,1760148133.476063
1183,6F:BD:31:06:60:8F,3,1760148133.483613
1184,49:25:F4:02:F1:57,2,1760148133.488935
1185,49:25:F4:02:F1:57,2,1760148133.488980
1186,49:25:F4:02:F1:57,2,1760148133.489137
1187,49:25:F4:02:F1:57,2,1760148133.489180
