label,src_file,dev_ids_per_window_mean,dev_ids_per_window_p90,segments_per_window_mean,segments_per_window_p90,long_segment_frac,heavy_segment_frac,active_cfo_frac,seg_n_packets_p50,seg_n_packets_p90,seg_duration_obs_p50,seg_duration_obs_p90,cfo_std_norm_p50,cfo_std_norm_p90,cfo_std_norm_p99,CFO_Hz_std_p50,CFO_Hz_std_p90,CFO_00_Hz_std_p50,CFO_00_Hz_std_p90,CFO_11_Hz_std_p50,CFO_11_Hz_std_p90,CFO_10_Hz_std_p50,CFO_10_Hz_std_p90,CFO_01_Hz_std_p50,CFO_01_Hz_std_p90
Benign,controlled/Benign/airport.csv,753.5,1165.1,753.5,1165.1,0.09356337093563372,0.017252820172528202,0.27471798274717985,1.0,4.0,0.0,264.7298000000012,0.0,29694.05883863522,44620.60445854028,9294.270715283146,15512.276922779118,10937.0355764573,19387.97379689969,9435.341180526277,17335.599709115937,11188.4776153874,19129.97924288221,12191.38380925991,21416.367432043684
Benign,controlled/Benign/background_only.csv,30.333333333333332,40.8,30.333333333333332,40.8,0.6373626373626373,0.4065934065934066,0.967032967032967,25.0,66.0,362.41900000000896,971.3830000000016,27802.860850378634,32119.95194225433,37072.02852366188,9848.127293854095,12661.724369008796,13587.418544258857,16515.322745507234,9846.417764112894,12553.40116657872,12554.344396612516,16879.02595792115,15048.715429749216,18310.70262646563
Benign,controlled/Benign/nycab.csv,100.5,168.1,100.5,168.1,0.12437810945273632,0.03980099502487562,0.30845771144278605,1.0,6.0,0.0,354.16999999999825,0.0,26984.73189293037,40329.330484565864,9573.710473104717,15116.324185903382,11621.603824989761,17291.586627770128,7785.245660863888,12129.99256718651,8166.120877420473,13654.685372897588,11553.02513911761,20070.16532380837
Benign,controlled/Benign/prud1_jan21_ivy.csv,327.3333333333333,430.8,327.3333333333333,430.8,0.035641547861507125,0.024439918533604887,0.23014256619144602,1.0,3.0,0.0,77.36349999999985,0.0,28697.166679457914,42136.43540201241,9818.252374388065,16653.456091137945,11921.559193094301,19160.624828295528,8928.8282515489,16391.778320376172,11189.609268557564,19091.51613792361,13489.47713666677,22336.55843695667
Benign,controlled/Benign/prud2_jan21_ivy.csv,446.0,544.8,446.0,544.8,0.07997010463378176,0.01868460388639761,0.26681614349775784,1.0,4.0,0.0,248.687800000007,0.0,27759.40282590874,42219.11732444862,9038.439467076161,15704.305444501437,10319.713400413146,18393.17667641792,8414.68243310465,15345.271170702628,9650.981108621772,17321.295363528985,13110.628390737034,20619.23429213306
Benign,controlled/Benign/tobos1.csv,238.0,238.0,238.0,238.0,0.10504201680672269,0.03361344537815126,0.29411764705882354,1.0,5.0,0.0,307.00060000000326,0.0,28379.028256508253,39316.3113633962,10331.786870105072,17405.28205555731,11520.98420101502,20238.45673773077,8113.5806905933205,12473.626031641084,9688.996573912207,15982.672329897541,11817.11051164975,20187.019182674274
Benign,controlled/Benign/tobos2.csv,193.4,273.0,193.4,273.0,0.13960703205791106,0.03412616339193381,0.2957600827300931,1.0,5.0,0.0,405.30940000000265,0.0,27538.766132375702,39722.91472048782,9595.701858592529,14643.103108763979,11755.80314236165,20895.35893745307,8652.366184170078,14439.474025219894,9548.76969929047,15134.225632125279,12632.947861935168,20239.28634751345
Benign,controlled/Benign/tony.csv,353.6666666666667,512.4,353.6666666666667,512.4,0.08388312912346843,0.02827521206409048,0.23751178133836004,1.0,3.0,0.0,233.90600000000268,0.0,27459.176733128905,40382.12597142444,9669.624510990921,15774.353905783306,11781.534230174479,18073.117011095692,9116.917754934297,14887.677986034036,11221.624645722904,18095.964768706704,12524.710272120501,20083.566807507905
Car_Adv,controlled/Car_Adv/scenarios_SDR_Adv__adv1_apple0_google0_samsung0_tile0__20260125_085150/scenario_tx-10s_rot-10s.csv,12.0,15.0,12.666666666666666,16.0,0.8157894736842105,0.2894736842105263,0.8947368421052632,9.0,82.60000000000001,552.8746873140335,1608.9934333324431,33783.22588586247,58903.41539606425,73493.96392583042,10207.15211088174,15155.97671662835,18832.311340337794,28222.106377794575,18611.92005592435,30777.35597167268,17074.02751654164,32149.712857853156,15861.814630909033,27479.03732187988
Car_Adv,controlled/Car_Adv/scenarios_SDR_Adv__adv1_apple0_google0_samsung0_tile0__20260125_085150/scenario_tx-10s_rot-15min.csv,7.666666666666667,11.8,7.666666666666667,11.8,0.30434782608695654,0.6086956521739131,0.9130434782608695,64.0,85.80000000000001,219.77218437194824,736.7962359428407,17107.334751527673,52017.40275768906,54083.25312457224,3019.955585292259,12585.244291169773,8570.803474600687,24697.457278829534,10951.889440811541,27997.549097747677,5589.235785547986,26072.04430939953,6861.845797717601,19542.750055295197
Car_Adv,controlled/Car_Adv/scenarios_SDR_Adv__adv1_apple0_google0_samsung0_tile0__20260125_085150/scenario_tx-10s_rot-1min.csv,10.0,14.6,10.666666666666666,15.6,0.65625,0.34375,0.96875,10.0,83.80000000000001,606.004557132721,1127.257588887215,44171.52910895452,60485.48362997657,70183.2334613228,9031.15845481163,15776.172508494587,17828.905899363534,26022.035273240494,18693.859712698424,31976.26080287249,15552.681519264932,32578.67329836833,19364.9249021804,27546.99871254907
Car_Adv,controlled/Car_Adv/scenarios_SDR_Adv__adv1_apple0_google0_samsung0_tile0__20260125_085150/scenario_tx-10s_rot-2s.csv,12.333333333333334,15.0,13.0,16.0,0.7948717948717948,0.28205128205128205,0.8461538461538461,9.0,82.4,517.7974693775177,1608.858450317383,31692.477161080817,53880.2617869154,63686.326727376465,10410.922991082798,14889.648129975445,15046.407602391268,28083.948434774826,18285.35353180434,30058.17393511831,15287.558525406941,28156.80084909863,15447.832016893011,28757.149882986516
Car_Adv,controlled/Car_Adv/scenarios_SDR_Adv__adv1_apple0_google0_samsung0_tile0__20260125_085150/scenario_tx-10s_rot-30s.csv,11.333333333333334,15.0,12.0,16.0,0.75,0.3055555555555556,0.9722222222222222,10.0,83.0,515.5025207996368,1372.7010583877563,43681.148250053746,56125.980762313804,63999.15211412151,9813.608733751655,15801.601192089907,19880.374494921554,27178.731244122897,21796.279766159325,32026.649437208216,21221.70426446506,29732.317255102207,17600.632754668273,27353.62629294223
Car_Adv,controlled/Car_Adv/scenarios_SDR_Adv__adv1_apple0_google0_samsung0_tile0__20260125_085150/scenario_tx-10s_rot-5min.csv,8.333333333333334,11.6,8.666666666666666,12.4,0.23076923076923078,0.4230769230769231,0.9230769230769231,23.5,94.0,217.6977071762085,606.210801243782,19052.723554929493,53393.46278071138,55537.97816995763,4320.870855872627,13768.933019410315,10373.753200532825,24124.178841643694,14741.696577027793,27434.50681880187,11159.312439054496,29005.331904165156,10119.752785903966,26013.54007860759
Car_Adv,controlled/Car_Adv/scenarios_SDR_Adv__adv1_apple0_google0_samsung0_tile0__20260125_085150/scenario_tx-15s_rot-10s.csv,12.0,15.0,12.666666666666666,16.0,0.7631578947368421,0.2894736842105263,0.868421052631579,7.0,82.30000000000001,534.0968290567398,1607.5146135807038,30953.64116456788,61334.22360251085,72623.14011589247,7236.83073079897,14438.629929507122,15193.156328502795,29446.7642784443,18877.359003223803,34317.68701500938,15646.701581434761,27873.783772457118,18934.97036787399,31965.23112758427
Car_Adv,controlled/Car_Adv/scenarios_SDR_Adv__adv1_apple0_google0_samsung0_tile0__20260125_085150/scenario_tx-15s_rot-15min.csv,7.666666666666667,11.8,7.666666666666667,11.8,0.30434782608695654,0.6086956521739131,0.8695652173913043,49.0,85.80000000000001,219.77218437194824,785.7563630104066,16929.23115624828,44629.8450317476,51851.00252345277,2801.626479925031,9925.257124641063,7963.58466596759,23533.061173602156,9812.197726670242,23132.442744462816,6298.647873645478,19461.666245905282,6950.035021566879,22583.060430764235
Car_Adv,controlled/Car_Adv/scenarios_SDR_Adv__adv1_apple0_google0_samsung0_tile0__20260125_085150/scenario_tx-15s_rot-1min.csv,11.0,15.0,11.333333333333334,15.8,0.6176470588235294,0.3235294117647059,0.9705882352941176,8.0,84.4,570.8670144081116,955.3146998167038,35831.52956197071,58511.43583909635,65165.64483630227,6947.7742741779675,16064.024490773047,15808.425523540785,27743.73347548329,16009.505099646725,32206.05732051246,16018.154936008683,28442.6573840917,15925.511948727284,28884.760066180905
Car_Adv,controlled/Car_Adv/scenarios_SDR_Adv__adv1_apple0_google0_samsung0_tile0__20260125_085150/scenario_tx-15s_rot-2s.csv,11.666666666666666,15.0,12.333333333333334,16.0,0.7837837837837838,0.2972972972972973,0.8918918918918919,7.0,81.8,535.215039730072,1606.5898733139038,29622.702518844126,61377.05185959323,68703.70046661662,6554.907772689038,13521.383588496949,13509.05728298313,28835.057491077776,20493.467863256705,32188.701128789984,14655.422065435567,30872.10547049011,14563.452040878994,30387.900229417068
Car_Adv,controlled/Car_Adv/scenarios_SDR_Adv__adv1_apple0_google0_samsung0_tile0__20260125_085150/scenario_tx-15s_rot-30s.csv,11.333333333333334,15.0,12.0,16.0,0.7222222222222222,0.3055555555555556,0.9444444444444444,8.0,82.5,542.1302362680435,1373.4696114063263,30573.295309025285,55479.49753173138,68135.24860151665,6130.894037202538,13851.18102373829,12408.520735978931,25790.97862255757,13750.79665744962,30899.290599174925,15225.362905722763,26392.667752608522,16145.410891451691,28712.532127080573
Car_Adv,controlled/Car_Adv/scenarios_SDR_Adv__adv1_apple0_google0_samsung0_tile0__20260125_085150/scenario_tx-15s_rot-5min.csv,8.0,11.4,8.333333333333334,11.6,0.24,0.44,0.92,23.0,86.6,220.19681930541992,587.3815147399903,18960.256804079778,53000.97135491643,54904.0525832921,4289.519315725093,13484.6088844944,10471.531474755748,24888.836200742582,13089.908726297483,27119.950987118733,9035.6998180041,24136.13123680931,10221.478545644597,27467.35507516633
Car_Adv,controlled/Car_Adv/scenarios_SDR_Adv__adv1_apple0_google0_samsung0_tile0__20260125_085150/scenario_tx-1min_rot-10s.csv,10.666666666666666,14.8,11.333333333333334,15.8,0.5294117647058824,0.3235294117647059,0.8529411764705882,2.5,81.4,407.85685420036316,945.1352352142334,21576.93611872135,61072.02319667761,89240.01252754855,5125.690436245868,13887.734546454965,10471.531474755748,22103.250648249727,13089.908726297483,38665.32497046875,8234.675811239098,32613.20599966935,7552.795381255217,36901.83827499746
Car_Adv,controlled/Car_Adv/scenarios_SDR_Adv__adv1_apple0_google0_samsung0_tile0__20260125_085150/scenario_tx-1min_rot-15min.csv,7.333333333333333,11.6,7.333333333333333,11.6,0.3181818181818182,0.5,0.9090909090909091,41.5,86.4,219.89949452877045,712.1186034679415,17619.216182579006,40566.82088598223,65347.85174226175,2801.626479925031,8966.857781445118,7173.161979439001,18608.67094257782,11979.431507923673,19455.615693008676,6298.647873645478,25910.657610294365,6614.415950786258,13795.965533801376
Car_Adv,controlled/Car_Adv/scenarios_SDR_Adv__adv1_apple0_google0_samsung0_tile0__20260125_085150/scenario_tx-1min_rot-1min.csv,10.666666666666666,14.6,11.0,15.4,0.5757575757575758,0.3333333333333333,0.8181818181818182,3.0,81.6,531.3614974021912,945.3594372272491,20549.14433931377,53209.04540884203,72876.6893283625,4622.836095376155,16120.066681969556,9666.521573369868,19990.32993995691,13006.973575035805,35388.527365569644,8234.675811239098,26715.090376875305,8795.106322646474,27392.19644127811
Car_Adv,controlled/Car_Adv/scenarios_SDR_Adv__adv1_apple0_google0_samsung0_tile0__20260125_085150/scenario_tx-1min_rot-2s.csv,11.0,14.8,11.333333333333334,15.6,0.5882352941176471,0.3235294117647059,0.7941176470588235,3.0,80.4,504.22541093826294,944.8803776502609,19389.93390843828,57577.129593968435,69232.23951439155,4414.2718604803285,14924.680158651798,10275.974926309904,21218.64550098229,13006.973575035805,34798.73930516039,9686.183677007963,35178.78102365066,7356.591023892726,27673.33286206688
Car_Adv,controlled/Car_Adv/scenarios_SDR_Adv__adv1_apple0_google0_samsung0_tile0__20260125_085150/scenario_tx-1min_rot-30s.csv,11.0,15.0,11.333333333333334,15.8,0.5882352941176471,0.3235294117647059,0.8235294117647058,3.0,80.7,503.6102396249771,944.8803776502609,19274.172429960472,58742.56679202467,73174.52517202731,4194.759043015671,12398.064858022697,11656.326213986034,23805.443209452053,13048.441150666644,36058.1716982197,9753.024159328956,30008.029479711757,7454.693202573972,30337.924283094293
Car_Adv,controlled/Car_Adv/scenarios_SDR_Adv__adv1_apple0_google0_samsung0_tile0__20260125_085150/scenario_tx-1min_rot-5min.csv,8.666666666666666,13.0,9.333333333333334,14.0,0.14285714285714285,0.39285714285714285,0.8214285714285714,8.5,82.80000000000001,217.5703970193863,557.9265882015229,17319.924940174766,48491.337435035806,67213.79571211032,3402.2819504937847,10348.970138321942,8674.205565695962,23909.324726695464,13089.908726297483,22751.657157272206,7330.400393611362,31617.443403309084,7356.591023892726,19871.18766086337
Car_Adv,controlled/Car_Adv/scenarios_SDR_Adv__adv1_apple0_google0_samsung0_tile0__20260125_085150/scenario_tx-2s_rot-10s.csv,13.0,15.0,13.666666666666666,16.0,0.7560975609756098,0.2926829268292683,0.9512195121951219,26.0,88.0,539.8298637866974,1657.6273956298828,45880.68476504258,53531.79757134549,69505.30165371762,10267.146045862755,15945.716368339967,18706.90218604156,26206.290833408202,22477.251392884584,31811.205341110923,20836.19109164371,28575.353643356462,20762.98619489085,26888.77926814066
Car_Adv,controlled/Car_Adv/scenarios_SDR_Adv__adv1_apple0_google0_samsung0_tile0__20260125_085150/scenario_tx-2s_rot-15min.csv,6.666666666666667,10.8,6.666666666666667,10.8,0.3,0.65,0.9,76.5,215.3,219.89949452877045,634.2532811403278,18184.454561652405,46048.58295660495,52346.9301323695,2992.789662525794,11388.038266609183,8794.806660726012,21796.64568766666,13048.441150666644,25466.106625959976,7169.2301776771665,21239.223260314342,7109.218410805164,21455.278897559885
Car_Adv,controlled/Car_Adv/scenarios_SDR_Adv__adv1_apple0_google0_samsung0_tile0__20260125_085150/scenario_tx-2s_rot-1min.csv,10.666666666666666,14.8,11.333333333333334,15.8,0.6176470588235294,0.35294117647058826,0.9705882352941176,27.5,91.4,572.8412984609604,1134.4783001184462,45670.18192917966,56011.698252860246,59559.257751224344,10486.89915822371,13528.8886343957,21680.406290581923,25445.734862849782,23703.400718480265,30780.850575190503,20901.80561646863,27910.150537398607,19613.441564738238,27498.45229819381
Car_Adv,controlled/Car_Adv/scenarios_SDR_Adv__adv1_apple0_google0_samsung0_tile0__20260125_085150/scenario_tx-2s_rot-2s.csv,15.0,15.0,15.666666666666666,16.0,0.6595744680851063,0.2553191489361702,0.723404255319149,27.0,87.19999999999999,564.6533041000366,1742.3335999011992,34510.92824526912,53677.412109204015,78131.16930647161,11058.79978508862,15232.48584492724,17896.01249120074,26091.120299237053,22703.06249241424,30403.626820143567,19875.910817197524,26969.49741016818,20745.35496111923,28414.55531484945
Car_Adv,controlled/Car_Adv/scenarios_SDR_Adv__adv1_apple0_google0_samsung0_tile0__20260125_085150/scenario_tx-2s_rot-30s.csv,11.666666666666666,15.0,12.333333333333334,16.0,0.6756756756756757,0.32432432432432434,0.9459459459459459,28.0,92.19999999999999,539.8298637866974,1377.877041864395,47356.139870516665,52796.091604906345,69138.0655959054,10641.467580974253,14541.15928382912,21028.639331424252,25025.176612746032,24075.39967870996,31243.864592629507,20809.551848819505,27418.27963466894,21805.034820194094,27967.83927215142
Car_Adv,controlled/Car_Adv/scenarios_SDR_Adv__adv1_apple0_google0_samsung0_tile0__20260125_085150/scenario_tx-2s_rot-5min.csv,8.0,12.2,8.333333333333334,13.0,0.16,0.76,0.92,69.0,88.80000000000001,220.19681930541992,547.9747534751892,19138.266241411744,51842.7139008073,53265.87250223036,4289.519315725093,12517.855814988223,13273.454142474317,23467.160616640584,16009.505099646725,28735.568866713398,13987.332421274072,24717.17240934926,12151.359637012116,25906.269813363393
Car_Adv,controlled/Car_Adv/scenarios_SDR_Adv__adv1_apple0_google0_samsung0_tile0__20260125_085150/scenario_tx-30s_rot-10s.csv,11.333333333333334,15.0,12.0,16.0,0.7222222222222222,0.3055555555555556,0.8611111111111112,4.0,81.5,482.81624495983124,1421.2337248325348,23204.35867619061,61005.98922553744,67522.94409346694,7516.161388793985,17450.784966807365,11179.639604786884,31017.168849074515,14705.744855177903,37577.28894009487,13175.24270142112,29807.24585141211,11285.874708711808,32540.449665377062
Car_Adv,controlled/Car_Adv/scenarios_SDR_Adv__adv1_apple0_google0_samsung0_tile0__20260125_085150/scenario_tx-30s_rot-15min.csv,7.666666666666667,11.8,7.666666666666667,11.8,0.30434782608695654,0.4782608695652174,0.9130434782608695,29.0,85.80000000000001,219.77218437194824,736.7962359428407,17107.334751527673,52618.96643884473,63348.134950886895,3019.955585292259,14382.991171303205,8570.803474600687,25547.585618488432,10951.889440811541,25721.64609605156,5589.235785547986,28340.76060865008,6861.845797717601,24000.63926594849
Car_Adv,controlled/Car_Adv/scenarios_SDR_Adv__adv1_apple0_google0_samsung0_tile0__20260125_085150/scenario_tx-30s_rot-1min.csv,11.333333333333334,15.0,11.666666666666666,15.8,0.6285714285714286,0.3142857142857143,0.9142857142857143,5.0,81.6,535.215039730072,959.5640605449677,26322.55353552181,63385.74166798177,69407.0876332083,5465.462155408977,17488.927584518497,10373.753200532825,32463.071141761993,13281.898390353172,35545.56672894891,11585.985029431378,36420.727555318525,13853.838175354775,31654.35832889156
Car_Adv,controlled/Car_Adv/scenarios_SDR_Adv__adv1_apple0_google0_samsung0_tile0__20260125_085150/scenario_tx-30s_rot-2s.csv,11.333333333333334,15.0,12.0,16.0,0.6944444444444444,0.3055555555555556,0.8611111111111112,4.5,81.0,516.6756541728973,1422.009599685669,24272.955416226403,57578.435949187566,64589.252887607494,6288.990041808056,16332.851824719899,13214.552125414248,28029.44330248173,14638.13679898693,37577.28894009487,12344.09327723223,27717.08922952973,11517.424262967977,32540.449665377062
Car_Adv,controlled/Car_Adv/scenarios_SDR_Adv__adv1_apple0_google0_samsung0_tile0__20260125_085150/scenario_tx-30s_rot-30s.csv,11.333333333333334,15.0,12.0,16.0,0.6666666666666666,0.3055555555555556,0.8888888888888888,4.0,81.0,542.4036720991135,1421.8389240503311,30018.972469573273,64170.91350014416,71273.06470106887,5042.12114831337,17934.226702856915,13360.477421671701,28440.724943792837,17655.319351899016,36154.461846602695,13901.970730614055,35675.286604726316,10810.83449350106,33671.23891143038
Car_Adv,controlled/Car_Adv/scenarios_SDR_Adv__adv1_apple0_google0_samsung0_tile0__20260125_085150/scenario_tx-30s_rot-5min.csv,8.666666666666666,12.4,8.666666666666666,12.4,0.19230769230769232,0.4230769230769231,0.8846153846153846,17.0,84.0,219.89949452877045,573.0676205158234,18963.718836263506,57876.58135383799,59938.51813188364,3915.223800612379,14185.150836411467,10471.531474755748,24815.252190951138,13240.267678802069,33836.98830169364,10262.572519971778,32519.77181734614,8876.91415426114,29405.103756815253
