src_file,cluster,dev_type,segments,duration_cov,duration_span,persistence_s,unique_macs,turnover,singleton_mac_frac,mac_rate_per_min,core_mac_density_scaled,adv_mac_pct,gt_frac,dur_ok,unique_ok,churn_ok,rate_ok,dens_ok,decision_ok,churn_reason,k_chosen,homogeneous,homo_mac_share,homo_key_share,win_entropy_norm,uniform_ok,homo_block
controlled/SDR_Adv/airport.csv,0,TAG_APPLE,19,3600.0,2567.6009999999956,2567.6009999999956,19,1.0,1.0,0.31666666666666665,0.5359954112395724,0.0,0.0,True,True,False,False,False,False,,2,False,0.05263157894736842,0.05263157894736842,0.6292492238531492,False,False
controlled/SDR_Adv/airport.csv,1,TAG_APPLE,15,3600.0,2449.525999999998,2449.525999999998,14,0.9285714285714286,0.9285714285714286,0.23333333333333334,0.6748096701489005,0.0,0.0,True,False,False,False,False,False,,2,False,0.13333333333333333,0.13333333333333333,0.56650950655002,False,False
controlled/SDR_Adv/airport.csv,3,TAG_GOOGLE,57,3600.0,2464.3150000000023,2464.3150000000023,57,1.0,1.0,0.95,0.9522309079820387,0.0,0.0,True,True,False,False,False,False,,2,False,0.017543859649122806,0.017543859649122806,0.9621461334058149,True,False
controlled/SDR_Adv/airport.csv,2,TAG_GOOGLE,67,3600.0,2706.547000000006,2706.547000000006,65,0.9692307692307692,0.9692307692307692,1.0833333333333333,0.9048198411805118,0.0,0.0,True,True,False,False,False,False,,2,False,0.029850746268656716,0.029850746268656716,0.817138775678887,False,False
controlled/SDR_Adv/nycab.csv,2,TAG_GOOGLE,2,3600.0,999.4490000000003,999.4490000000003,2,1.0,1.0,0.03333333333333333,0.1302169858969712,0.0,0.0,False,False,False,False,False,False,,2,False,0.5,0.5,0.9999999999971146,True,False
controlled/SDR_Adv/nycab.csv,3,TAG_GOOGLE,6,3600.0,1874.6829999999975,1874.6829999999975,5,0.8,0.8,0.08333333333333333,0.2990758134465475,0.0,0.0,True,False,False,False,False,False,,2,False,0.3333333333333333,0.3333333333333333,0.6500224216454689,False,False
controlled/SDR_Adv/prud1_jan21_ivy.csv,1,TAG_APPLE,37,5400.0,4192.970000000008,4192.970000000008,37,1.0,1.0,0.4111111111111111,0.904734219850808,0.0,0.0,True,True,False,False,False,False,,2,False,0.02702702702702703,0.02702702702702703,0.9112748162090382,True,False
controlled/SDR_Adv/prud1_jan21_ivy.csv,0,TAG_APPLE,37,5400.0,3799.271,3799.271,37,1.0,1.0,0.4111111111111111,0.831449947295706,0.0,0.0,True,True,False,False,False,False,,2,False,0.02702702702702703,0.02702702702702703,0.9487371991591439,True,False
controlled/SDR_Adv/prud1_jan21_ivy.csv,3,TAG_GOOGLE,7,5400.0,2843.4140000000043,2843.4140000000043,7,1.0,1.0,0.07777777777777778,0.32916807547574667,0.0,0.0,True,False,False,False,False,False,,2,False,0.14285714285714285,0.14285714285714285,0.9141008920158344,True,False
controlled/SDR_Adv/prud1_jan21_ivy.csv,2,TAG_GOOGLE,15,5400.0,4227.059999999999,4227.059999999999,13,0.8869047619047619,0.8461538461538461,0.14444444444444443,0.8466666397558407,0.0,0.0,True,False,False,False,False,False,,2,False,0.13333333333333333,0.13333333333333333,0.9018972358684221,True,False
controlled/SDR_Adv/prud1_jan21_ivy.csv,4,TAG_TILE,7,3600.0,3330.273999999998,3330.273999999998,7,1.0,1.0,0.11666666666666667,0.43788788753237495,0.0,0.0,True,False,False,False,False,False,,2,False,0.14285714285714285,0.14285714285714285,0.9852281360313663,True,False
controlled/SDR_Adv/prud1_jan21_ivy.csv,5,TAG_TILE,2,3600.0,3125.294000000009,3125.294000000009,2,1.0,1.0,0.03333333333333333,0.3386499942245665,0.0,0.0,True,False,False,False,False,False,,2,False,0.5,0.5,0.9999999999971146,True,False
controlled/SDR_Adv/prud2_jan21_ivy.csv,0,TAG_APPLE,31,5400.0,4098.747999999992,4098.747999999992,29,0.9166666666666667,0.9310344827586207,0.32222222222222224,0.7736194515999104,0.0,0.0,True,True,False,False,False,False,,2,False,0.06451612903225806,0.06451612903225806,0.9115967868664282,True,False
controlled/SDR_Adv/prud2_jan21_ivy.csv,1,TAG_APPLE,22,5400.0,4125.119000000006,4125.119000000006,17,0.7797202797202798,0.7058823529411765,0.18888888888888888,0.6094745612902869,0.0,0.0,True,True,False,False,False,False,,2,False,0.09090909090909091,0.09090909090909091,0.998145975214006,True,False
controlled/SDR_Adv/prud2_jan21_ivy.csv,3,TAG_GOOGLE,6,5400.0,3612.363000000012,3612.363000000012,6,1.0,1.0,0.06666666666666667,0.2866315134584648,0.0,0.0,True,False,False,False,False,False,,2,False,0.16666666666666666,0.16666666666666666,0.9206198357115741,True,False
controlled/SDR_Adv/prud2_jan21_ivy.csv,2,TAG_GOOGLE,22,5400.0,4213.138000000006,4213.138000000006,21,0.9583333333333333,0.9523809523809523,0.23333333333333334,0.41678967114558296,0.0,0.0,True,True,False,False,False,False,,2,False,0.09090909090909091,0.09090909090909091,0.9741707426990187,True,False
controlled/SDR_Adv/prud2_jan21_ivy.csv,4,TAG_TILE,5,5400.0,3762.3729999999923,3762.3729999999923,4,0.8333333333333334,0.75,0.044444444444444446,0.23553076604553524,0.0,0.0,True,False,False,False,False,False,,2,False,0.4,0.4,0.8649735207151964,True,False
controlled/SDR_Adv/scenarios_SDR_Adv__adv0_apple0_google0_samsung0_tile0__20260125_050505/background_only.csv,2,TAG_APPLE,2,1800.0,203.38456869125366,203.38456869125366,2,,1.0,0.06666666666666667,0.17411487676249304,0.0,0.0,False,False,False,False,False,False,,4,False,0.5,0.5,1.0,True,False
controlled/SDR_Adv/scenarios_SDR_Adv__adv0_apple0_google0_samsung0_tile0__20260125_050505/background_only.csv,0,TAG_APPLE,9,5400.0,2475.176966905594,2475.176966905594,8,0.5,0.875,0.08888888888888889,0.37362943083467026,0.0,0.0,True,False,False,False,False,False,,4,False,0.2222222222222222,0.2222222222222222,0.6223659728717186,False,False
controlled/SDR_Adv/scenarios_SDR_Adv__adv1_apple0_google0_samsung0_tile0__20260125_085817/scenario_tx-10s_rot-10s.csv,2,TAG_APPLE,4,1800.0,40.21819305419922,40.21819305419922,4,,1.0,0.13333333333333333,0.25962333128809273,1.0,1.0,False,False,False,False,False,False,,4,False,0.25,0.25,1.0,True,False
controlled/SDR_Adv/scenarios_SDR_Adv__adv1_apple0_google0_samsung0_tile0__20260125_085817/scenario_tx-10s_rot-10s.csv,1,TAG_APPLE,21,5400.0,2447.9307878017426,2447.9307878017426,15,0.7976190476190477,0.6666666666666666,0.16666666666666666,0.8584673221406729,0.8690476190476191,1.0,True,True,False,False,False,False,,4,False,0.14285714285714285,0.09523809523809523,0.7038148177449267,False,False
controlled/SDR_Adv/scenarios_SDR_Adv__adv1_apple0_google0_samsung0_tile0__20260125_085817/scenario_tx-10s_rot-10s.csv,0,TAG_APPLE,10,5400.0,2475.176966905594,2475.176966905594,9,0.5,0.8888888888888888,0.1,0.4196250954841941,0.046008119079837616,1.0,True,False,False,False,False,False,,4,False,0.2,0.2,0.581671865715156,False,False
controlled/SDR_Adv/scenarios_SDR_Adv__adv1_apple0_google0_samsung0_tile0__20260125_085817/scenario_tx-10s_rot-15min.csv,3,TAG_APPLE,3,3600.0,2409.9284665584564,2409.9284665584564,3,1.0,1.0,0.05,0.9800464554287192,1.0,1.0,True,False,False,False,False,False,,8,False,0.3333333333333333,0.3333333333333333,0.9182958340516042,True,False
controlled/SDR_Adv/scenarios_SDR_Adv__adv1_apple0_google0_samsung0_tile0__20260125_085817/scenario_tx-10s_rot-15min.csv,4,TAG_APPLE,2,3600.0,1862.5616118907928,1862.5616118907928,2,1.0,1.0,0.03333333333333333,0.3039049815313196,0.9090909090909091,1.0,True,False,False,False,False,False,,8,False,0.5,0.5,0.9999999999971146,True,False
controlled/SDR_Adv/scenarios_SDR_Adv__adv1_apple0_google0_samsung0_tile0__20260125_085817/scenario_tx-10s_rot-15min.csv,1,TAG_APPLE,3,1800.0,229.21850275993347,229.21850275993347,3,,1.0,0.1,0.3697830164541532,0.0,0.3333333333333333,False,False,False,False,False,False,,8,False,0.3333333333333333,0.3333333333333333,1.0,True,False
controlled/SDR_Adv/scenarios_SDR_Adv__adv1_apple0_google0_samsung0_tile0__20260125_085817/scenario_tx-10s_rot-15min.csv,0,TAG_APPLE,7,5400.0,2474.8889949321747,2474.8889949321747,6,0.5,0.8333333333333334,0.06666666666666667,0.5435120088237951,0.0,0.14285714285714285,True,False,False,False,False,False,,8,False,0.2857142857142857,0.2857142857142857,0.7248340915030292,False,False
controlled/SDR_Adv/scenarios_SDR_Adv__adv1_apple0_google0_samsung0_tile0__20260125_085817/scenario_tx-10s_rot-1min.csv,1,TAG_APPLE,18,3600.0,2409.9284665584564,2409.9284665584564,14,0.7142857142857143,0.7142857142857143,0.23333333333333334,0.8276419423263952,0.8711656441717791,1.0,True,False,False,False,False,False,,4,False,0.1111111111111111,0.1111111111111111,0.7642045065057349,False,False
controlled/SDR_Adv/scenarios_SDR_Adv__adv1_apple0_google0_samsung0_tile0__20260125_085817/scenario_tx-10s_rot-1min.csv,0,TAG_APPLE,10,5400.0,2478.332287311554,2478.332287311554,9,0.5,0.8888888888888888,0.1,0.4034770226559748,0.054959785522788206,1.0,True,False,False,False,False,False,,4,False,0.2,0.2,0.581671865715156,False,False
controlled/SDR_Adv/scenarios_SDR_Adv__adv1_apple0_google0_samsung0_tile0__20260125_085817/scenario_tx-10s_rot-2s.csv,1,TAG_APPLE,6,1800.0,53.45587348937988,53.45587348937988,6,,1.0,0.2,0.38878116863997286,0.8333333333333334,1.0,False,False,False,False,False,False,,4,False,0.16666666666666666,0.16666666666666666,1.0,True,False
controlled/SDR_Adv/scenarios_SDR_Adv__adv1_apple0_google0_samsung0_tile0__20260125_085817/scenario_tx-10s_rot-2s.csv,2,TAG_APPLE,20,3600.0,2383.036219596863,2383.036219596863,15,0.6666666666666667,0.6666666666666666,0.25,0.8304746920127666,0.8734939759036144,1.0,True,True,False,False,False,False,,4,False,0.1,0.1,0.8812908992278073,True,False
controlled/SDR_Adv/scenarios_SDR_Adv__adv1_apple0_google0_samsung0_tile0__20260125_085817/scenario_tx-10s_rot-2s.csv,0,TAG_APPLE,10,5400.0,2475.176966905594,2475.176966905594,9,0.5,0.8888888888888888,0.1,0.4278058506506866,0.046008119079837616,1.0,True,False,False,False,False,False,,4,False,0.2,0.2,0.581671865715156,False,False
controlled/SDR_Adv/scenarios_SDR_Adv__adv1_apple0_google0_samsung0_tile0__20260125_085817/scenario_tx-10s_rot-30s.csv,1,TAG_APPLE,23,5400.0,2423.574033498764,2423.574033498764,15,0.7261904761904763,0.6,0.16666666666666666,0.7861444504820355,0.8713450292397661,1.0,True,True,False,False,False,False,,2,False,0.13043478260869565,0.08695652173913043,0.8359625449936682,False,False
controlled/SDR_Adv/scenarios_SDR_Adv__adv1_apple0_google0_samsung0_tile0__20260125_085817/scenario_tx-10s_rot-30s.csv,0,TAG_APPLE,11,5400.0,2475.176966905594,2475.176966905594,10,0.5,0.9,0.1111111111111111,0.4159884941290261,0.046341463414634146,1.0,True,False,False,False,False,False,,2,False,0.18181818181818182,0.18181818181818182,0.546294702277771,False,False
controlled/SDR_Adv/scenarios_SDR_Adv__adv1_apple0_google0_samsung0_tile0__20260125_085817/scenario_tx-10s_rot-5min.csv,1,TAG_APPLE,9,5400.0,2476.100318670273,2476.100318670273,8,0.9285714285714286,0.875,0.08888888888888889,0.8667510150361267,0.9423076923076923,1.0,True,False,False,False,False,False,,4,False,0.2222222222222222,0.1111111111111111,0.6223659728717186,False,False
controlled/SDR_Adv/scenarios_SDR_Adv__adv1_apple0_google0_samsung0_tile0__20260125_085817/scenario_tx-10s_rot-5min.csv,0,TAG_APPLE,11,5400.0,2475.176966905594,2475.176966905594,10,0.5,0.9,0.1111111111111111,0.5117143601387142,0.05326231691078562,0.6363636363636364,True,False,False,False,False,False,,4,False,0.18181818181818182,0.18181818181818182,0.546294702277771,False,False
controlled/SDR_Adv/scenarios_SDR_Adv__adv1_apple0_google0_samsung0_tile0__20260125_085817/scenario_tx-15s_rot-10s.csv,1,TAG_APPLE,6,3600.0,2277.526515007019,2277.526515007019,5,0.8,0.8,0.08333333333333333,0.5271488676788807,0.8571428571428571,1.0,True,False,False,False,False,False,,4,False,0.3333333333333333,0.16666666666666666,0.6500224216454689,False,False
controlled/SDR_Adv/scenarios_SDR_Adv__adv1_apple0_google0_samsung0_tile0__20260125_085817/scenario_tx-15s_rot-10s.csv,2,TAG_APPLE,19,3600.0,2388.134105205536,2388.134105205536,15,0.7333333333333334,0.7333333333333333,0.25,0.7967162941350051,0.8346456692913385,1.0,True,True,False,False,False,False,,4,False,0.10526315789473684,0.10526315789473684,0.8314743880068438,False,False
controlled/SDR_Adv/scenarios_SDR_Adv__adv1_apple0_google0_samsung0_tile0__20260125_085817/scenario_tx-15s_rot-10s.csv,0,TAG_APPLE,10,5400.0,2475.176966905594,2475.176966905594,9,0.5,0.8888888888888888,0.1,0.41402221434703834,0.03424657534246575,1.0,True,False,False,False,False,False,,4,False,0.2,0.2,0.581671865715156,False,False
controlled/SDR_Adv/scenarios_SDR_Adv__adv1_apple0_google0_samsung0_tile0__20260125_085817/scenario_tx-15s_rot-15min.csv,5,TAG_APPLE,3,3600.0,2405.9362785816193,2405.9362785816193,3,1.0,1.0,0.05,1.2466336713275066,1.0,1.0,True,False,False,False,True,True,,8,False,0.3333333333333333,0.3333333333333333,0.9182958340516042,True,False
controlled/SDR_Adv/scenarios_SDR_Adv__adv1_apple0_google0_samsung0_tile0__20260125_085817/scenario_tx-15s_rot-15min.csv,2,TAG_APPLE,3,1800.0,229.21850275993347,229.21850275993347,3,,1.0,0.1,0.3609452267905762,0.0,0.3333333333333333,False,False,False,False,False,False,,8,False,0.3333333333333333,0.3333333333333333,1.0,True,False
controlled/SDR_Adv/scenarios_SDR_Adv__adv1_apple0_google0_samsung0_tile0__20260125_085817/scenario_tx-15s_rot-15min.csv,0,TAG_APPLE,7,5400.0,2474.8889949321747,2474.8889949321747,6,0.5,0.8333333333333334,0.06666666666666667,0.5146441896203074,0.006593406593406593,0.2857142857142857,True,False,False,False,False,False,,8,False,0.2857142857142857,0.2857142857142857,0.7248340915030292,False,False
controlled/SDR_Adv/scenarios_SDR_Adv__adv1_apple0_google0_samsung0_tile0__20260125_085817/scenario_tx-15s_rot-1min.csv,1,TAG_APPLE,2,3600.0,2422.2967495918274,2422.2967495918274,2,1.0,1.0,0.03333333333333333,0.1727587464751836,0.0,1.0,True,False,False,False,False,False,,4,False,0.5,0.5,0.9999999999971146,True,False
controlled/SDR_Adv/scenarios_SDR_Adv__adv1_apple0_google0_samsung0_tile0__20260125_085817/scenario_tx-15s_rot-1min.csv,3,TAG_APPLE,19,5400.0,2476.100318670273,2476.100318670273,15,0.8642857142857143,0.7333333333333333,0.16666666666666666,0.733056004896249,0.872,1.0,True,True,False,False,False,False,,4,False,0.10526315789473684,0.10526315789473684,0.6444666451998564,False,False
controlled/SDR_Adv/scenarios_SDR_Adv__adv1_apple0_google0_samsung0_tile0__20260125_085817/scenario_tx-15s_rot-1min.csv,0,TAG_APPLE,10,5400.0,2475.176966905594,2475.176966905594,9,0.5,0.8888888888888888,0.1,0.404133797672521,0.036885245901639344,1.0,True,False,False,False,False,False,,4,False,0.2,0.2,0.581671865715156,False,False
controlled/SDR_Adv/scenarios_SDR_Adv__adv1_apple0_google0_samsung0_tile0__20260125_085817/scenario_tx-15s_rot-2s.csv,0,TAG_APPLE,24,5400.0,2440.665539264679,2440.665539264679,15,0.6904761904761905,0.5333333333333333,0.16666666666666666,0.7973997422988024,0.835820895522388,1.0,True,True,False,False,False,False,,2,False,0.125,0.08333333333333333,0.8734790278674448,True,False
controlled/SDR_Adv/scenarios_SDR_Adv__adv1_apple0_google0_samsung0_tile0__20260125_085817/scenario_tx-15s_rot-2s.csv,1,TAG_APPLE,11,5400.0,2475.176966905594,2475.176966905594,10,0.5,0.9,0.1111111111111111,0.43088528146402716,0.0345679012345679,1.0,True,False,False,False,False,False,,2,False,0.18181818181818182,0.18181818181818182,0.546294702277771,False,False
controlled/SDR_Adv/scenarios_SDR_Adv__adv1_apple0_google0_samsung0_tile0__20260125_085817/scenario_tx-15s_rot-30s.csv,1,TAG_APPLE,23,5400.0,2423.574033498764,2423.574033498764,15,0.7261904761904763,0.5333333333333333,0.16666666666666666,0.6724313537180272,0.8345864661654135,1.0,True,True,False,False,False,False,,2,False,0.13043478260869565,0.08695652173913043,0.8359625449936682,False,False
controlled/SDR_Adv/scenarios_SDR_Adv__adv1_apple0_google0_samsung0_tile0__20260125_085817/scenario_tx-15s_rot-30s.csv,0,TAG_APPLE,11,5400.0,2475.176966905594,2475.176966905594,10,0.5,0.9,0.1111111111111111,0.435544868272957,0.035758323057953144,1.0,True,False,False,False,False,False,,2,False,0.18181818181818182,0.18181818181818182,0.546294702277771,False,False
controlled/SDR_Adv/scenarios_SDR_Adv__adv1_apple0_google0_samsung0_tile0__20260125_085817/scenario_tx-15s_rot-5min.csv,1,TAG_APPLE,9,5400.0,2423.574033498764,2423.574033498764,7,0.8571428571428572,0.7142857142857143,0.07777777777777778,1.0137802155024367,0.8939393939393939,1.0,True,False,False,False,True,True,,4,False,0.2222222222222222,0.1111111111111111,0.6223659728717186,False,False
controlled/SDR_Adv/scenarios_SDR_Adv__adv1_apple0_google0_samsung0_tile0__20260125_085817/scenario_tx-15s_rot-5min.csv,0,TAG_APPLE,10,5400.0,2475.176966905594,2475.176966905594,9,0.5,0.8888888888888888,0.1,0.4326035596703343,0.030261348005502064,0.5,True,False,False,False,False,False,,4,False,0.2,0.2,0.581671865715156,False,False
controlled/SDR_Adv/scenarios_SDR_Adv__adv1_apple0_google0_samsung0_tile0__20260125_085817/scenario_tx-1min_rot-10s.csv,1,TAG_APPLE,21,5400.0,2445.01110124588,2445.01110124588,15,0.7952380952380953,0.6666666666666666,0.16666666666666666,0.6123916130034842,0.5925925925925926,1.0,True,True,False,False,False,False,,2,False,0.14285714285714285,0.09523809523809523,0.7609029801590312,False,False
controlled/SDR_Adv/scenarios_SDR_Adv__adv1_apple0_google0_samsung0_tile0__20260125_085817/scenario_tx-1min_rot-10s.csv,0,TAG_APPLE,11,5400.0,2475.176966905594,2475.176966905594,10,0.5,0.9,0.1111111111111111,0.44112486387267297,0.010126582278481013,1.0,True,False,False,False,False,False,,2,False,0.18181818181818182,0.18181818181818182,0.546294702277771,False,False
controlled/SDR_Adv/scenarios_SDR_Adv__adv1_apple0_google0_samsung0_tile0__20260125_085817/scenario_tx-1min_rot-15min.csv,4,TAG_APPLE,4,1800.0,229.21850275993347,229.21850275993347,4,,1.0,0.13333333333333333,0.3903711315210416,0.0,0.0,False,False,False,False,False,False,,7,False,0.25,0.25,1.0,True,False
controlled/SDR_Adv/scenarios_SDR_Adv__adv1_apple0_google0_samsung0_tile0__20260125_085817/scenario_tx-1min_rot-15min.csv,1,TAG_APPLE,6,5400.0,2474.8889949321747,2474.8889949321747,5,0.5,0.8,0.05555555555555555,0.5656443424531811,0.03636363636363636,0.5,True,False,False,False,False,False,,7,False,0.3333333333333333,0.3333333333333333,0.7896900821401168,False,False
controlled/SDR_Adv/scenarios_SDR_Adv__adv1_apple0_google0_samsung0_tile0__20260125_085817/scenario_tx-1min_rot-1min.csv,0,TAG_APPLE,20,5400.0,2423.574033498764,2423.574033498764,15,0.8261904761904761,0.7333333333333333,0.16666666666666666,0.5779122171676353,0.5769230769230769,1.0,True,True,False,False,False,False,,2,False,0.15,0.1,0.7453115759450956,False,False
controlled/SDR_Adv/scenarios_SDR_Adv__adv1_apple0_google0_samsung0_tile0__20260125_085817/scenario_tx-1min_rot-1min.csv,1,TAG_APPLE,11,5400.0,2475.176966905594,2475.176966905594,10,0.5,0.9,0.1111111111111111,0.44966942182167335,0.012626262626262626,1.0,True,False,False,False,False,False,,2,False,0.18181818181818182,0.18181818181818182,0.546294702277771,False,False
controlled/SDR_Adv/scenarios_SDR_Adv__adv1_apple0_google0_samsung0_tile0__20260125_085817/scenario_tx-1min_rot-2s.csv,2,TAG_APPLE,11,1800.0,1631.053680896759,1631.053680896759,11,,1.0,0.36666666666666664,0.507952431024307,0.9166666666666666,1.0,False,False,False,False,False,False,,4,False,0.09090909090909091,0.09090909090909091,1.0,True,False
controlled/SDR_Adv/scenarios_SDR_Adv__adv1_apple0_google0_samsung0_tile0__20260125_085817/scenario_tx-1min_rot-2s.csv,0,TAG_APPLE,13,5400.0,2475.176966905594,2475.176966905594,11,0.7045454545454546,0.8181818181818182,0.12222222222222222,0.531631629266142,0.014965986394557823,1.0,True,False,False,False,False,False,,4,False,0.15384615384615385,0.15384615384615385,0.6254181156210804,False,False
controlled/SDR_Adv/scenarios_SDR_Adv__adv1_apple0_google0_samsung0_tile0__20260125_085817/scenario_tx-1min_rot-2s.csv,1,TAG_APPLE,7,5400.0,2445.01110124588,2445.01110124588,5,0.6666666666666667,0.6,0.05555555555555555,0.3564053237316872,0.8571428571428571,1.0,True,False,False,False,False,False,,4,False,0.2857142857142857,0.14285714285714285,0.9821410328321446,True,False
controlled/SDR_Adv/scenarios_SDR_Adv__adv1_apple0_google0_samsung0_tile0__20260125_085817/scenario_tx-1min_rot-30s.csv,2,TAG_APPLE,15,3600.0,2298.9396970272064,2298.9396970272064,13,0.8461538461538461,0.8461538461538461,0.21666666666666667,0.571149336482816,0.6363636363636364,1.0,True,False,False,False,False,False,,4,False,0.13333333333333333,0.13333333333333333,0.56650950655002,False,False
controlled/SDR_Adv/scenarios_SDR_Adv__adv1_apple0_google0_samsung0_tile0__20260125_085817/scenario_tx-1min_rot-30s.csv,1,TAG_APPLE,6,5400.0,2422.2967495918274,2422.2967495918274,5,0.75,0.8,0.05555555555555555,0.3113441055584486,0.4,1.0,True,False,False,False,False,False,,4,False,0.3333333333333333,0.16666666666666666,0.9206198357115741,True,False
controlled/SDR_Adv/scenarios_SDR_Adv__adv1_apple0_google0_samsung0_tile0__20260125_085817/scenario_tx-1min_rot-30s.csv,0,TAG_APPLE,10,5400.0,2478.332287311554,2478.332287311554,9,0.5,0.8888888888888888,0.1,0.42492161653653815,0.011220196353436185,1.0,True,False,False,False,False,False,,4,False,0.2,0.2,0.581671865715156,False,False
controlled/SDR_Adv/scenarios_SDR_Adv__adv1_apple0_google0_samsung0_tile0__20260125_085817/scenario_tx-1min_rot-5min.csv,2,TAG_APPLE,7,5400.0,2381.8600540161133,2381.8600540161133,7,1.0,1.0,0.07777777777777778,0.5207272067913049,1.0,1.0,True,False,False,False,False,False,,7,False,0.14285714285714285,0.14285714285714285,0.8699155297708953,True,False
controlled/SDR_Adv/scenarios_SDR_Adv__adv1_apple0_google0_samsung0_tile0__20260125_085817/scenario_tx-1min_rot-5min.csv,5,TAG_APPLE,3,1800.0,229.21850275993347,229.21850275993347,3,,1.0,0.1,0.35430306477313067,0.0,0.3333333333333333,False,False,False,False,False,False,,7,False,0.3333333333333333,0.3333333333333333,1.0,True,False
controlled/SDR_Adv/scenarios_SDR_Adv__adv1_apple0_google0_samsung0_tile0__20260125_085817/scenario_tx-1min_rot-5min.csv,0,TAG_APPLE,9,5400.0,2474.8889949321747,2474.8889949321747,7,0.6785714285714286,0.7142857142857143,0.07777777777777778,0.5755955758850358,0.014799154334038054,0.6666666666666666,True,False,False,False,False,False,,7,False,0.2222222222222222,0.2222222222222222,0.7725068857115294,False,False
controlled/SDR_Adv/scenarios_SDR_Adv__adv1_apple0_google0_samsung0_tile0__20260125_085817/scenario_tx-2s_rot-10s.csv,0,TAG_APPLE,8,1800.0,62.052008628845215,62.052008628845215,8,,1.0,0.26666666666666666,0.41273994011290016,0.9375,1.0,False,False,False,False,False,False,,5,False,0.125,0.125,1.0,True,False
controlled/SDR_Adv/scenarios_SDR_Adv__adv1_apple0_google0_samsung0_tile0__20260125_085817/scenario_tx-2s_rot-10s.csv,4,TAG_APPLE,3,1800.0,526.0699639320374,526.0699639320374,3,,1.0,0.1,0.29366119916218564,0.0931899641577061,1.0,False,False,False,False,False,False,,5,False,0.3333333333333333,0.3333333333333333,1.0,True,False
controlled/SDR_Adv/scenarios_SDR_Adv__adv1_apple0_google0_samsung0_tile0__20260125_085817/scenario_tx-2s_rot-10s.csv,2,TAG_APPLE,20,3600.0,2360.833394765854,2360.833394765854,15,0.6666666666666667,0.6666666666666666,0.25,1.171410240960122,0.9537444933920705,1.0,True,True,False,False,True,True,,5,False,0.1,0.1,0.8812908992278073,True,False
controlled/SDR_Adv/scenarios_SDR_Adv__adv1_apple0_google0_samsung0_tile0__20260125_085817/scenario_tx-2s_rot-10s.csv,1,TAG_APPLE,7,5400.0,2474.8889949321747,2474.8889949321747,6,0.5,0.8333333333333334,0.06666666666666667,0.4596531453562239,0.14068441064638784,1.0,True,False,False,False,False,False,,5,False,0.2857142857142857,0.2857142857142857,0.7248340915030292,False,False
controlled/SDR_Adv/scenarios_SDR_Adv__adv1_apple0_google0_samsung0_tile0__20260125_085817/scenario_tx-2s_rot-15min.csv,1,TAG_APPLE,6,5400.0,2476.969574213028,2476.969574213028,5,0.875,0.8,0.05555555555555555,0.24349004060916388,0.0,0.16666666666666666,True,False,False,False,False,False,,2,False,0.3333333333333333,0.3333333333333333,0.9206198357115741,True,False
controlled/SDR_Adv/scenarios_SDR_Adv__adv1_apple0_google0_samsung0_tile0__20260125_085817/scenario_tx-2s_rot-15min.csv,0,TAG_APPLE,12,5400.0,2478.332287311554,2478.332287311554,10,0.7833333333333334,0.8,0.1111111111111111,0.5272583995950414,0.4410134600158353,0.4166666666666667,True,False,False,False,False,False,,2,False,0.16666666666666666,0.16666666666666666,0.7499999999972692,False,False
controlled/SDR_Adv/scenarios_SDR_Adv__adv1_apple0_google0_samsung0_tile0__20260125_085817/scenario_tx-2s_rot-1min.csv,1,TAG_APPLE,20,5400.0,2476.100318670273,2476.100318670273,15,0.830952380952381,0.6666666666666666,0.16666666666666666,1.108736616445185,0.9535864978902954,1.0,True,True,False,False,True,True,,4,False,0.1,0.1,0.6790681957656138,False,False
controlled/SDR_Adv/scenarios_SDR_Adv__adv1_apple0_google0_samsung0_tile0__20260125_085817/scenario_tx-2s_rot-1min.csv,0,TAG_APPLE,10,5400.0,2475.176966905594,2475.176966905594,9,0.5,0.8888888888888888,0.1,0.33470881276909165,0.12855377008652658,1.0,True,False,False,False,False,False,,4,False,0.2,0.2,0.581671865715156,False,False
controlled/SDR_Adv/scenarios_SDR_Adv__adv1_apple0_google0_samsung0_tile0__20260125_085817/scenario_tx-2s_rot-2s.csv,0,TAG_APPLE,13,1800.0,62.052008628845215,62.052008628845215,13,,1.0,0.43333333333333335,0.6301297414014349,1.0,1.0,False,False,False,False,False,False,,4,False,0.07692307692307693,0.07692307692307693,1.0,True,False
controlled/SDR_Adv/scenarios_SDR_Adv__adv1_apple0_google0_samsung0_tile0__20260125_085817/scenario_tx-2s_rot-2s.csv,2,TAG_APPLE,21,5400.0,2465.7373263835907,2465.7373263835907,15,0.7976190476190477,0.6666666666666666,0.16666666666666666,1.3596652454305427,0.9516483516483516,1.0,True,True,False,False,True,True,,4,False,0.14285714285714285,0.09523809523809523,0.7038148177449267,False,False
controlled/SDR_Adv/scenarios_SDR_Adv__adv1_apple0_google0_samsung0_tile0__20260125_085817/scenario_tx-2s_rot-2s.csv,1,TAG_APPLE,10,5400.0,2475.176966905594,2475.176966905594,9,0.5,0.8888888888888888,0.1,0.45038434324444476,0.12639405204460966,1.0,True,False,False,False,False,False,,4,False,0.2,0.2,0.581671865715156,False,False
controlled/SDR_Adv/scenarios_SDR_Adv__adv1_apple0_google0_samsung0_tile0__20260125_085817/scenario_tx-2s_rot-30s.csv,2,TAG_APPLE,2,1800.0,60.77472472190857,60.77472472190857,2,,1.0,0.06666666666666667,0.1986737353318915,0.5,1.0,False,False,False,False,False,False,,4,False,0.5,0.5,1.0,True,False
controlled/SDR_Adv/scenarios_SDR_Adv__adv1_apple0_google0_samsung0_tile0__20260125_085817/scenario_tx-2s_rot-30s.csv,1,TAG_APPLE,22,5400.0,2427.0052468776703,2427.0052468776703,15,0.761904761904762,0.6,0.16666666666666666,1.3296364545160055,0.9548387096774194,1.0,True,True,False,False,True,True,,4,False,0.13636363636363635,0.09090909090909091,0.7827759528114114,False,False
controlled/SDR_Adv/scenarios_SDR_Adv__adv1_apple0_google0_samsung0_tile0__20260125_085817/scenario_tx-2s_rot-30s.csv,0,TAG_APPLE,10,5400.0,2475.176966905594,2475.176966905594,9,0.5,0.8888888888888888,0.1,0.45130759304386947,0.12962962962962962,1.0,True,False,False,False,False,False,,4,False,0.2,0.2,0.581671865715156,False,False
controlled/SDR_Adv/scenarios_SDR_Adv__adv1_apple0_google0_samsung0_tile0__20260125_085817/scenario_tx-2s_rot-5min.csv,1,TAG_APPLE,4,5400.0,2476.969574213028,2476.969574213028,4,1.0,1.0,0.044444444444444446,0.25017743107291374,0.0,1.0,True,False,False,False,False,False,,2,False,0.25,0.25,0.9463946303544555,True,False
controlled/SDR_Adv/scenarios_SDR_Adv__adv1_apple0_google0_samsung0_tile0__20260125_085817/scenario_tx-2s_rot-5min.csv,0,TAG_APPLE,19,5400.0,2478.332287311554,2478.332287311554,15,0.8285714285714286,0.7333333333333333,0.16666666666666666,1.1332900839725757,0.43652037617554856,0.6842105263157895,True,True,False,False,True,True,,2,False,0.10526315789473684,0.10526315789473684,0.7639360713901985,False,False
controlled/SDR_Adv/scenarios_SDR_Adv__adv1_apple0_google0_samsung0_tile0__20260125_085817/scenario_tx-30s_rot-10s.csv,0,TAG_APPLE,23,5400.0,2431.5376732349396,2431.5376732349396,15,0.7261904761904763,0.6666666666666666,0.16666666666666666,0.6106138753638971,0.7471264367816092,1.0,True,True,False,False,False,False,,2,False,0.13043478260869565,0.08695652173913043,0.8359625449936682,False,False
controlled/SDR_Adv/scenarios_SDR_Adv__adv1_apple0_google0_samsung0_tile0__20260125_085817/scenario_tx-30s_rot-10s.csv,1,TAG_APPLE,11,5400.0,2475.176966905594,2475.176966905594,10,0.5,0.9,0.1111111111111111,0.4469370538025965,0.017587939698492462,1.0,True,False,False,False,False,False,,2,False,0.18181818181818182,0.18181818181818182,0.546294702277771,False,False
controlled/SDR_Adv/scenarios_SDR_Adv__adv1_apple0_google0_samsung0_tile0__20260125_085817/scenario_tx-30s_rot-15min.csv,2,TAG_APPLE,3,3600.0,2369.0706944465637,2369.0706944465637,3,1.0,1.0,0.05,0.5533418066112236,1.0,1.0,True,False,False,False,False,False,,8,False,0.3333333333333333,0.3333333333333333,0.9182958340516042,True,False
controlled/SDR_Adv/scenarios_SDR_Adv__adv1_apple0_google0_samsung0_tile0__20260125_085817/scenario_tx-30s_rot-15min.csv,1,TAG_APPLE,2,3600.0,1862.5616118907928,1862.5616118907928,2,1.0,1.0,0.03333333333333333,0.26552975889035146,0.8333333333333334,1.0,True,False,False,False,False,False,,8,False,0.5,0.5,0.9999999999971146,True,False
controlled/SDR_Adv/scenarios_SDR_Adv__adv1_apple0_google0_samsung0_tile0__20260125_085817/scenario_tx-30s_rot-15min.csv,4,TAG_APPLE,3,1800.0,229.21850275993347,229.21850275993347,3,,1.0,0.1,0.3710071160890353,0.0,0.0,False,False,False,False,False,False,,8,False,0.3333333333333333,0.3333333333333333,1.0,True,False
controlled/SDR_Adv/scenarios_SDR_Adv__adv1_apple0_google0_samsung0_tile0__20260125_085817/scenario_tx-30s_rot-15min.csv,0,TAG_APPLE,7,5400.0,2474.8889949321747,2474.8889949321747,6,0.5,0.8333333333333334,0.06666666666666667,0.5579787414849039,0.0,0.14285714285714285,True,False,False,False,False,False,,8,False,0.2857142857142857,0.2857142857142857,0.7248340915030292,False,False
controlled/SDR_Adv/scenarios_SDR_Adv__adv1_apple0_google0_samsung0_tile0__20260125_085817/scenario_tx-30s_rot-1min.csv,1,TAG_APPLE,22,5400.0,2462.682647705078,2462.682647705078,15,0.7595238095238095,0.6,0.16666666666666666,0.6288053330119303,0.7349397590361446,1.0,True,True,False,False,False,False,,2,False,0.13636363636363635,0.09090909090909091,0.8156200630378668,False,False
controlled/SDR_Adv/scenarios_SDR_Adv__adv1_apple0_google0_samsung0_tile0__20260125_085817/scenario_tx-30s_rot-1min.csv,0,TAG_APPLE,11,5400.0,2475.176966905594,2475.176966905594,10,0.5,0.9,0.1111111111111111,0.45726533536979996,0.0225,1.0,True,False,False,False,False,False,,2,False,0.18181818181818182,0.18181818181818182,0.546294702277771,False,False
controlled/SDR_Adv/scenarios_SDR_Adv__adv1_apple0_google0_samsung0_tile0__20260125_085817/scenario_tx-30s_rot-2s.csv,0,TAG_APPLE,23,5400.0,2462.682647705078,2462.682647705078,15,0.7261904761904763,0.6,0.16666666666666666,0.5538676073647336,0.7471264367816092,1.0,True,True,False,False,False,False,,2,False,0.13043478260869565,0.08695652173913043,0.8359625449936682,False,False
controlled/SDR_Adv/scenarios_SDR_Adv__adv1_apple0_google0_samsung0_tile0__20260125_085817/scenario_tx-30s_rot-2s.csv,1,TAG_APPLE,11,5400.0,2475.176966905594,2475.176966905594,10,0.5,0.9,0.1111111111111111,0.4548309333113141,0.017587939698492462,1.0,True,False,False,False,False,False,,2,False,0.18181818181818182,0.18181818181818182,0.546294702277771,False,False
controlled/SDR_Adv/scenarios_SDR_Adv__adv1_apple0_google0_samsung0_tile0__20260125_085817/scenario_tx-30s_rot-30s.csv,1,TAG_APPLE,23,5400.0,2462.682647705078,2462.682647705078,15,0.7261904761904763,0.5333333333333333,0.16666666666666666,0.6767183565368395,0.7441860465116279,1.0,True,True,False,False,False,False,,2,False,0.13043478260869565,0.08695652173913043,0.8359625449936682,False,False
controlled/SDR_Adv/scenarios_SDR_Adv__adv1_apple0_google0_samsung0_tile0__20260125_085817/scenario_tx-30s_rot-30s.csv,0,TAG_APPLE,11,5400.0,2475.176966905594,2475.176966905594,10,0.5,0.9,0.1111111111111111,0.4380483860623356,0.018820577164366373,1.0,True,False,False,False,False,False,,2,False,0.18181818181818182,0.18181818181818182,0.546294702277771,False,False
controlled/SDR_Adv/scenarios_SDR_Adv__adv1_apple0_google0_samsung0_tile0__20260125_085817/scenario_tx-30s_rot-5min.csv,1,TAG_APPLE,9,5400.0,2423.574033498764,2423.574033498764,7,0.8452380952380953,0.7142857142857143,0.07777777777777778,0.45383777048862484,0.8395061728395061,1.0,True,False,False,False,False,False,,4,False,0.2222222222222222,0.1111111111111111,0.7725068857115294,False,False
controlled/SDR_Adv/scenarios_SDR_Adv__adv1_apple0_google0_samsung0_tile0__20260125_085817/scenario_tx-30s_rot-5min.csv,2,TAG_APPLE,4,5400.0,2421.1131389141083,2421.1131389141083,3,0.75,0.6666666666666666,0.03333333333333333,0.21893636857678764,0.0,0.75,True,False,False,False,False,False,,4,False,0.5,0.5,0.9463946303544555,True,False
controlled/SDR_Adv/scenarios_SDR_Adv__adv1_apple0_google0_samsung0_tile0__20260125_085817/scenario_tx-30s_rot-5min.csv,0,TAG_APPLE,10,5400.0,2475.176966905594,2475.176966905594,9,0.5,0.8888888888888888,0.1,0.47183597055507853,0.015363128491620111,0.6,True,False,False,False,False,False,,4,False,0.2,0.2,0.581671865715156,False,False
controlled/SDR_Adv/tobos1.csv,1,TAG_APPLE,2,1800.0,740.5930000000008,740.5930000000008,2,,1.0,0.06666666666666667,0.22205466586499112,0.0,0.0,False,False,False,False,False,False,,2,False,0.5,0.5,1.0,True,False
controlled/SDR_Adv/tobos1.csv,0,TAG_APPLE,2,1800.0,1201.4380000000021,1201.4380000000021,2,,1.0,0.06666666666666667,0.16248619104535902,0.0,0.0,False,False,False,False,False,False,,2,False,0.5,0.5,1.0,True,False
controlled/SDR_Adv/tobos1.csv,3,TAG_GOOGLE,3,1800.0,966.5710000000036,966.5710000000036,3,,1.0,0.1,0.378625770824121,0.0,0.0,False,False,False,False,False,False,,3,False,0.3333333333333333,0.3333333333333333,1.0,True,False
controlled/SDR_Adv/tobos1.csv,4,TAG_GOOGLE,2,1800.0,333.775999999998,333.775999999998,2,,1.0,0.06666666666666667,0.2955509437826914,0.0,0.0,False,False,False,False,False,False,,3,False,0.5,0.5,1.0,True,False
controlled/SDR_Adv/tobos1.csv,2,TAG_GOOGLE,3,1800.0,376.46199999999953,376.46199999999953,3,,1.0,0.1,0.2367745745042702,0.0,0.0,False,False,False,False,False,False,,3,False,0.3333333333333333,0.3333333333333333,1.0,True,False
controlled/SDR_Adv/tobos2.csv,1,TAG_APPLE,5,7200.0,6757.862000000001,6757.862000000001,5,1.0,1.0,0.041666666666666664,0.4322187441369593,0.0,0.0,True,False,False,False,False,False,,5,False,0.2,0.2,0.9609640474407958,True,False
controlled/SDR_Adv/tobos2.csv,0,TAG_APPLE,4,5400.0,3687.6029999999955,3687.6029999999955,4,1.0,1.0,0.044444444444444446,0.35415969555834254,0.0,0.0,True,False,False,False,False,False,,5,False,0.25,0.25,0.9463946303544555,True,False
controlled/SDR_Adv/tobos2.csv,3,TAG_APPLE,2,3600.0,4325.468000000001,4325.468000000001,2,1.0,1.0,0.03333333333333333,0.2670621170606313,0.0,0.0,True,False,False,False,False,False,,5,False,0.5,0.5,0.9999999999971146,True,False
controlled/SDR_Adv/tobos2.csv,6,TAG_GOOGLE,18,7200.0,7155.947000000007,7155.947000000007,17,0.9583333333333334,0.9411764705882353,0.14166666666666666,0.5833999842067558,0.0,0.0,True,True,False,False,False,False,,2,False,0.1111111111111111,0.1111111111111111,0.9955380299162259,True,False
controlled/SDR_Adv/tobos2.csv,5,TAG_GOOGLE,12,9000.0,7522.9419999999955,7522.9419999999955,10,0.825,0.8,0.06666666666666667,0.29962645699136703,0.0,0.0,True,False,False,False,False,False,,2,False,0.16666666666666666,0.16666666666666666,0.8848616689959363,True,False
controlled/SDR_Adv/tony.csv,1,TAG_APPLE,25,5400.0,4446.989999999999,4446.989999999999,25,1.0,1.0,0.2777777777777778,0.5028764576520195,0.0,0.0,True,True,False,False,False,False,,2,False,0.04,0.04,0.7555242623038506,False,False
controlled/SDR_Adv/tony.csv,0,TAG_APPLE,42,5400.0,4525.199999999997,4525.199999999997,40,0.9480249480249481,0.95,0.4444444444444444,0.7985396382911335,0.0,0.0,True,True,False,False,False,False,,2,False,0.047619047619047616,0.047619047619047616,0.7609029801590312,False,False
controlled/SDR_Adv/tony.csv,3,TAG_GOOGLE,6,3600.0,4338.489999999998,4338.489999999998,6,1.0,1.0,0.1,0.3560091434706557,0.0,0.0,True,False,False,False,False,False,,3,False,0.16666666666666666,0.16666666666666666,0.6500224216454689,False,False
controlled/SDR_Adv/tony.csv,4,TAG_GOOGLE,3,3600.0,2013.3090000000009,2013.3090000000009,3,1.0,1.0,0.05,0.2555754944541638,0.0,0.0,True,False,False,False,False,False,,3,False,0.3333333333333333,0.3333333333333333,0.9182958340516042,True,False
controlled/SDR_Adv/tony.csv,2,TAG_GOOGLE,12,5400.0,4588.012000000002,4588.012000000002,11,0.9375,0.9090909090909091,0.12222222222222222,0.8617243395326527,0.0,0.0,True,False,False,False,False,False,,3,False,0.16666666666666666,0.16666666666666666,0.9808340377934095,True,False
controlled/SDR_Adv/tony.csv,5,TAG_SAMSUNG,3,1800.0,1239.0540000000037,1239.0540000000037,3,,1.0,0.1,0.30960381186223634,0.0,0.0,False,False,False,False,False,False,,2,False,0.3333333333333333,0.3333333333333333,1.0,True,False
