src_file,cluster,dev_type,segments,duration_cov,duration_span,persistence_s,unique_macs,turnover,singleton_mac_frac,mac_rate_per_min,core_mac_density_scaled,adv_mac_pct,gt_frac,dur_ok,unique_ok,churn_ok,rate_ok,dens_ok,decision_ok,churn_reason,k_chosen,homogeneous,homo_mac_share,homo_key_share,win_entropy_norm,uniform_ok,homo_block,block_start,block_end,periodic_density_min,track_id,track_len,periodic_confirmed
controlled/SDR_Adv/airport.csv,1,TAG_APPLE,14,1800.0,1792.523000000001,1792.523000000001,14,,1.0,0.4666666666666667,0.639732630813209,0.0,0.0,False,False,False,False,True,False,,2,False,0.07142857142857142,0.07142857142857142,1.0,True,False,0.0,1800.0,0.5,1.0,1.0,False
controlled/SDR_Adv/airport.csv,0,TAG_APPLE,15,1800.0,1395.0350000000033,1395.0350000000033,15,,1.0,0.5,0.5302772476472738,0.0,0.0,False,True,False,False,True,False,,2,False,0.06666666666666667,0.06666666666666667,1.0,True,False,0.0,1800.0,0.5,0.0,2.0,True
controlled/SDR_Adv/airport.csv,2,TAG_GOOGLE,48,1800.0,1795.8510000000097,1795.8510000000097,48,,1.0,1.6,0.9080106107836599,0.0,0.0,False,True,False,False,True,False,,2,False,0.020833333333333332,0.020833333333333332,1.0,True,False,0.0,1800.0,0.5,2.0,2.0,True
controlled/SDR_Adv/airport.csv,3,TAG_GOOGLE,37,1800.0,1677.5310000000027,1677.5310000000027,37,,1.0,1.2333333333333334,0.8199187796983225,0.0,0.0,False,True,False,False,True,False,,2,False,0.02702702702702703,0.02702702702702703,1.0,True,False,0.0,1800.0,0.5,3.0,1.0,False
controlled/SDR_Adv/airport.csv,1,TAG_APPLE,2,1800.0,646.3859999999986,646.3859999999986,2,,1.0,0.06666666666666667,0.37828897923151955,0.0,0.0,False,False,False,False,False,False,,2,False,0.5,0.5,1.0,True,False,1800.0,3600.0,0.5,,,
controlled/SDR_Adv/airport.csv,0,TAG_APPLE,3,1800.0,780.8679999999881,780.8679999999881,3,,1.0,0.1,0.25671864022614,0.0,0.0,False,False,False,False,False,False,,2,False,0.3333333333333333,0.3333333333333333,1.0,True,False,1800.0,3600.0,0.5,,,
controlled/SDR_Adv/airport.csv,2,TAG_GOOGLE,34,1800.0,902.4370000000051,902.4370000000051,34,,1.0,1.1333333333333333,0.6515474601836438,0.0,0.0,False,True,False,False,True,False,,2,False,0.029411764705882353,0.029411764705882353,1.0,True,False,1800.0,3600.0,0.5,2.0,2.0,True
controlled/SDR_Adv/airport.csv,3,TAG_GOOGLE,5,1800.0,878.7229999999981,878.7229999999981,5,,1.0,0.16666666666666666,0.5142744576757647,0.0,0.0,False,False,False,False,True,False,,2,False,0.2,0.2,1.0,True,False,1800.0,3600.0,0.5,0.0,2.0,True
controlled/SDR_Adv/nycab.csv,0,TAG_APPLE,2,1800.0,1450.8719999999958,1450.8719999999958,2,,1.0,0.06666666666666667,0.17243259342589326,0.0,0.0,False,False,False,False,False,False,,2,False,0.5,0.5,1.0,True,False,0.0,1800.0,0.5,,,
controlled/SDR_Adv/nycab.csv,2,TAG_GOOGLE,5,1800.0,1787.9349999999977,1787.9349999999977,5,,1.0,0.16666666666666666,0.3480464358138793,0.0,0.0,False,False,False,False,False,False,,2,False,0.2,0.2,1.0,True,False,0.0,1800.0,0.5,,,
controlled/SDR_Adv/prud1_jan21_ivy.csv,3,TAG_APPLE,18,1800.0,1729.9089999999994,1729.9089999999994,18,,1.0,0.6,0.8763280527394216,0.0,0.0,False,True,False,False,True,False,,4,False,0.05555555555555555,0.05555555555555555,1.0,True,False,0.0,1800.0,0.5,1.0,1.0,False
controlled/SDR_Adv/prud1_jan21_ivy.csv,0,TAG_APPLE,13,1800.0,1350.6399999999994,1350.6399999999994,13,,1.0,0.43333333333333335,0.5072834999461326,0.0,0.0,False,False,False,False,True,False,,4,False,0.07692307692307693,0.07692307692307693,1.0,True,False,0.0,1800.0,0.5,0.0,3.0,True
controlled/SDR_Adv/prud1_jan21_ivy.csv,2,TAG_APPLE,3,1800.0,1423.4430000000064,1423.4430000000064,3,,1.0,0.1,0.39331194106894574,0.0,0.0,False,False,False,False,False,False,,4,False,0.3333333333333333,0.3333333333333333,1.0,True,False,0.0,1800.0,0.5,,,
controlled/SDR_Adv/prud1_jan21_ivy.csv,1,TAG_APPLE,4,1800.0,558.6169999999984,558.6169999999984,4,,1.0,0.13333333333333333,0.25384480994535874,0.0,0.0,False,False,False,False,False,False,,4,False,0.25,0.25,1.0,True,False,0.0,1800.0,0.5,,,
controlled/SDR_Adv/prud1_jan21_ivy.csv,4,TAG_GOOGLE,7,1800.0,1795.2560000000012,1795.2560000000012,7,,1.0,0.23333333333333334,0.47771209119497243,0.0,0.0,False,False,False,False,False,False,,2,False,0.14285714285714285,0.14285714285714285,1.0,True,False,0.0,1800.0,0.5,,,
controlled/SDR_Adv/prud1_jan21_ivy.csv,5,TAG_GOOGLE,3,1800.0,703.2529999999973,703.2529999999973,3,,1.0,0.1,0.23736725202590797,0.0,0.0,False,False,False,False,False,False,,2,False,0.3333333333333333,0.3333333333333333,1.0,True,False,0.0,1800.0,0.5,,,
controlled/SDR_Adv/prud1_jan21_ivy.csv,6,TAG_TILE,3,1800.0,4.379000000000815,4.379000000000815,3,,1.0,0.1,0.27461395866431876,0.0,0.0,False,False,False,False,False,False,,2,False,0.3333333333333333,0.3333333333333333,1.0,True,False,0.0,1800.0,0.5,,,
controlled/SDR_Adv/prud1_jan21_ivy.csv,0,TAG_APPLE,11,1800.0,1744.6719999999991,1744.6719999999991,11,,1.0,0.36666666666666664,0.5545800270499578,0.0,0.0,False,False,False,False,True,False,,2,False,0.09090909090909091,0.09090909090909091,1.0,True,False,1800.0,3600.0,0.5,0.0,3.0,True
controlled/SDR_Adv/prud1_jan21_ivy.csv,1,TAG_APPLE,4,1800.0,534.3319999999949,534.3319999999949,4,,1.0,0.13333333333333333,0.3181693124551269,0.0,0.0,False,False,False,False,False,False,,2,False,0.25,0.25,1.0,True,False,1800.0,3600.0,0.5,,,
controlled/SDR_Adv/prud1_jan21_ivy.csv,3,TAG_GOOGLE,6,1800.0,1782.6430000000037,1782.6430000000037,6,,1.0,0.2,0.5583125195320394,0.0,0.0,False,False,False,False,True,False,,2,False,0.16666666666666666,0.16666666666666666,1.0,True,False,1800.0,3600.0,0.5,3.0,2.0,True
controlled/SDR_Adv/prud1_jan21_ivy.csv,2,TAG_GOOGLE,3,1800.0,1546.419000000009,1546.419000000009,3,,1.0,0.1,0.25173253841276055,0.0,0.0,False,False,False,False,False,False,,2,False,0.3333333333333333,0.3333333333333333,1.0,True,False,1800.0,3600.0,0.5,,,
controlled/SDR_Adv/prud1_jan21_ivy.csv,0,TAG_APPLE,15,1800.0,622.669000000009,622.669000000009,15,,1.0,0.5,0.6605600006434256,0.0,0.0,False,True,False,False,True,False,,2,False,0.06666666666666667,0.06666666666666667,1.0,True,False,3600.0,5400.0,0.5,0.0,3.0,True
controlled/SDR_Adv/prud1_jan21_ivy.csv,1,TAG_APPLE,6,1800.0,466.2970000000055,466.2970000000055,6,,1.0,0.2,0.5892744888449108,0.0,0.0,False,False,False,False,True,False,,2,False,0.16666666666666666,0.16666666666666666,1.0,True,False,3600.0,5400.0,0.5,3.0,2.0,True
controlled/SDR_Adv/prud1_jan21_ivy.csv,2,TAG_GOOGLE,2,1800.0,623.4229999999966,623.4229999999966,2,,1.0,0.06666666666666667,0.3251125689227438,0.0,0.0,False,False,False,False,False,False,,2,False,0.5,0.5,1.0,True,False,3600.0,5400.0,0.5,,,
controlled/SDR_Adv/prud1_jan21_ivy.csv,5,TAG_TILE,2,1800.0,217.14400000000023,217.14400000000023,2,,1.0,0.06666666666666667,0.2109029156430389,0.0,0.0,False,False,False,False,False,False,,2,False,0.5,0.5,1.0,True,False,3600.0,5400.0,0.5,,,
controlled/SDR_Adv/prud1_jan21_ivy.csv,4,TAG_TILE,2,1800.0,35.13599999999906,35.13599999999906,2,,1.0,0.06666666666666667,0.16456735290393298,0.0,0.0,False,False,False,False,False,False,,2,False,0.5,0.5,1.0,True,False,3600.0,5400.0,0.5,,,
controlled/SDR_Adv/prud2_jan21_ivy.csv,0,TAG_APPLE,14,1800.0,990.6179999999875,990.6179999999875,14,,1.0,0.4666666666666667,0.6230288883528177,0.0,0.0,False,False,False,False,True,False,,2,False,0.07142857142857142,0.07142857142857142,1.0,True,False,0.0,1800.0,0.5,0.0,1.0,False
controlled/SDR_Adv/prud2_jan21_ivy.csv,1,TAG_APPLE,10,1800.0,1776.451000000001,1776.451000000001,10,,1.0,0.3333333333333333,0.5376074180255126,0.0,0.0,False,False,False,False,True,False,,2,False,0.1,0.1,1.0,True,False,0.0,1800.0,0.5,1.0,2.0,True
controlled/SDR_Adv/prud2_jan21_ivy.csv,2,TAG_GOOGLE,5,1800.0,1736.5529999999999,1736.5529999999999,5,,1.0,0.16666666666666666,0.5478229956491624,0.0,0.0,False,False,False,False,True,False,,4,False,0.2,0.2,1.0,True,False,0.0,1800.0,0.5,2.0,1.0,False
controlled/SDR_Adv/prud2_jan21_ivy.csv,3,TAG_GOOGLE,4,1800.0,1764.5090000000055,1764.5090000000055,4,,1.0,0.13333333333333333,0.3675479892571668,0.0,0.0,False,False,False,False,False,False,,4,False,0.25,0.25,1.0,True,False,0.0,1800.0,0.5,,,
controlled/SDR_Adv/prud2_jan21_ivy.csv,4,TAG_GOOGLE,2,1800.0,73.62400000001071,73.62400000001071,2,,1.0,0.06666666666666667,0.2182374211046828,0.0,0.0,False,False,False,False,False,False,,4,False,0.5,0.5,1.0,True,False,0.0,1800.0,0.5,,,
controlled/SDR_Adv/prud2_jan21_ivy.csv,6,TAG_TILE,3,1800.0,872.2949999999983,872.2949999999983,3,,1.0,0.1,0.26542742242797634,0.0,0.0,False,False,False,False,False,False,,2,False,0.3333333333333333,0.3333333333333333,1.0,True,False,0.0,1800.0,0.5,,,
controlled/SDR_Adv/prud2_jan21_ivy.csv,0,TAG_APPLE,8,1800.0,1798.8130000000092,1798.8130000000092,8,,1.0,0.26666666666666666,0.6130263021243744,0.0,0.0,False,False,False,False,True,False,,2,False,0.125,0.125,1.0,True,False,1800.0,3600.0,0.5,1.0,2.0,True
controlled/SDR_Adv/prud2_jan21_ivy.csv,1,TAG_APPLE,6,1800.0,1566.1089999999967,1566.1089999999967,6,,1.0,0.2,0.3082515858402755,0.0,0.0,False,False,False,False,False,False,,2,False,0.16666666666666666,0.16666666666666666,1.0,True,False,1800.0,3600.0,0.5,,,
controlled/SDR_Adv/prud2_jan21_ivy.csv,2,TAG_GOOGLE,8,1800.0,1769.6949999999927,1769.6949999999927,8,,1.0,0.26666666666666666,0.46457518531544634,0.0,0.0,False,False,False,False,False,False,,2,False,0.125,0.125,1.0,True,False,1800.0,3600.0,0.5,,,
controlled/SDR_Adv/prud2_jan21_ivy.csv,3,TAG_GOOGLE,2,1800.0,14.215000000010832,14.215000000010832,2,,1.0,0.06666666666666667,0.16102245680744015,0.0,0.0,False,False,False,False,False,False,,2,False,0.5,0.5,1.0,True,False,1800.0,3600.0,0.5,,,
controlled/SDR_Adv/prud2_jan21_ivy.csv,1,TAG_APPLE,9,1800.0,544.3319999999949,544.3319999999949,9,,1.0,0.3,0.4625263385216135,0.0,0.0,False,False,False,False,False,False,,2,False,0.1111111111111111,0.1111111111111111,1.0,True,False,3600.0,5400.0,0.5,,,
controlled/SDR_Adv/prud2_jan21_ivy.csv,0,TAG_APPLE,6,1800.0,504.2130000000034,504.2130000000034,6,,1.0,0.2,0.40087927803106743,0.0,0.0,False,False,False,False,False,False,,2,False,0.16666666666666666,0.16666666666666666,1.0,True,False,3600.0,5400.0,0.5,,,
controlled/SDR_Adv/prud2_jan21_ivy.csv,3,TAG_GOOGLE,3,1800.0,631.6730000000093,631.6730000000093,3,,1.0,0.1,0.31253151423001935,0.0,0.0,False,False,False,False,False,False,,2,False,0.3333333333333333,0.3333333333333333,1.0,True,False,3600.0,5400.0,0.5,,,
controlled/SDR_Adv/prud2_jan21_ivy.csv,2,TAG_GOOGLE,3,1800.0,628.6140000000014,628.6140000000014,3,,1.0,0.1,0.301137621622934,0.0,0.0,False,False,False,False,False,False,,2,False,0.3333333333333333,0.3333333333333333,1.0,True,False,3600.0,5400.0,0.5,,,
controlled/SDR_Adv/scenarios_SDR_Adv__adv0_apple0_google0_samsung0_tile0__20260125_050505/background_only.csv,0,TAG_APPLE,8,1800.0,229.21850275993347,229.21850275993347,8,,1.0,0.26666666666666666,0.48788364273394025,0.0,0.0,False,False,False,False,False,False,,3,False,0.125,0.125,1.0,True,False,1769129936.3438537,1769131736.3438537,0.5,,,
controlled/SDR_Adv/scenarios_SDR_Adv__adv1_apple0_google0_samsung0_tile0__20260125_085817/scenario_tx-10s_rot-10s.csv,0,TAG_APPLE,5,1800.0,53.45587348937988,53.45587348937988,5,,1.0,0.16666666666666666,0.20667490999624188,0.8333333333333334,1.0,False,False,False,False,False,False,,2,False,0.2,0.2,1.0,True,False,1769128135.0665698,1769129935.0665698,0.5,,,
controlled/SDR_Adv/scenarios_SDR_Adv__adv1_apple0_google0_samsung0_tile0__20260125_085817/scenario_tx-10s_rot-10s.csv,1,TAG_APPLE,16,3600.0,1791.5237352848053,1791.5237352848053,15,0.9333333333333333,0.9333333333333333,0.25,0.7356823874977607,0.6267942583732058,1.0,False,True,False,False,True,False,,2,False,0.125,0.125,0.3372900666141285,False,False,1769128135.0665698,1769129935.0665698,0.5,0.0,1.0,False
controlled/SDR_Adv/scenarios_SDR_Adv__adv1_apple0_google0_samsung0_tile0__20260125_085817/scenario_tx-10s_rot-10s.csv,5,TAG_APPLE,4,1800.0,56.0745210647583,56.0745210647583,4,,1.0,0.13333333333333333,0.6645291367645676,0.75,1.0,False,False,False,False,True,False,,7,False,0.25,0.25,1.0,True,False,1769129935.0665698,1769131735.0665698,0.5,3.0,1.0,False
controlled/SDR_Adv/scenarios_SDR_Adv__adv1_apple0_google0_samsung0_tile0__20260125_085817/scenario_tx-10s_rot-10s.csv,4,TAG_APPLE,4,1800.0,602.0312836170197,602.0312836170197,4,,1.0,0.13333333333333333,0.547620674748507,0.04126984126984127,1.0,False,False,False,False,True,False,,7,False,0.25,0.25,1.0,True,False,1769129935.0665698,1769131735.0665698,0.5,2.0,1.0,False
controlled/SDR_Adv/scenarios_SDR_Adv__adv1_apple0_google0_samsung0_tile0__20260125_085817/scenario_tx-10s_rot-10s.csv,6,TAG_APPLE,2,1800.0,26.726816654205322,26.726816654205322,2,,1.0,0.06666666666666667,0.47962841233467807,1.0,1.0,False,False,False,False,False,False,,7,False,0.5,0.5,1.0,True,False,1769129935.0665698,1769131735.0665698,0.5,,,
controlled/SDR_Adv/scenarios_SDR_Adv__adv1_apple0_google0_samsung0_tile0__20260125_085817/scenario_tx-10s_rot-10s.csv,1,TAG_APPLE,4,1800.0,588.7207176685333,588.7207176685333,4,,1.0,0.13333333333333333,0.39856090765141555,0.03468208092485549,1.0,False,False,False,False,False,False,,7,False,0.25,0.25,1.0,True,False,1769129935.0665698,1769131735.0665698,0.5,,,
controlled/SDR_Adv/scenarios_SDR_Adv__adv1_apple0_google0_samsung0_tile0__20260125_085817/scenario_tx-10s_rot-10s.csv,2,TAG_APPLE,4,1800.0,562.0326886177063,562.0326886177063,4,,1.0,0.13333333333333333,0.37991407715722025,0.6666666666666666,1.0,False,False,False,False,False,False,,7,False,0.25,0.25,1.0,True,False,1769129935.0665698,1769131735.0665698,0.5,,,
controlled/SDR_Adv/scenarios_SDR_Adv__adv1_apple0_google0_samsung0_tile0__20260125_085817/scenario_tx-10s_rot-10s.csv,0,TAG_APPLE,2,1800.0,520.1900329589844,520.1900329589844,2,,1.0,0.06666666666666667,0.21228455770441024,0.5454545454545454,1.0,False,False,False,False,False,False,,7,False,0.5,0.5,1.0,True,False,1769129935.0665698,1769131735.0665698,0.5,,,
controlled/SDR_Adv/scenarios_SDR_Adv__adv1_apple0_google0_samsung0_tile0__20260125_085817/scenario_tx-10s_rot-15min.csv,1,TAG_APPLE,2,1800.0,1728.507203578949,1728.507203578949,2,,1.0,0.06666666666666667,0.832959153394635,1.0,1.0,False,False,False,False,True,False,,5,False,0.5,0.5,1.0,True,False,1769128135.0665698,1769129935.0665698,0.5,0.0,2.0,True
controlled/SDR_Adv/scenarios_SDR_Adv__adv1_apple0_google0_samsung0_tile0__20260125_085817/scenario_tx-10s_rot-15min.csv,0,TAG_APPLE,2,1800.0,577.6254844665527,577.6254844665527,2,,1.0,0.06666666666666667,0.24372611868509939,0.0,0.0,False,False,False,False,False,False,,5,False,0.5,0.5,1.0,True,False,1769128135.0665698,1769129935.0665698,0.5,,,
controlled/SDR_Adv/scenarios_SDR_Adv__adv1_apple0_google0_samsung0_tile0__20260125_085817/scenario_tx-10s_rot-15min.csv,0,TAG_APPLE,8,1800.0,229.21850275993347,229.21850275993347,8,,1.0,0.26666666666666666,0.5549537893310672,0.0,0.0,False,False,False,False,True,False,,4,False,0.125,0.125,1.0,True,False,1769129935.0665698,1769131735.0665698,0.5,0.0,2.0,True
controlled/SDR_Adv/scenarios_SDR_Adv__adv1_apple0_google0_samsung0_tile0__20260125_085817/scenario_tx-10s_rot-1min.csv,0,TAG_APPLE,16,3600.0,1794.6790556907654,1794.6790556907654,15,0.9333333333333333,0.9333333333333333,0.25,0.5543326711814976,0.6355140186915887,1.0,False,True,False,False,True,False,,2,False,0.125,0.125,0.3372900666141285,False,False,1769128135.0665698,1769129935.0665698,0.5,0.0,1.0,False
controlled/SDR_Adv/scenarios_SDR_Adv__adv1_apple0_google0_samsung0_tile0__20260125_085817/scenario_tx-10s_rot-1min.csv,1,TAG_APPLE,4,3600.0,667.4583268165588,667.4583268165588,4,1.0,1.0,0.06666666666666667,0.49144129997310537,0.7142857142857143,1.0,False,False,False,False,False,False,,6,False,0.25,0.25,0.8112781244562475,False,False,1769129935.0665698,1769131735.0665698,0.5,,,
controlled/SDR_Adv/scenarios_SDR_Adv__adv1_apple0_google0_samsung0_tile0__20260125_085817/scenario_tx-10s_rot-1min.csv,4,TAG_APPLE,4,1800.0,602.0312836170197,602.0312836170197,4,,1.0,0.13333333333333333,0.5852878645027006,0.059190031152647975,1.0,False,False,False,False,True,False,,6,False,0.25,0.25,1.0,True,False,1769129935.0665698,1769131735.0665698,0.5,3.0,1.0,False
controlled/SDR_Adv/scenarios_SDR_Adv__adv1_apple0_google0_samsung0_tile0__20260125_085817/scenario_tx-10s_rot-1min.csv,3,TAG_APPLE,4,1800.0,548.2205410003662,548.2205410003662,4,,1.0,0.13333333333333333,0.4183285686661765,0.023391812865497075,0.5,False,False,False,False,False,False,,6,False,0.25,0.25,1.0,True,False,1769129935.0665698,1769131735.0665698,0.5,,,
controlled/SDR_Adv/scenarios_SDR_Adv__adv1_apple0_google0_samsung0_tile0__20260125_085817/scenario_tx-10s_rot-1min.csv,0,TAG_APPLE,2,1800.0,2.1549010276794434,2.1549010276794434,2,,1.0,0.06666666666666667,0.23132679008030968,0.5,1.0,False,False,False,False,False,False,,6,False,0.5,0.5,1.0,True,False,1769129935.0665698,1769131735.0665698,0.5,,,
controlled/SDR_Adv/scenarios_SDR_Adv__adv1_apple0_google0_samsung0_tile0__20260125_085817/scenario_tx-10s_rot-2s.csv,0,TAG_APPLE,6,1800.0,53.45587348937988,53.45587348937988,6,,1.0,0.2,0.3077721356870605,0.8333333333333334,1.0,False,False,False,False,False,False,,2,False,0.16666666666666666,0.16666666666666666,1.0,True,False,1769128135.0665698,1769129935.0665698,0.5,,,
controlled/SDR_Adv/scenarios_SDR_Adv__adv1_apple0_google0_samsung0_tile0__20260125_085817/scenario_tx-10s_rot-2s.csv,1,TAG_APPLE,16,3600.0,1791.5237352848053,1791.5237352848053,15,0.9333333333333333,0.9333333333333333,0.25,0.7863611781336873,0.6267942583732058,1.0,False,True,False,False,True,False,,2,False,0.125,0.125,0.3372900666141285,False,False,1769128135.0665698,1769129935.0665698,0.5,0.0,1.0,False
controlled/SDR_Adv/scenarios_SDR_Adv__adv1_apple0_google0_samsung0_tile0__20260125_085817/scenario_tx-10s_rot-2s.csv,4,TAG_APPLE,4,1800.0,521.3585870265961,521.3585870265961,4,,1.0,0.13333333333333333,0.553222047013296,0.03821656050955414,1.0,False,False,False,False,True,False,,7,False,0.25,0.25,1.0,True,False,1769129935.0665698,1769131735.0665698,0.5,1.0,1.0,False
controlled/SDR_Adv/scenarios_SDR_Adv__adv1_apple0_google0_samsung0_tile0__20260125_085817/scenario_tx-10s_rot-2s.csv,2,TAG_APPLE,2,1800.0,26.93416166305542,26.93416166305542,2,,1.0,0.06666666666666667,0.4888903678357999,1.0,1.0,False,False,False,False,False,False,,7,False,0.5,0.5,1.0,True,False,1769129935.0665698,1769131735.0665698,0.5,,,
controlled/SDR_Adv/scenarios_SDR_Adv__adv1_apple0_google0_samsung0_tile0__20260125_085817/scenario_tx-10s_rot-2s.csv,3,TAG_APPLE,2,1800.0,26.726816654205322,26.726816654205322,2,,1.0,0.06666666666666667,0.4784585261364364,1.0,1.0,False,False,False,False,False,False,,7,False,0.5,0.5,1.0,True,False,1769129935.0665698,1769131735.0665698,0.5,,,
controlled/SDR_Adv/scenarios_SDR_Adv__adv1_apple0_google0_samsung0_tile0__20260125_085817/scenario_tx-10s_rot-2s.csv,1,TAG_APPLE,4,1800.0,602.3192555904388,602.3192555904388,4,,1.0,0.13333333333333333,0.3907097200028132,0.037463976945244955,1.0,False,False,False,False,False,False,,7,False,0.25,0.25,1.0,True,False,1769129935.0665698,1769131735.0665698,0.5,,,
controlled/SDR_Adv/scenarios_SDR_Adv__adv1_apple0_google0_samsung0_tile0__20260125_085817/scenario_tx-10s_rot-2s.csv,0,TAG_APPLE,6,3600.0,640.5660798549652,640.5660798549652,5,0.8,0.8,0.08333333333333333,0.3538124790095594,0.6956521739130435,1.0,False,False,False,False,False,False,,7,False,0.3333333333333333,0.3333333333333333,0.6500224216454689,False,False,1769129935.0665698,1769131735.0665698,0.5,,,
controlled/SDR_Adv/scenarios_SDR_Adv__adv1_apple0_google0_samsung0_tile0__20260125_085817/scenario_tx-10s_rot-30s.csv,0,TAG_APPLE,18,3600.0,1794.6790556907654,1794.6790556907654,15,0.8,0.8,0.25,0.5544656220853903,0.6355140186915887,1.0,False,True,False,False,True,False,,2,False,0.1111111111111111,0.1111111111111111,0.6500224216454689,False,False,1769128135.0665698,1769129935.0665698,0.5,0.0,1.0,False
controlled/SDR_Adv/scenarios_SDR_Adv__adv1_apple0_google0_samsung0_tile0__20260125_085817/scenario_tx-10s_rot-30s.csv,0,TAG_APPLE,9,1800.0,574.9482867717743,574.9482867717743,9,,1.0,0.3,0.4928662863030523,0.037786774628879895,1.0,False,False,False,False,False,False,,2,False,0.1111111111111111,0.1111111111111111,1.0,True,False,1769129935.0665698,1769131735.0665698,0.5,,,
controlled/SDR_Adv/scenarios_SDR_Adv__adv1_apple0_google0_samsung0_tile0__20260125_085817/scenario_tx-10s_rot-5min.csv,0,TAG_APPLE,9,3600.0,1794.6790556907654,1794.6790556907654,7,0.7142857142857143,0.7142857142857143,0.11666666666666667,0.7185768568790888,0.6384976525821596,0.7777777777777778,False,False,False,False,True,False,,2,False,0.2222222222222222,0.2222222222222222,0.7642045065057349,False,False,1769128135.0665698,1769129935.0665698,0.5,0.0,2.0,True
controlled/SDR_Adv/scenarios_SDR_Adv__adv1_apple0_google0_samsung0_tile0__20260125_085817/scenario_tx-10s_rot-5min.csv,1,TAG_APPLE,2,3600.0,667.4583268165588,667.4583268165588,2,1.0,1.0,0.03333333333333333,0.3492260621824934,1.0,1.0,False,False,False,False,False,False,,4,False,0.5,0.5,0.9999999999971146,True,False,1769129935.0665698,1769131735.0665698,0.5,,,
controlled/SDR_Adv/scenarios_SDR_Adv__adv1_apple0_google0_samsung0_tile0__20260125_085817/scenario_tx-10s_rot-5min.csv,0,TAG_APPLE,8,1800.0,602.3192555904388,602.3192555904388,8,,1.0,0.26666666666666666,0.5861815260172294,0.05917159763313609,0.25,False,False,False,False,True,False,,4,False,0.125,0.125,1.0,True,False,1769129935.0665698,1769131735.0665698,0.5,0.0,2.0,True
controlled/SDR_Adv/scenarios_SDR_Adv__adv1_apple0_google0_samsung0_tile0__20260125_085817/scenario_tx-15s_rot-10s.csv,1,TAG_APPLE,4,1800.0,53.45587348937988,53.45587348937988,4,,1.0,0.13333333333333333,0.40134027956791146,1.0,1.0,False,False,False,False,False,False,,3,False,0.25,0.25,1.0,True,False,1769128135.0665698,1769129935.0665698,0.5,,,
controlled/SDR_Adv/scenarios_SDR_Adv__adv1_apple0_google0_samsung0_tile0__20260125_085817/scenario_tx-15s_rot-10s.csv,0,TAG_APPLE,16,3600.0,1795.9817113876343,1795.9817113876343,15,0.9333333333333333,0.9333333333333333,0.25,0.646113340939679,0.5568181818181818,1.0,False,True,False,False,True,False,,3,False,0.125,0.125,0.3372900666141285,False,False,1769128135.0665698,1769129935.0665698,0.5,0.0,2.0,True
controlled/SDR_Adv/scenarios_SDR_Adv__adv1_apple0_google0_samsung0_tile0__20260125_085817/scenario_tx-15s_rot-10s.csv,0,TAG_APPLE,9,1800.0,588.7207176685333,588.7207176685333,9,,1.0,0.3,0.5005418084889343,0.02861035422343324,1.0,False,False,False,False,True,False,,2,False,0.1111111111111111,0.1111111111111111,1.0,True,False,1769129935.0665698,1769131735.0665698,0.5,0.0,2.0,True
controlled/SDR_Adv/scenarios_SDR_Adv__adv1_apple0_google0_samsung0_tile0__20260125_085817/scenario_tx-15s_rot-10s.csv,1,TAG_APPLE,10,3600.0,640.4790680408478,640.4790680408478,9,0.8888888888888888,0.8888888888888888,0.15,0.3188902897912548,0.5862068965517241,1.0,False,False,False,False,False,False,,2,False,0.2,0.2,0.9709505944517833,True,False,1769129935.0665698,1769131735.0665698,0.5,,,
controlled/SDR_Adv/scenarios_SDR_Adv__adv1_apple0_google0_samsung0_tile0__20260125_085817/scenario_tx-15s_rot-15min.csv,2,TAG_APPLE,2,1800.0,1728.9729917049408,1728.9729917049408,2,,1.0,0.06666666666666667,0.6560134141483764,1.0,1.0,False,False,False,False,True,False,,6,False,0.5,0.5,1.0,True,False,1769128135.0665698,1769129935.0665698,0.5,1.0,2.0,True
controlled/SDR_Adv/scenarios_SDR_Adv__adv1_apple0_google0_samsung0_tile0__20260125_085817/scenario_tx-15s_rot-15min.csv,0,TAG_APPLE,8,1800.0,229.21850275993347,229.21850275993347,8,,1.0,0.26666666666666666,0.5163915633457585,0.0,0.0,False,False,False,False,True,False,,4,False,0.125,0.125,1.0,True,False,1769129935.0665698,1769131735.0665698,0.5,1.0,2.0,True
controlled/SDR_Adv/scenarios_SDR_Adv__adv1_apple0_google0_samsung0_tile0__20260125_085817/scenario_tx-15s_rot-1min.csv,0,TAG_APPLE,17,3600.0,1799.1370317935944,1799.1370317935944,15,0.8666666666666667,0.8666666666666667,0.25,0.4935417796500267,0.5666666666666667,1.0,False,True,False,False,False,False,,2,False,0.11764705882352941,0.11764705882352941,0.5225593745340554,False,False,1769128135.0665698,1769129935.0665698,0.5,,,
controlled/SDR_Adv/scenarios_SDR_Adv__adv1_apple0_google0_samsung0_tile0__20260125_085817/scenario_tx-15s_rot-1min.csv,0,TAG_APPLE,8,1800.0,429.4747884273529,429.4747884273529,8,,1.0,0.26666666666666666,0.4800777722154313,0.0319634703196347,0.75,False,False,False,False,False,False,,3,False,0.125,0.125,1.0,True,False,1769129935.0665698,1769131735.0665698,0.5,,,
controlled/SDR_Adv/scenarios_SDR_Adv__adv1_apple0_google0_samsung0_tile0__20260125_085817/scenario_tx-15s_rot-1min.csv,1,TAG_APPLE,7,3600.0,658.2812414169312,658.2812414169312,5,0.6,0.6,0.08333333333333333,0.29166703669016164,0.52,1.0,False,False,False,False,False,False,,3,False,0.2857142857142857,0.2857142857142857,0.8631205685637457,True,False,1769129935.0665698,1769131735.0665698,0.5,,,
controlled/SDR_Adv/scenarios_SDR_Adv__adv1_apple0_google0_samsung0_tile0__20260125_085817/scenario_tx-15s_rot-2s.csv,1,TAG_APPLE,3,1800.0,53.45587348937988,53.45587348937988,3,,1.0,0.1,0.3431570300948086,1.0,1.0,False,False,False,False,False,False,,3,False,0.3333333333333333,0.3333333333333333,1.0,True,False,1769128135.0665698,1769129935.0665698,0.5,,,
controlled/SDR_Adv/scenarios_SDR_Adv__adv1_apple0_google0_samsung0_tile0__20260125_085817/scenario_tx-15s_rot-2s.csv,0,TAG_APPLE,16,3600.0,1795.9817113876343,1795.9817113876343,15,0.9333333333333333,0.9333333333333333,0.25,0.7714421678512879,0.559322033898305,1.0,False,True,False,False,True,False,,3,False,0.125,0.125,0.3372900666141285,False,False,1769128135.0665698,1769129935.0665698,0.5,0.0,1.0,False
controlled/SDR_Adv/scenarios_SDR_Adv__adv1_apple0_google0_samsung0_tile0__20260125_085817/scenario_tx-15s_rot-2s.csv,4,TAG_APPLE,4,1800.0,500.0564818382263,500.0564818382263,4,,1.0,0.13333333333333333,0.5388795580519375,0.025806451612903226,1.0,False,False,False,False,True,False,,7,False,0.25,0.25,1.0,True,False,1769129935.0665698,1769131735.0665698,0.5,2.0,1.0,False
controlled/SDR_Adv/scenarios_SDR_Adv__adv1_apple0_google0_samsung0_tile0__20260125_085817/scenario_tx-15s_rot-2s.csv,0,TAG_APPLE,4,1800.0,46.897435665130615,46.897435665130615,4,,1.0,0.13333333333333333,0.4601416936844828,0.75,1.0,False,False,False,False,False,False,,7,False,0.25,0.25,1.0,True,False,1769129935.0665698,1769131735.0665698,0.5,,,
controlled/SDR_Adv/scenarios_SDR_Adv__adv1_apple0_google0_samsung0_tile0__20260125_085817/scenario_tx-15s_rot-2s.csv,3,TAG_APPLE,4,1800.0,588.7207176685333,588.7207176685333,4,,1.0,0.13333333333333333,0.38993102294766985,0.03188405797101449,1.0,False,False,False,False,False,False,,7,False,0.25,0.25,1.0,True,False,1769129935.0665698,1769131735.0665698,0.5,,,
controlled/SDR_Adv/scenarios_SDR_Adv__adv1_apple0_google0_samsung0_tile0__20260125_085817/scenario_tx-15s_rot-2s.csv,2,TAG_APPLE,2,1800.0,553.490156173706,553.490156173706,2,,1.0,0.06666666666666667,0.37102499964872654,0.45454545454545453,1.0,False,False,False,False,False,False,,7,False,0.5,0.5,1.0,True,False,1769129935.0665698,1769131735.0665698,0.5,,,
controlled/SDR_Adv/scenarios_SDR_Adv__adv1_apple0_google0_samsung0_tile0__20260125_085817/scenario_tx-15s_rot-2s.csv,1,TAG_APPLE,3,1800.0,532.9229667186737,532.9229667186737,3,,1.0,0.1,0.3538345734102409,1.0,1.0,False,False,False,False,False,False,,7,False,0.3333333333333333,0.3333333333333333,1.0,True,False,1769129935.0665698,1769131735.0665698,0.5,,,
controlled/SDR_Adv/scenarios_SDR_Adv__adv1_apple0_google0_samsung0_tile0__20260125_085817/scenario_tx-15s_rot-30s.csv,0,TAG_APPLE,18,3600.0,1799.1370317935944,1799.1370317935944,15,0.8,0.8,0.25,0.5555102604838226,0.5666666666666667,1.0,False,True,False,False,True,False,,2,False,0.1111111111111111,0.1111111111111111,0.6500224216454689,False,False,1769128135.0665698,1769129935.0665698,0.5,0.0,1.0,False
controlled/SDR_Adv/scenarios_SDR_Adv__adv1_apple0_google0_samsung0_tile0__20260125_085817/scenario_tx-15s_rot-30s.csv,1,TAG_APPLE,2,3600.0,587.7392382621765,587.7392382621765,2,1.0,1.0,0.03333333333333333,0.1734574009870883,0.4444444444444444,1.0,False,False,False,False,False,False,,5,False,0.5,0.5,0.9999999999971146,True,False,1769129935.0665698,1769131735.0665698,0.5,,,
controlled/SDR_Adv/scenarios_SDR_Adv__adv1_apple0_google0_samsung0_tile0__20260125_085817/scenario_tx-15s_rot-30s.csv,4,TAG_APPLE,4,1800.0,552.6065504550934,552.6065504550934,4,,1.0,0.13333333333333333,0.5373397870063454,0.028938906752411574,1.0,False,False,False,False,True,False,,5,False,0.25,0.25,1.0,True,False,1769129935.0665698,1769131735.0665698,0.5,3.0,1.0,False
controlled/SDR_Adv/scenarios_SDR_Adv__adv1_apple0_google0_samsung0_tile0__20260125_085817/scenario_tx-15s_rot-30s.csv,3,TAG_APPLE,4,1800.0,606.8317387104034,606.8317387104034,4,,1.0,0.13333333333333333,0.38059475059148945,0.03188405797101449,1.0,False,False,False,False,False,False,,5,False,0.25,0.25,1.0,True,False,1769129935.0665698,1769131735.0665698,0.5,,,
controlled/SDR_Adv/scenarios_SDR_Adv__adv1_apple0_google0_samsung0_tile0__20260125_085817/scenario_tx-15s_rot-30s.csv,0,TAG_APPLE,7,3600.0,604.5713455677032,604.5713455677032,6,0.8333333333333334,0.8333333333333334,0.1,0.46571514657084484,0.6111111111111112,1.0,False,False,False,False,False,False,,5,False,0.2857142857142857,0.2857142857142857,0.8631205685637457,True,False,1769129935.0665698,1769131735.0665698,0.5,,,
controlled/SDR_Adv/scenarios_SDR_Adv__adv1_apple0_google0_samsung0_tile0__20260125_085817/scenario_tx-15s_rot-5min.csv,0,TAG_APPLE,9,3600.0,1799.1370317935944,1799.1370317935944,7,0.7142857142857143,0.7142857142857143,0.11666666666666667,0.554911275267681,0.5698324022346368,0.7777777777777778,False,False,False,False,True,False,,2,False,0.2222222222222222,0.2222222222222222,0.7642045065057349,False,False,1769128135.0665698,1769129935.0665698,0.5,0.0,1.0,False
controlled/SDR_Adv/scenarios_SDR_Adv__adv1_apple0_google0_samsung0_tile0__20260125_085817/scenario_tx-15s_rot-5min.csv,0,TAG_APPLE,8,1800.0,375.64256167411804,375.64256167411804,8,,1.0,0.26666666666666666,0.47916955010179124,0.03343465045592705,0.25,False,False,False,False,False,False,,4,False,0.125,0.125,1.0,True,False,1769129935.0665698,1769131735.0665698,0.5,,,
controlled/SDR_Adv/scenarios_SDR_Adv__adv1_apple0_google0_samsung0_tile0__20260125_085817/scenario_tx-1min_rot-10s.csv,0,TAG_APPLE,12,3600.0,1754.5044066905975,1754.5044066905975,11,0.9090909090909091,0.9090909090909091,0.18333333333333332,0.48766031506753466,0.88,1.0,False,False,False,False,False,False,,3,False,0.16666666666666666,0.16666666666666666,0.4138168503007484,False,False,1769128135.0665698,1769129935.0665698,0.5,,,
controlled/SDR_Adv/scenarios_SDR_Adv__adv1_apple0_google0_samsung0_tile0__20260125_085817/scenario_tx-1min_rot-10s.csv,1,TAG_APPLE,5,3600.0,564.0409767627716,564.0409767627716,5,1.0,1.0,0.08333333333333333,0.5107527911561561,0.8,0.8,False,False,False,False,True,False,,5,False,0.2,0.2,0.9709505944517833,True,False,1769129935.0665698,1769131735.0665698,0.5,0.0,1.0,False
controlled/SDR_Adv/scenarios_SDR_Adv__adv1_apple0_google0_samsung0_tile0__20260125_085817/scenario_tx-1min_rot-10s.csv,4,TAG_APPLE,4,1800.0,473.24023485183716,473.24023485183716,4,,1.0,0.13333333333333333,0.4722876247712118,0.006578947368421052,0.75,False,False,False,False,False,False,,5,False,0.25,0.25,1.0,True,False,1769129935.0665698,1769131735.0665698,0.5,,,
controlled/SDR_Adv/scenarios_SDR_Adv__adv1_apple0_google0_samsung0_tile0__20260125_085817/scenario_tx-1min_rot-10s.csv,2,TAG_APPLE,4,1800.0,535.2105870246887,535.2105870246887,4,,1.0,0.13333333333333333,0.36609980855147606,0.008902077151335312,0.75,False,False,False,False,False,False,,5,False,0.25,0.25,1.0,True,False,1769129935.0665698,1769131735.0665698,0.5,,,
controlled/SDR_Adv/scenarios_SDR_Adv__adv1_apple0_google0_samsung0_tile0__20260125_085817/scenario_tx-1min_rot-10s.csv,0,TAG_APPLE,2,1800.0,557.8357181549072,557.8357181549072,2,,1.0,0.06666666666666667,0.20422486594759948,0.08333333333333333,0.5,False,False,False,False,False,False,,5,False,0.5,0.5,1.0,True,False,1769129935.0665698,1769131735.0665698,0.5,,,
controlled/SDR_Adv/scenarios_SDR_Adv__adv1_apple0_google0_samsung0_tile0__20260125_085817/scenario_tx-1min_rot-15min.csv,1,TAG_APPLE,2,1800.0,577.6254844665527,577.6254844665527,2,,1.0,0.06666666666666667,0.22785387576666086,0.0,0.0,False,False,False,False,False,False,,4,False,0.5,0.5,1.0,True,False,1769128135.0665698,1769129935.0665698,0.5,,,
controlled/SDR_Adv/scenarios_SDR_Adv__adv1_apple0_google0_samsung0_tile0__20260125_085817/scenario_tx-1min_rot-15min.csv,0,TAG_APPLE,9,1800.0,597.5825064182281,597.5825064182281,9,,1.0,0.3,0.5178899910161999,0.015479876160990712,0.1111111111111111,False,False,False,False,True,False,,3,False,0.1111111111111111,0.1111111111111111,1.0,True,False,1769129935.0665698,1769131735.0665698,0.5,0.0,1.0,False
controlled/SDR_Adv/scenarios_SDR_Adv__adv1_apple0_google0_samsung0_tile0__20260125_085817/scenario_tx-1min_rot-15min.csv,1,TAG_APPLE,4,3600.0,605.7549562454224,605.7549562454224,3,0.6666666666666667,0.6666666666666666,0.05,0.18747297081939604,0.07692307692307693,0.25,False,False,False,False,False,False,,3,False,0.5,0.5,0.9999999999971146,True,False,1769129935.0665698,1769131735.0665698,0.5,,,
controlled/SDR_Adv/scenarios_SDR_Adv__adv1_apple0_google0_samsung0_tile0__20260125_085817/scenario_tx-1min_rot-1min.csv,1,TAG_APPLE,3,3600.0,996.4438066482544,996.4438066482544,3,1.0,1.0,0.05,0.279717365688786,0.6666666666666666,1.0,False,False,False,False,False,False,,3,False,0.3333333333333333,0.3333333333333333,0.9182958340516042,True,False,1769128135.0665698,1769129935.0665698,0.5,,,
controlled/SDR_Adv/scenarios_SDR_Adv__adv1_apple0_google0_samsung0_tile0__20260125_085817/scenario_tx-1min_rot-1min.csv,0,TAG_APPLE,14,3600.0,1754.5044066905975,1754.5044066905975,13,0.9230769230769231,0.9230769230769231,0.21666666666666667,0.5395660131399661,0.7352941176470589,1.0,False,False,False,False,True,False,,3,False,0.14285714285714285,0.07142857142857142,0.591672778579442,False,False,1769128135.0665698,1769129935.0665698,0.5,0.0,2.0,True
controlled/SDR_Adv/scenarios_SDR_Adv__adv1_apple0_google0_samsung0_tile0__20260125_085817/scenario_tx-1min_rot-1min.csv,3,TAG_APPLE,3,3600.0,311.1764008998871,311.1764008998871,3,1.0,1.0,0.05,0.5496353953507447,0.6666666666666666,0.6666666666666666,False,False,False,False,True,False,,5,False,0.3333333333333333,0.3333333333333333,0.9182958340516042,True,False,1769129935.0665698,1769131735.0665698,0.5,0.0,2.0,True
controlled/SDR_Adv/scenarios_SDR_Adv__adv1_apple0_google0_samsung0_tile0__20260125_085817/scenario_tx-1min_rot-1min.csv,0,TAG_APPLE,5,1800.0,534.9226150512695,534.9226150512695,5,,1.0,0.16666666666666666,0.48626832419196464,0.0103359173126615,1.0,False,False,False,False,False,False,,5,False,0.2,0.2,1.0,True,False,1769129935.0665698,1769131735.0665698,0.5,,,
controlled/SDR_Adv/scenarios_SDR_Adv__adv1_apple0_google0_samsung0_tile0__20260125_085817/scenario_tx-1min_rot-1min.csv,4,TAG_APPLE,3,1800.0,411.35842967033386,411.35842967033386,3,,1.0,0.1,0.328828912674114,0.01171875,1.0,False,False,False,False,False,False,,5,False,0.3333333333333333,0.3333333333333333,1.0,True,False,1769129935.0665698,1769131735.0665698,0.5,,,
controlled/SDR_Adv/scenarios_SDR_Adv__adv1_apple0_google0_samsung0_tile0__20260125_085817/scenario_tx-1min_rot-1min.csv,1,TAG_APPLE,2,1800.0,542.8242526054382,542.8242526054382,2,,1.0,0.06666666666666667,0.2078789582330596,0.08333333333333333,0.5,False,False,False,False,False,False,,5,False,0.5,0.5,1.0,True,False,1769129935.0665698,1769131735.0665698,0.5,,,
controlled/SDR_Adv/scenarios_SDR_Adv__adv1_apple0_google0_samsung0_tile0__20260125_085817/scenario_tx-1min_rot-2s.csv,1,TAG_APPLE,10,1800.0,1569.2820613384247,1569.2820613384247,10,,1.0,0.3333333333333333,0.4421108759145581,0.6785714285714286,1.0,False,False,False,False,False,False,,3,False,0.1,0.1,1.0,True,False,1769128135.0665698,1769129935.0665698,0.5,,,
controlled/SDR_Adv/scenarios_SDR_Adv__adv1_apple0_google0_samsung0_tile0__20260125_085817/scenario_tx-1min_rot-2s.csv,0,TAG_APPLE,7,3600.0,1441.9436962604523,1441.9436962604523,5,0.6,0.6,0.08333333333333333,0.3010051441244096,0.8888888888888888,1.0,False,False,False,False,False,False,,3,False,0.2857142857142857,0.14285714285714285,0.9852281360313663,True,False,1769128135.0665698,1769129935.0665698,0.5,,,
controlled/SDR_Adv/scenarios_SDR_Adv__adv1_apple0_google0_samsung0_tile0__20260125_085817/scenario_tx-1min_rot-2s.csv,4,TAG_APPLE,2,1800.0,188.58333349227905,188.58333349227905,2,,1.0,0.06666666666666667,0.5393211382989188,1.0,1.0,False,False,False,False,True,False,,6,False,0.5,0.5,1.0,True,False,1769129935.0665698,1769131735.0665698,0.5,2.0,1.0,False
controlled/SDR_Adv/scenarios_SDR_Adv__adv1_apple0_google0_samsung0_tile0__20260125_085817/scenario_tx-1min_rot-2s.csv,0,TAG_APPLE,4,1800.0,534.9226150512695,534.9226150512695,4,,1.0,0.13333333333333333,0.46479403673400543,0.009836065573770493,0.75,False,False,False,False,False,False,,6,False,0.25,0.25,1.0,True,False,1769129935.0665698,1769131735.0665698,0.5,,,
controlled/SDR_Adv/scenarios_SDR_Adv__adv1_apple0_google0_samsung0_tile0__20260125_085817/scenario_tx-1min_rot-2s.csv,1,TAG_APPLE,4,1800.0,473.52820682525635,473.52820682525635,4,,1.0,0.13333333333333333,0.3905877435552906,0.008902077151335312,0.75,False,False,False,False,False,False,,6,False,0.25,0.25,1.0,True,False,1769129935.0665698,1769131735.0665698,0.5,,,
controlled/SDR_Adv/scenarios_SDR_Adv__adv1_apple0_google0_samsung0_tile0__20260125_085817/scenario_tx-1min_rot-30s.csv,0,TAG_APPLE,12,1800.0,1631.053680896759,1631.053680896759,12,,1.0,0.4,0.47574030899820735,0.7272727272727273,1.0,False,False,False,False,False,False,,3,False,0.08333333333333333,0.08333333333333333,1.0,True,False,1769128135.0665698,1769129935.0665698,0.5,,,
controlled/SDR_Adv/scenarios_SDR_Adv__adv1_apple0_google0_samsung0_tile0__20260125_085817/scenario_tx-1min_rot-30s.csv,1,TAG_APPLE,4,3600.0,996.4438066482544,996.4438066482544,3,0.6666666666666667,0.6666666666666666,0.05,0.192734658385495,0.75,1.0,False,False,False,False,False,False,,3,False,0.5,0.25,0.9999999999971146,True,False,1769128135.0665698,1769129935.0665698,0.5,,,
controlled/SDR_Adv/scenarios_SDR_Adv__adv1_apple0_google0_samsung0_tile0__20260125_085817/scenario_tx-1min_rot-30s.csv,1,TAG_APPLE,3,3600.0,391.7112548351288,391.7112548351288,3,1.0,1.0,0.05,0.9422947604478169,0.6666666666666666,1.0,False,False,False,False,True,False,,7,False,0.3333333333333333,0.3333333333333333,0.9182958340516042,True,False,1769129935.0665698,1769131735.0665698,0.5,1.0,1.0,False
controlled/SDR_Adv/scenarios_SDR_Adv__adv1_apple0_google0_samsung0_tile0__20260125_085817/scenario_tx-1min_rot-30s.csv,6,TAG_APPLE,2,3600.0,564.0409767627716,564.0409767627716,2,1.0,1.0,0.03333333333333333,0.7017591021669417,1.0,1.0,False,False,False,False,True,False,,7,False,0.5,0.5,0.9999999999971146,True,False,1769129935.0665698,1769131735.0665698,0.5,5.0,1.0,False
controlled/SDR_Adv/scenarios_SDR_Adv__adv1_apple0_google0_samsung0_tile0__20260125_085817/scenario_tx-1min_rot-30s.csv,0,TAG_APPLE,4,1800.0,534.9226150512695,534.9226150512695,4,,1.0,0.13333333333333333,0.4649022047516417,0.013071895424836602,1.0,False,False,False,False,False,False,,7,False,0.25,0.25,1.0,True,False,1769129935.0665698,1769131735.0665698,0.5,,,
controlled/SDR_Adv/scenarios_SDR_Adv__adv1_apple0_google0_samsung0_tile0__20260125_085817/scenario_tx-1min_rot-30s.csv,2,TAG_APPLE,4,1800.0,411.35842967033386,411.35842967033386,4,,1.0,0.13333333333333333,0.38101843357624104,0.005952380952380952,0.5,False,False,False,False,False,False,,7,False,0.25,0.25,1.0,True,False,1769129935.0665698,1769131735.0665698,0.5,,,
controlled/SDR_Adv/scenarios_SDR_Adv__adv1_apple0_google0_samsung0_tile0__20260125_085817/scenario_tx-1min_rot-5min.csv,0,TAG_APPLE,6,3600.0,1754.5044066905975,1754.5044066905975,5,0.8,0.8,0.08333333333333333,0.44461568588347433,0.78125,1.0,False,False,False,False,False,False,,4,False,0.3333333333333333,0.16666666666666666,0.6500224216454689,False,False,1769128135.0665698,1769129935.0665698,0.5,,,
controlled/SDR_Adv/scenarios_SDR_Adv__adv1_apple0_google0_samsung0_tile0__20260125_085817/scenario_tx-1min_rot-5min.csv,1,TAG_APPLE,4,1800.0,220.02680468559265,220.02680468559265,4,,1.0,0.13333333333333333,0.48311219569972114,0.0,0.0,False,False,False,False,False,False,,6,False,0.25,0.25,1.0,True,False,1769129935.0665698,1769131735.0665698,0.5,,,
controlled/SDR_Adv/scenarios_SDR_Adv__adv1_apple0_google0_samsung0_tile0__20260125_085817/scenario_tx-1min_rot-5min.csv,2,TAG_APPLE,4,1800.0,229.21850275993347,229.21850275993347,4,,1.0,0.13333333333333333,0.41283857050224265,0.0,0.0,False,False,False,False,False,False,,6,False,0.25,0.25,1.0,True,False,1769129935.0665698,1769131735.0665698,0.5,,,
controlled/SDR_Adv/scenarios_SDR_Adv__adv1_apple0_google0_samsung0_tile0__20260125_085817/scenario_tx-1min_rot-5min.csv,4,TAG_APPLE,2,1800.0,501.1102731227875,501.1102731227875,2,,1.0,0.06666666666666667,0.23553197689229052,1.0,1.0,False,False,False,False,False,False,,6,False,0.5,0.5,1.0,True,False,1769129935.0665698,1769131735.0665698,0.5,,,
controlled/SDR_Adv/scenarios_SDR_Adv__adv1_apple0_google0_samsung0_tile0__20260125_085817/scenario_tx-1min_rot-5min.csv,0,TAG_APPLE,4,3600.0,627.1920239925385,627.1920239925385,3,0.6666666666666667,0.6666666666666666,0.05,0.3184602636922897,0.2222222222222222,0.5,False,False,False,False,False,False,,6,False,0.5,0.5,0.9999999999971146,True,False,1769129935.0665698,1769131735.0665698,0.5,,,
controlled/SDR_Adv/scenarios_SDR_Adv__adv1_apple0_google0_samsung0_tile0__20260125_085817/scenario_tx-2s_rot-10s.csv,0,TAG_APPLE,8,1800.0,62.052008628845215,62.052008628845215,8,,1.0,0.26666666666666666,0.32676584421147664,0.9375,1.0,False,False,False,False,False,False,,2,False,0.125,0.125,1.0,True,False,1769128135.0665698,1769129935.0665698,0.5,,,
controlled/SDR_Adv/scenarios_SDR_Adv__adv1_apple0_google0_samsung0_tile0__20260125_085817/scenario_tx-2s_rot-10s.csv,1,TAG_APPLE,16,3600.0,1795.9817113876343,1795.9817113876343,15,0.9333333333333333,0.9333333333333333,0.25,0.7896770288019862,0.8333333333333334,1.0,False,True,False,False,True,False,,2,False,0.125,0.125,0.3372900666141285,False,False,1769128135.0665698,1769129935.0665698,0.5,0.0,1.0,False
controlled/SDR_Adv/scenarios_SDR_Adv__adv1_apple0_google0_samsung0_tile0__20260125_085817/scenario_tx-2s_rot-10s.csv,1,TAG_APPLE,9,1800.0,611.2394831180573,611.2394831180573,9,,1.0,0.3,0.5011164620251922,0.10314465408805032,1.0,False,False,False,False,True,False,,2,False,0.1111111111111111,0.1111111111111111,1.0,True,False,1769129935.0665698,1769131735.0665698,0.5,2.0,1.0,False
controlled/SDR_Adv/scenarios_SDR_Adv__adv1_apple0_google0_samsung0_tile0__20260125_085817/scenario_tx-2s_rot-10s.csv,0,TAG_APPLE,13,3600.0,623.1078252792358,623.1078252792358,11,0.8181818181818181,0.8181818181818182,0.18333333333333332,0.6329693928062233,0.8536585365853658,1.0,False,False,False,False,True,False,,2,False,0.15384615384615385,0.15384615384615385,0.9957274520820402,True,False,1769129935.0665698,1769131735.0665698,0.5,1.0,1.0,False
controlled/SDR_Adv/scenarios_SDR_Adv__adv1_apple0_google0_samsung0_tile0__20260125_085817/scenario_tx-2s_rot-15min.csv,0,TAG_APPLE,3,3600.0,1670.9322791099548,1670.9322791099548,3,1.0,1.0,0.05,0.22874254883286893,0.0,0.3333333333333333,False,False,False,False,False,False,,2,False,0.3333333333333333,0.3333333333333333,0.9182958340516042,True,False,1769128135.0665698,1769129935.0665698,0.5,,,
controlled/SDR_Adv/scenarios_SDR_Adv__adv1_apple0_google0_samsung0_tile0__20260125_085817/scenario_tx-2s_rot-15min.csv,0,TAG_APPLE,9,3600.0,674.4348657131195,674.4348657131195,8,0.875,0.875,0.13333333333333333,0.4459482781098419,0.19289340101522842,0.2222222222222222,False,False,False,False,False,False,,3,False,0.2222222222222222,0.1111111111111111,0.5032583347727604,False,False,1769129935.0665698,1769131735.0665698,0.5,,,
controlled/SDR_Adv/scenarios_SDR_Adv__adv1_apple0_google0_samsung0_tile0__20260125_085817/scenario_tx-2s_rot-1min.csv,0,TAG_APPLE,17,3600.0,1799.1370317935944,1799.1370317935944,15,0.8666666666666667,0.8666666666666667,0.25,0.5906476162070352,0.8364389233954451,1.0,False,True,False,False,True,False,,2,False,0.11764705882352941,0.11764705882352941,0.5225593745340554,False,False,1769128135.0665698,1769129935.0665698,0.5,0.0,2.0,True
controlled/SDR_Adv/scenarios_SDR_Adv__adv1_apple0_google0_samsung0_tile0__20260125_085817/scenario_tx-2s_rot-1min.csv,1,TAG_APPLE,6,3600.0,672.2028970718384,672.2028970718384,6,1.0,1.0,0.1,0.8317936633432781,0.8690476190476191,1.0,False,False,False,False,True,False,,4,False,0.16666666666666666,0.16666666666666666,0.6500224216454689,False,False,1769129935.0665698,1769131735.0665698,0.5,2.0,1.0,False
controlled/SDR_Adv/scenarios_SDR_Adv__adv1_apple0_google0_samsung0_tile0__20260125_085817/scenario_tx-2s_rot-1min.csv,0,TAG_APPLE,8,1800.0,611.2394831180573,611.2394831180573,8,,1.0,0.26666666666666666,0.5143065548746198,0.1092436974789916,0.75,False,False,False,False,True,False,,4,False,0.125,0.125,1.0,True,False,1769129935.0665698,1769131735.0665698,0.5,0.0,2.0,True
controlled/SDR_Adv/scenarios_SDR_Adv__adv1_apple0_google0_samsung0_tile0__20260125_085817/scenario_tx-2s_rot-1min.csv,2,TAG_APPLE,2,1800.0,2.1549010276794434,2.1549010276794434,2,,1.0,0.06666666666666667,0.21343481955794386,0.5,1.0,False,False,False,False,False,False,,4,False,0.5,0.5,1.0,True,False,1769129935.0665698,1769131735.0665698,0.5,,,
controlled/SDR_Adv/scenarios_SDR_Adv__adv1_apple0_google0_samsung0_tile0__20260125_085817/scenario_tx-2s_rot-2s.csv,0,TAG_APPLE,11,1800.0,57.891430139541626,57.891430139541626,11,,1.0,0.36666666666666664,0.5125971701223234,1.0,1.0,False,False,False,False,True,False,,3,False,0.09090909090909091,0.09090909090909091,1.0,True,False,1769128135.0665698,1769129935.0665698,0.5,0.0,1.0,False
controlled/SDR_Adv/scenarios_SDR_Adv__adv1_apple0_google0_samsung0_tile0__20260125_085817/scenario_tx-2s_rot-2s.csv,2,TAG_APPLE,2,1800.0,48.94776773452759,48.94776773452759,2,,1.0,0.06666666666666667,0.43205420683757534,1.0,1.0,False,False,False,False,False,False,,3,False,0.5,0.5,1.0,True,False,1769128135.0665698,1769129935.0665698,0.5,,,
controlled/SDR_Adv/scenarios_SDR_Adv__adv1_apple0_google0_samsung0_tile0__20260125_085817/scenario_tx-2s_rot-2s.csv,1,TAG_APPLE,17,3600.0,1797.8597478866577,1797.8597478866577,15,0.8666666666666667,0.8666666666666667,0.25,1.2831509781450363,0.832271762208068,1.0,False,True,False,False,True,False,,3,False,0.11764705882352941,0.11764705882352941,0.5225593745340554,False,False,1769128135.0665698,1769129935.0665698,0.5,1.0,1.0,False
controlled/SDR_Adv/scenarios_SDR_Adv__adv1_apple0_google0_samsung0_tile0__20260125_085817/scenario_tx-2s_rot-2s.csv,0,TAG_APPLE,13,1800.0,58.6641902923584,58.6641902923584,13,,1.0,0.43333333333333335,0.6909842099740351,1.0,1.0,False,False,False,False,True,False,,4,False,0.07692307692307693,0.07692307692307693,1.0,True,False,1769129935.0665698,1769131735.0665698,0.5,2.0,1.0,False
controlled/SDR_Adv/scenarios_SDR_Adv__adv1_apple0_google0_samsung0_tile0__20260125_085817/scenario_tx-2s_rot-2s.csv,3,TAG_APPLE,4,1800.0,602.3192555904388,602.3192555904388,4,,1.0,0.13333333333333333,0.38804758280667645,0.09973045822102426,1.0,False,False,False,False,False,False,,4,False,0.25,0.25,1.0,True,False,1769129935.0665698,1769131735.0665698,0.5,,,
controlled/SDR_Adv/scenarios_SDR_Adv__adv1_apple0_google0_samsung0_tile0__20260125_085817/scenario_tx-2s_rot-2s.csv,1,TAG_APPLE,5,1800.0,606.7463095188141,606.7463095188141,5,,1.0,0.16666666666666666,0.2531312761014704,0.10823529411764705,1.0,False,False,False,False,False,False,,4,False,0.2,0.2,1.0,True,False,1769129935.0665698,1769131735.0665698,0.5,,,
controlled/SDR_Adv/scenarios_SDR_Adv__adv1_apple0_google0_samsung0_tile0__20260125_085817/scenario_tx-2s_rot-2s.csv,2,TAG_APPLE,7,3600.0,617.5493805408478,617.5493805408478,6,0.8333333333333334,0.8333333333333334,0.1,0.7092092807983763,0.8235294117647058,1.0,False,False,False,False,True,False,,4,False,0.2857142857142857,0.2857142857142857,0.591672778579442,False,False,1769129935.0665698,1769131735.0665698,0.5,3.0,1.0,False
controlled/SDR_Adv/scenarios_SDR_Adv__adv1_apple0_google0_samsung0_tile0__20260125_085817/scenario_tx-2s_rot-30s.csv,1,TAG_APPLE,2,1800.0,60.77472472190857,60.77472472190857,2,,1.0,0.06666666666666667,0.13661558452312086,0.5,1.0,False,False,False,False,False,False,,2,False,0.5,0.5,1.0,True,False,1769128135.0665698,1769129935.0665698,0.5,,,
controlled/SDR_Adv/scenarios_SDR_Adv__adv1_apple0_google0_samsung0_tile0__20260125_085817/scenario_tx-2s_rot-30s.csv,0,TAG_APPLE,18,3600.0,1799.1370317935944,1799.1370317935944,15,0.8,0.8,0.25,0.8760861169572053,0.8381742738589212,1.0,False,True,False,False,True,False,,2,False,0.1111111111111111,0.1111111111111111,0.6500224216454689,False,False,1769128135.0665698,1769129935.0665698,0.5,0.0,1.0,False
controlled/SDR_Adv/scenarios_SDR_Adv__adv1_apple0_google0_samsung0_tile0__20260125_085817/scenario_tx-2s_rot-30s.csv,4,TAG_APPLE,4,1800.0,557.1965384483337,557.1965384483337,4,,1.0,0.13333333333333333,0.5608961455537879,0.11176470588235295,1.0,False,False,False,False,True,False,,5,False,0.25,0.25,1.0,True,False,1769129935.0665698,1769131735.0665698,0.5,3.0,1.0,False
controlled/SDR_Adv/scenarios_SDR_Adv__adv1_apple0_google0_samsung0_tile0__20260125_085817/scenario_tx-2s_rot-30s.csv,3,TAG_APPLE,4,1800.0,611.2394831180573,611.2394831180573,4,,1.0,0.13333333333333333,0.39350446024500757,0.10695187165775401,1.0,False,False,False,False,False,False,,5,False,0.25,0.25,1.0,True,False,1769129935.0665698,1769131735.0665698,0.5,,,
controlled/SDR_Adv/scenarios_SDR_Adv__adv1_apple0_google0_samsung0_tile0__20260125_085817/scenario_tx-2s_rot-30s.csv,1,TAG_APPLE,2,1800.0,2.1549010276794434,2.1549010276794434,2,,1.0,0.06666666666666667,0.20512618785616715,0.5,1.0,False,False,False,False,False,False,,5,False,0.5,0.5,1.0,True,False,1769129935.0665698,1769131735.0665698,0.5,,,
controlled/SDR_Adv/scenarios_SDR_Adv__adv1_apple0_google0_samsung0_tile0__20260125_085817/scenario_tx-2s_rot-30s.csv,0,TAG_APPLE,8,3600.0,623.1078252792358,623.1078252792358,7,0.8571428571428572,0.8571428571428571,0.11666666666666667,0.7673002353494236,0.8571428571428571,1.0,False,False,False,False,True,False,,5,False,0.25,0.125,0.8112781244562475,False,False,1769129935.0665698,1769131735.0665698,0.5,1.0,1.0,False
controlled/SDR_Adv/scenarios_SDR_Adv__adv1_apple0_google0_samsung0_tile0__20260125_085817/scenario_tx-2s_rot-5min.csv,0,TAG_APPLE,2,3600.0,1093.306794643402,1093.306794643402,2,1.0,1.0,0.03333333333333333,0.134940812258202,0.0,0.5,False,False,False,False,False,False,,2,False,0.5,0.5,0.9999999999971146,True,False,1769128135.0665698,1769129935.0665698,0.5,,,
controlled/SDR_Adv/scenarios_SDR_Adv__adv1_apple0_google0_samsung0_tile0__20260125_085817/scenario_tx-2s_rot-5min.csv,1,TAG_APPLE,7,3600.0,1799.1370317935944,1799.1370317935944,6,0.8333333333333334,0.8333333333333334,0.1,0.6963881385680003,0.8402489626556017,1.0,False,False,False,False,True,False,,2,False,0.2857142857142857,0.2857142857142857,0.591672778579442,False,False,1769128135.0665698,1769129935.0665698,0.5,0.0,1.0,False
controlled/SDR_Adv/scenarios_SDR_Adv__adv1_apple0_google0_samsung0_tile0__20260125_085817/scenario_tx-2s_rot-5min.csv,4,TAG_APPLE,4,1800.0,220.02680468559265,220.02680468559265,4,,1.0,0.13333333333333333,0.5416292346668584,0.0,0.0,False,False,False,False,True,False,,5,False,0.25,0.25,1.0,True,False,1769129935.0665698,1769131735.0665698,0.5,3.0,1.0,False
controlled/SDR_Adv/scenarios_SDR_Adv__adv1_apple0_google0_samsung0_tile0__20260125_085817/scenario_tx-2s_rot-5min.csv,0,TAG_APPLE,4,1800.0,229.21850275993347,229.21850275993347,4,,1.0,0.13333333333333333,0.3813407591319269,0.0,0.0,False,False,False,False,False,False,,5,False,0.25,0.25,1.0,True,False,1769129935.0665698,1769131735.0665698,0.5,,,
controlled/SDR_Adv/scenarios_SDR_Adv__adv1_apple0_google0_samsung0_tile0__20260125_085817/scenario_tx-2s_rot-5min.csv,1,TAG_APPLE,4,3600.0,672.2028970718384,672.2028970718384,3,0.6666666666666667,0.6666666666666666,0.05,0.5983512615980359,0.9681528662420382,1.0,False,False,False,False,True,False,,5,False,0.5,0.25,0.8112781244562475,False,False,1769129935.0665698,1769131735.0665698,0.5,1.0,1.0,False
controlled/SDR_Adv/scenarios_SDR_Adv__adv1_apple0_google0_samsung0_tile0__20260125_085817/scenario_tx-30s_rot-10s.csv,0,TAG_APPLE,14,1800.0,1705.52507853508,1705.52507853508,14,,1.0,0.4666666666666667,0.5829281544028889,0.8524590163934426,1.0,False,False,False,False,True,False,,4,False,0.07142857142857142,0.07142857142857142,1.0,True,False,1769128135.0665698,1769129935.0665698,0.5,0.0,1.0,False
controlled/SDR_Adv/scenarios_SDR_Adv__adv1_apple0_google0_samsung0_tile0__20260125_085817/scenario_tx-30s_rot-10s.csv,2,TAG_APPLE,2,1800.0,60.77472472190857,60.77472472190857,2,,1.0,0.06666666666666667,0.17230373427749057,0.5,1.0,False,False,False,False,False,False,,4,False,0.5,0.5,1.0,True,False,1769128135.0665698,1769129935.0665698,0.5,,,
controlled/SDR_Adv/scenarios_SDR_Adv__adv1_apple0_google0_samsung0_tile0__20260125_085817/scenario_tx-30s_rot-10s.csv,3,TAG_APPLE,4,1800.0,397.82286834716797,397.82286834716797,4,,1.0,0.13333333333333333,0.5165133215063246,0.013071895424836602,1.0,False,False,False,False,True,False,,6,False,0.25,0.25,1.0,True,False,1769129935.0665698,1769131735.0665698,0.5,3.0,1.0,False
controlled/SDR_Adv/scenarios_SDR_Adv__adv1_apple0_google0_samsung0_tile0__20260125_085817/scenario_tx-30s_rot-10s.csv,1,TAG_APPLE,4,1800.0,491.59839940071106,491.59839940071106,4,,1.0,0.13333333333333333,0.3884833218424467,0.014749262536873156,1.0,False,False,False,False,False,False,,6,False,0.25,0.25,1.0,True,False,1769129935.0665698,1769131735.0665698,0.5,,,
controlled/SDR_Adv/scenarios_SDR_Adv__adv1_apple0_google0_samsung0_tile0__20260125_085817/scenario_tx-30s_rot-10s.csv,2,TAG_APPLE,3,1800.0,535.215039730072,535.215039730072,3,,1.0,0.1,0.3252299355208738,0.45454545454545453,1.0,False,False,False,False,False,False,,6,False,0.3333333333333333,0.3333333333333333,1.0,True,False,1769129935.0665698,1769131735.0665698,0.5,,,
controlled/SDR_Adv/scenarios_SDR_Adv__adv1_apple0_google0_samsung0_tile0__20260125_085817/scenario_tx-30s_rot-10s.csv,0,TAG_APPLE,5,3600.0,505.4601471424103,505.4601471424103,4,0.75,0.75,0.06666666666666667,0.260335590573289,0.8,1.0,False,False,False,False,False,False,,6,False,0.4,0.2,0.9709505944517833,True,False,1769129935.0665698,1769131735.0665698,0.5,,,
controlled/SDR_Adv/scenarios_SDR_Adv__adv1_apple0_google0_samsung0_tile0__20260125_085817/scenario_tx-30s_rot-15min.csv,0,TAG_APPLE,3,3600.0,1672.2095630168915,1672.2095630168915,3,1.0,1.0,0.05,0.28479766497184295,0.2727272727272727,0.3333333333333333,False,False,False,False,False,False,,4,False,0.3333333333333333,0.3333333333333333,0.9182958340516042,True,False,1769128135.0665698,1769129935.0665698,0.5,,,
controlled/SDR_Adv/scenarios_SDR_Adv__adv1_apple0_google0_samsung0_tile0__20260125_085817/scenario_tx-30s_rot-15min.csv,2,TAG_APPLE,2,1800.0,1705.52507853508,1705.52507853508,2,,1.0,0.06666666666666667,0.3921909847920757,1.0,1.0,False,False,False,False,False,False,,4,False,0.5,0.5,1.0,True,False,1769128135.0665698,1769129935.0665698,0.5,,,
controlled/SDR_Adv/scenarios_SDR_Adv__adv1_apple0_google0_samsung0_tile0__20260125_085817/scenario_tx-30s_rot-15min.csv,0,TAG_APPLE,8,1800.0,229.21850275993347,229.21850275993347,8,,1.0,0.26666666666666666,0.5580622256904934,0.0,0.0,False,False,False,False,True,False,,4,False,0.125,0.125,1.0,True,False,1769129935.0665698,1769131735.0665698,0.5,1.0,1.0,False
controlled/SDR_Adv/scenarios_SDR_Adv__adv1_apple0_google0_samsung0_tile0__20260125_085817/scenario_tx-30s_rot-1min.csv,0,TAG_APPLE,17,3600.0,1799.1370317935944,1799.1370317935944,14,0.7857142857142857,0.7857142857142857,0.23333333333333334,0.5411172666146757,0.84375,1.0,False,False,False,False,True,False,,2,False,0.11764705882352941,0.11764705882352941,0.6722948170727526,False,False,1769128135.0665698,1769129935.0665698,0.5,0.0,1.0,False
controlled/SDR_Adv/scenarios_SDR_Adv__adv1_apple0_google0_samsung0_tile0__20260125_085817/scenario_tx-30s_rot-1min.csv,0,TAG_APPLE,9,1800.0,584.0813071727753,584.0813071727753,9,,1.0,0.3,0.5579561197676605,0.01925722145804677,0.8888888888888888,False,False,False,False,True,False,,2,False,0.1111111111111111,0.1111111111111111,1.0,True,False,1769129935.0665698,1769131735.0665698,0.5,2.0,1.0,False
controlled/SDR_Adv/scenarios_SDR_Adv__adv1_apple0_google0_samsung0_tile0__20260125_085817/scenario_tx-30s_rot-1min.csv,1,TAG_APPLE,8,3600.0,631.4417684078217,631.4417684078217,7,0.8571428571428572,0.8571428571428571,0.11666666666666667,0.23779364971912673,0.3684210526315789,0.625,False,False,False,False,False,False,,2,False,0.25,0.25,0.9544340029220796,True,False,1769129935.0665698,1769131735.0665698,0.5,,,
controlled/SDR_Adv/scenarios_SDR_Adv__adv1_apple0_google0_samsung0_tile0__20260125_085817/scenario_tx-30s_rot-2s.csv,0,TAG_APPLE,17,3600.0,1799.1370317935944,1799.1370317935944,14,0.7857142857142857,0.7857142857142857,0.23333333333333334,0.4791489170093993,0.84375,1.0,False,False,False,False,False,False,,2,False,0.11764705882352941,0.11764705882352941,0.6722948170727526,False,False,1769128135.0665698,1769129935.0665698,0.5,,,
controlled/SDR_Adv/scenarios_SDR_Adv__adv1_apple0_google0_samsung0_tile0__20260125_085817/scenario_tx-30s_rot-2s.csv,2,TAG_APPLE,4,3600.0,311.6771993637085,311.6771993637085,4,1.0,1.0,0.06666666666666667,0.5379689633294227,1.0,1.0,False,False,False,False,True,False,,7,False,0.25,0.25,0.9999999999971146,True,False,1769129935.0665698,1769131735.0665698,0.5,1.0,1.0,False
controlled/SDR_Adv/scenarios_SDR_Adv__adv1_apple0_google0_samsung0_tile0__20260125_085817/scenario_tx-30s_rot-2s.csv,3,TAG_APPLE,4,1800.0,429.1868164539337,429.1868164539337,4,,1.0,0.13333333333333333,0.6003470432074686,0.013071895424836602,1.0,False,False,False,False,True,False,,7,False,0.25,0.25,1.0,True,False,1769129935.0665698,1769131735.0665698,0.5,2.0,1.0,False
controlled/SDR_Adv/scenarios_SDR_Adv__adv1_apple0_google0_samsung0_tile0__20260125_085817/scenario_tx-30s_rot-2s.csv,1,TAG_APPLE,4,1800.0,584.0813071727753,584.0813071727753,4,,1.0,0.13333333333333333,0.42148491770564606,0.014749262536873156,1.0,False,False,False,False,False,False,,7,False,0.25,0.25,1.0,True,False,1769129935.0665698,1769131735.0665698,0.5,,,
controlled/SDR_Adv/scenarios_SDR_Adv__adv1_apple0_google0_samsung0_tile0__20260125_085817/scenario_tx-30s_rot-30s.csv,0,TAG_APPLE,17,3600.0,1799.1370317935944,1799.1370317935944,14,0.7857142857142857,0.7857142857142857,0.23333333333333334,0.5294117374993571,0.84375,1.0,False,False,False,False,True,False,,2,False,0.11764705882352941,0.11764705882352941,0.6722948170727526,False,False,1769128135.0665698,1769129935.0665698,0.5,0.0,1.0,False
controlled/SDR_Adv/scenarios_SDR_Adv__adv1_apple0_google0_samsung0_tile0__20260125_085817/scenario_tx-30s_rot-30s.csv,2,TAG_APPLE,5,3600.0,374.73560762405396,374.73560762405396,5,1.0,1.0,0.08333333333333333,0.45962475511271866,0.8,1.0,False,False,False,False,False,False,,3,False,0.2,0.2,0.9709505944517833,True,False,1769129935.0665698,1769131735.0665698,0.5,,,
controlled/SDR_Adv/scenarios_SDR_Adv__adv1_apple0_google0_samsung0_tile0__20260125_085817/scenario_tx-30s_rot-30s.csv,0,TAG_APPLE,9,1800.0,584.0813071727753,584.0813071727753,9,,1.0,0.3,0.538146942388354,0.015193370165745856,1.0,False,False,False,False,True,False,,3,False,0.1111111111111111,0.1111111111111111,1.0,True,False,1769129935.0665698,1769131735.0665698,0.5,2.0,1.0,False
controlled/SDR_Adv/scenarios_SDR_Adv__adv1_apple0_google0_samsung0_tile0__20260125_085817/scenario_tx-30s_rot-30s.csv,1,TAG_APPLE,4,1800.0,575.5072646141052,575.5072646141052,4,,1.0,0.13333333333333333,0.23739050094760064,0.35294117647058826,1.0,False,False,False,False,False,False,,3,False,0.25,0.25,1.0,True,False,1769129935.0665698,1769131735.0665698,0.5,,,
controlled/SDR_Adv/scenarios_SDR_Adv__adv1_apple0_google0_samsung0_tile0__20260125_085817/scenario_tx-30s_rot-5min.csv,0,TAG_APPLE,8,3600.0,1799.1370317935944,1799.1370317935944,6,0.6666666666666667,0.6666666666666666,0.1,0.36527451891049423,0.43283582089552236,1.0,False,False,False,False,False,False,,2,False,0.25,0.25,0.8112781244562475,False,False,1769128135.0665698,1769129935.0665698,0.5,,,
controlled/SDR_Adv/scenarios_SDR_Adv__adv1_apple0_google0_samsung0_tile0__20260125_085817/scenario_tx-30s_rot-5min.csv,0,TAG_APPLE,2,3600.0,568.6667788028717,568.6667788028717,2,1.0,1.0,0.03333333333333333,0.22611890856354105,1.0,1.0,False,False,False,False,False,False,,6,False,0.5,0.5,0.9999999999971146,True,False,1769129935.0665698,1769131735.0665698,0.5,,,
controlled/SDR_Adv/scenarios_SDR_Adv__adv1_apple0_google0_samsung0_tile0__20260125_085817/scenario_tx-30s_rot-5min.csv,4,TAG_APPLE,4,1800.0,220.02680468559265,220.02680468559265,4,,1.0,0.13333333333333333,0.6450864928906719,0.006578947368421052,0.25,False,False,False,False,True,False,,6,False,0.25,0.25,1.0,True,False,1769129935.0665698,1769131735.0665698,0.5,1.0,1.0,False
controlled/SDR_Adv/scenarios_SDR_Adv__adv1_apple0_google0_samsung0_tile0__20260125_085817/scenario_tx-30s_rot-5min.csv,1,TAG_APPLE,4,1800.0,229.21850275993347,229.21850275993347,4,,1.0,0.13333333333333333,0.4269766921807864,0.0,0.0,False,False,False,False,False,False,,6,False,0.25,0.25,1.0,True,False,1769129935.0665698,1769131735.0665698,0.5,,,
controlled/SDR_Adv/tobos1.csv,1,TAG_APPLE,2,1800.0,740.5930000000008,740.5930000000008,2,,1.0,0.06666666666666667,0.22205466586499112,0.0,0.0,False,False,False,False,False,False,,2,False,0.5,0.5,1.0,True,False,0.0,1800.0,0.5,,,
controlled/SDR_Adv/tobos1.csv,0,TAG_APPLE,2,1800.0,1201.4380000000021,1201.4380000000021,2,,1.0,0.06666666666666667,0.16248619104535902,0.0,0.0,False,False,False,False,False,False,,2,False,0.5,0.5,1.0,True,False,0.0,1800.0,0.5,,,
controlled/SDR_Adv/tobos1.csv,3,TAG_GOOGLE,3,1800.0,966.5710000000036,966.5710000000036,3,,1.0,0.1,0.378625770824121,0.0,0.0,False,False,False,False,False,False,,3,False,0.3333333333333333,0.3333333333333333,1.0,True,False,0.0,1800.0,0.5,,,
controlled/SDR_Adv/tobos1.csv,4,TAG_GOOGLE,2,1800.0,333.775999999998,333.775999999998,2,,1.0,0.06666666666666667,0.2955509437826914,0.0,0.0,False,False,False,False,False,False,,3,False,0.5,0.5,1.0,True,False,0.0,1800.0,0.5,,,
controlled/SDR_Adv/tobos1.csv,2,TAG_GOOGLE,3,1800.0,376.46199999999953,376.46199999999953,3,,1.0,0.1,0.2367745745042702,0.0,0.0,False,False,False,False,False,False,,3,False,0.3333333333333333,0.3333333333333333,1.0,True,False,0.0,1800.0,0.5,,,
controlled/SDR_Adv/tobos2.csv,0,TAG_APPLE,2,1800.0,1649.0139999999956,1649.0139999999956,2,,1.0,0.06666666666666667,0.16626338924287118,0.0,0.0,False,False,False,False,False,False,,2,False,0.5,0.5,1.0,True,False,0.0,1800.0,0.5,,,
controlled/SDR_Adv/tobos2.csv,2,TAG_GOOGLE,6,1800.0,1748.096000000005,1748.096000000005,6,,1.0,0.2,0.41289866698585664,0.0,0.0,False,False,False,False,False,False,,2,False,0.16666666666666666,0.16666666666666666,1.0,True,False,0.0,1800.0,0.5,,,
controlled/SDR_Adv/tobos2.csv,3,TAG_GOOGLE,2,1800.0,704.6780000000001,704.6780000000001,2,,1.0,0.06666666666666667,0.16883304812103353,0.0,0.0,False,False,False,False,False,False,,2,False,0.5,0.5,1.0,True,False,0.0,1800.0,0.5,,,
controlled/SDR_Adv/tobos2.csv,0,TAG_APPLE,2,1800.0,1653.1200000000026,1653.1200000000026,2,,1.0,0.06666666666666667,0.1802496715442436,0.0,0.0,False,False,False,False,False,False,,2,False,0.5,0.5,1.0,True,False,1800.0,3600.0,0.5,,,
controlled/SDR_Adv/tobos2.csv,2,TAG_GOOGLE,5,1800.0,1794.648000000001,1794.648000000001,5,,1.0,0.16666666666666666,0.3903872141052676,0.0,0.0,False,False,False,False,False,False,,2,False,0.2,0.2,1.0,True,False,1800.0,3600.0,0.5,,,
controlled/SDR_Adv/tobos2.csv,3,TAG_GOOGLE,4,1800.0,1052.3439999999973,1052.3439999999973,4,,1.0,0.13333333333333333,0.3235240934598622,0.0,0.0,False,False,False,False,False,False,,2,False,0.25,0.25,1.0,True,False,1800.0,3600.0,0.5,,,
controlled/SDR_Adv/tobos2.csv,0,TAG_APPLE,2,1800.0,1610.7289999999994,1610.7289999999994,2,,1.0,0.06666666666666667,0.2479269613158645,0.0,0.0,False,False,False,False,False,False,,2,False,0.5,0.5,1.0,True,False,3600.0,5400.0,0.5,,,
controlled/SDR_Adv/tobos2.csv,2,TAG_GOOGLE,5,1800.0,1755.4690000000055,1755.4690000000055,5,,1.0,0.16666666666666666,0.3702089949550306,0.0,0.0,False,False,False,False,False,False,,2,False,0.2,0.2,1.0,True,False,3600.0,5400.0,0.5,,,
controlled/SDR_Adv/tobos2.csv,0,TAG_APPLE,2,1800.0,1711.925000000003,1711.925000000003,2,,1.0,0.06666666666666667,0.16185164755081557,0.0,0.0,False,False,False,False,False,False,,2,False,0.5,0.5,1.0,True,False,5400.0,7200.0,0.5,,,
controlled/SDR_Adv/tobos2.csv,2,TAG_GOOGLE,4,1800.0,1752.7220000000007,1752.7220000000007,4,,1.0,0.13333333333333333,0.38802265672212427,0.0,0.0,False,False,False,False,False,False,,2,False,0.25,0.25,1.0,True,False,5400.0,7200.0,0.5,,,
controlled/SDR_Adv/tony.csv,0,TAG_APPLE,29,1800.0,1787.7839999999999,1787.7839999999999,29,,1.0,0.9666666666666667,0.7507364509831137,0.0,0.0,False,True,False,False,True,False,,2,False,0.034482758620689655,0.034482758620689655,1.0,True,False,0.0,1800.0,0.5,0.0,2.0,True
controlled/SDR_Adv/tony.csv,1,TAG_APPLE,10,1800.0,1707.0279999999984,1707.0279999999984,10,,1.0,0.3333333333333333,0.45840278305018123,0.0,0.0,False,False,False,False,False,False,,2,False,0.1,0.1,1.0,True,False,0.0,1800.0,0.5,,,
controlled/SDR_Adv/tony.csv,3,TAG_GOOGLE,5,1800.0,1795.1330000000016,1795.1330000000016,5,,1.0,0.16666666666666666,0.40505751368854975,0.0,0.0,False,False,False,False,False,False,,3,False,0.2,0.2,1.0,True,False,0.0,1800.0,0.5,,,
controlled/SDR_Adv/tony.csv,2,TAG_GOOGLE,5,1800.0,1285.9559999999985,1285.9559999999985,5,,1.0,0.16666666666666666,0.37272073441950165,0.0,0.0,False,False,False,False,False,False,,3,False,0.2,0.2,1.0,True,False,0.0,1800.0,0.5,,,
controlled/SDR_Adv/tony.csv,0,TAG_APPLE,10,1800.0,1762.1870000000051,1762.1870000000051,10,,1.0,0.3333333333333333,0.6205516419601114,0.0,0.0,False,False,False,False,True,False,,2,False,0.1,0.1,1.0,True,False,1800.0,3600.0,0.5,0.0,2.0,True
controlled/SDR_Adv/tony.csv,1,TAG_APPLE,13,1800.0,1753.7350000000004,1753.7350000000004,13,,1.0,0.43333333333333335,0.4504399353286474,0.0,0.0,False,False,False,False,False,False,,2,False,0.07692307692307693,0.07692307692307693,1.0,True,False,1800.0,3600.0,0.5,,,
controlled/SDR_Adv/tony.csv,3,TAG_GOOGLE,4,1800.0,1779.145000000004,1779.145000000004,4,,1.0,0.13333333333333333,0.4780928977488639,0.0,0.0,False,False,False,False,False,False,,2,False,0.25,0.25,1.0,True,False,1800.0,3600.0,0.5,,,
controlled/SDR_Adv/tony.csv,2,TAG_GOOGLE,2,1800.0,1442.5430000000051,1442.5430000000051,2,,1.0,0.06666666666666667,0.15721354804263335,0.0,0.0,False,False,False,False,False,False,,2,False,0.5,0.5,1.0,True,False,1800.0,3600.0,0.5,,,
controlled/SDR_Adv/tony.csv,4,TAG_SAMSUNG,2,1800.0,1094.4850000000001,1094.4850000000001,2,,1.0,0.06666666666666667,0.1828674018996808,0.0,0.0,False,False,False,False,False,False,,2,False,0.5,0.5,1.0,True,False,1800.0,3600.0,0.5,,,
controlled/SDR_Adv/tony.csv,0,TAG_APPLE,4,1800.0,932.7520000000004,932.7520000000004,4,,1.0,0.13333333333333333,0.35986785985648767,0.0,0.0,False,False,False,False,False,False,,2,False,0.25,0.25,1.0,True,False,3600.0,5400.0,0.5,,,
controlled/SDR_Adv/tony.csv,2,TAG_GOOGLE,2,1800.0,827.7900000000009,827.7900000000009,2,,1.0,0.06666666666666667,0.3807282474527353,0.0,0.0,False,False,False,False,False,False,,3,False,0.5,0.5,1.0,True,False,3600.0,5400.0,0.5,,,
