src_file,periodic,block_s,step_s,n_blocks,strict_any_block,confirmed_any,blocks
controlled/Car_Adv/scenarios_car__adv0_apple1_google0_samsung0_tile0__20260126_073756/scenario_tx-10s_rot-10s.csv,True,1800.0,1800.0,3,True,True,"[{'src_file': 'controlled/Car_Adv/scenarios_car__adv0_apple1_google0_samsung0_tile0__20260126_073756/scenario_tx-10s_rot-10s.csv', 'n_segments': 63, 'gt_adv_mac_count': 0, 'n_clusters': 3, 'n_ranked': 3, 'strict_confirmed': False, 'confirmed_any': False, 'density_min': 0.9, 'block_start': 0.0, 'block_end': 1800.0}, {'src_file': 'controlled/Car_Adv/scenarios_car__adv0_apple1_google0_samsung0_tile0__20260126_073756/scenario_tx-10s_rot-10s.csv', 'n_segments': 68, 'gt_adv_mac_count': 0, 'n_clusters': 3, 'n_ranked': 3, 'strict_confirmed': True, 'confirmed_any': True, 'density_min': 0.9, 'block_start': 1800.0, 'block_end': 3600.0}, {'src_file': 'controlled/Car_Adv/scenarios_car__adv0_apple1_google0_samsung0_tile0__20260126_073756/scenario_tx-10s_rot-10s.csv', 'n_segments': 13, 'gt_adv_mac_count': 0, 'n_clusters': 6, 'n_ranked': 6, 'strict_confirmed': False, 'confirmed_any': False, 'density_min': 0.9, 'block_start': 3600.0, 'block_end': 5400.0}]"
controlled/Car_Adv/scenarios_car__adv0_apple1_google0_samsung0_tile0__20260126_073756/scenario_tx-10s_rot-15min.csv,True,1800.0,1800.0,3,True,True,"[{'src_file': 'controlled/Car_Adv/scenarios_car__adv0_apple1_google0_samsung0_tile0__20260126_073756/scenario_tx-10s_rot-15min.csv', 'n_segments': 39, 'gt_adv_mac_count': 0, 'n_clusters': 3, 'n_ranked': 3, 'strict_confirmed': False, 'confirmed_any': False, 'density_min': 0.9, 'block_start': 0.0, 'block_end': 1800.0}, {'src_file': 'controlled/Car_Adv/scenarios_car__adv0_apple1_google0_samsung0_tile0__20260126_073756/scenario_tx-10s_rot-15min.csv', 'n_segments': 34, 'gt_adv_mac_count': 0, 'n_clusters': 4, 'n_ranked': 4, 'strict_confirmed': True, 'confirmed_any': True, 'density_min': 0.9, 'block_start': 1800.0, 'block_end': 3600.0}, {'src_file': 'controlled/Car_Adv/scenarios_car__adv0_apple1_google0_samsung0_tile0__20260126_073756/scenario_tx-10s_rot-15min.csv', 'n_segments': 12, 'gt_adv_mac_count': 0, 'n_clusters': 6, 'n_ranked': 6, 'strict_confirmed': False, 'confirmed_any': False, 'density_min': 0.9, 'block_start': 3600.0, 'block_end': 5400.0}]"
controlled/Car_Adv/scenarios_car__adv0_apple1_google0_samsung0_tile0__20260126_073756/scenario_tx-10s_rot-1min.csv,True,1800.0,1800.0,3,True,True,"[{'src_file': 'controlled/Car_Adv/scenarios_car__adv0_apple1_google0_samsung0_tile0__20260126_073756/scenario_tx-10s_rot-1min.csv', 'n_segments': 50, 'gt_adv_mac_count': 0, 'n_clusters': 3, 'n_ranked': 3, 'strict_confirmed': True, 'confirmed_any': True, 'density_min': 0.9, 'block_start': 0.0, 'block_end': 1800.0}, {'src_file': 'controlled/Car_Adv/scenarios_car__adv0_apple1_google0_samsung0_tile0__20260126_073756/scenario_tx-10s_rot-1min.csv', 'n_segments': 47, 'gt_adv_mac_count': 0, 'n_clusters': 3, 'n_ranked': 3, 'strict_confirmed': False, 'confirmed_any': False, 'density_min': 0.9, 'block_start': 1800.0, 'block_end': 3600.0}, {'src_file': 'controlled/Car_Adv/scenarios_car__adv0_apple1_google0_samsung0_tile0__20260126_073756/scenario_tx-10s_rot-1min.csv', 'n_segments': 14, 'gt_adv_mac_count': 0, 'n_clusters': 5, 'n_ranked': 5, 'strict_confirmed': False, 'confirmed_any': False, 'density_min': 0.9, 'block_start': 3600.0, 'block_end': 5400.0}]"
controlled/Car_Adv/scenarios_car__adv0_apple1_google0_samsung0_tile0__20260126_073756/scenario_tx-10s_rot-2s.csv,True,1800.0,1800.0,3,True,True,"[{'src_file': 'controlled/Car_Adv/scenarios_car__adv0_apple1_google0_samsung0_tile0__20260126_073756/scenario_tx-10s_rot-2s.csv', 'n_segments': 62, 'gt_adv_mac_count': 0, 'n_clusters': 3, 'n_ranked': 3, 'strict_confirmed': False, 'confirmed_any': False, 'density_min': 0.9, 'block_start': 0.0, 'block_end': 1800.0}, {'src_file': 'controlled/Car_Adv/scenarios_car__adv0_apple1_google0_samsung0_tile0__20260126_073756/scenario_tx-10s_rot-2s.csv', 'n_segments': 68, 'gt_adv_mac_count': 0, 'n_clusters': 3, 'n_ranked': 3, 'strict_confirmed': True, 'confirmed_any': True, 'density_min': 0.9, 'block_start': 1800.0, 'block_end': 3600.0}, {'src_file': 'controlled/Car_Adv/scenarios_car__adv0_apple1_google0_samsung0_tile0__20260126_073756/scenario_tx-10s_rot-2s.csv', 'n_segments': 14, 'gt_adv_mac_count': 0, 'n_clusters': 5, 'n_ranked': 5, 'strict_confirmed': False, 'confirmed_any': False, 'density_min': 0.9, 'block_start': 3600.0, 'block_end': 5400.0}]"
controlled/Car_Adv/scenarios_car__adv0_apple1_google0_samsung0_tile0__20260126_073756/scenario_tx-10s_rot-30s.csv,True,1800.0,1800.0,3,False,False,"[{'src_file': 'controlled/Car_Adv/scenarios_car__adv0_apple1_google0_samsung0_tile0__20260126_073756/scenario_tx-10s_rot-30s.csv', 'n_segments': 53, 'gt_adv_mac_count': 0, 'n_clusters': 3, 'n_ranked': 3, 'strict_confirmed': False, 'confirmed_any': False, 'density_min': 0.9, 'block_start': 0.0, 'block_end': 1800.0}, {'src_file': 'controlled/Car_Adv/scenarios_car__adv0_apple1_google0_samsung0_tile0__20260126_073756/scenario_tx-10s_rot-30s.csv', 'n_segments': 62, 'gt_adv_mac_count': 0, 'n_clusters': 3, 'n_ranked': 3, 'strict_confirmed': False, 'confirmed_any': False, 'density_min': 0.9, 'block_start': 1800.0, 'block_end': 3600.0}, {'src_file': 'controlled/Car_Adv/scenarios_car__adv0_apple1_google0_samsung0_tile0__20260126_073756/scenario_tx-10s_rot-30s.csv', 'n_segments': 14, 'gt_adv_mac_count': 0, 'n_clusters': 5, 'n_ranked': 5, 'strict_confirmed': False, 'confirmed_any': False, 'density_min': 0.9, 'block_start': 3600.0, 'block_end': 5400.0}]"
controlled/Car_Adv/scenarios_car__adv0_apple1_google0_samsung0_tile0__20260126_073756/scenario_tx-10s_rot-5min.csv,True,1800.0,1800.0,3,True,True,"[{'src_file': 'controlled/Car_Adv/scenarios_car__adv0_apple1_google0_samsung0_tile0__20260126_073756/scenario_tx-10s_rot-5min.csv', 'n_segments': 42, 'gt_adv_mac_count': 0, 'n_clusters': 3, 'n_ranked': 3, 'strict_confirmed': True, 'confirmed_any': True, 'density_min': 0.9, 'block_start': 0.0, 'block_end': 1800.0}, {'src_file': 'controlled/Car_Adv/scenarios_car__adv0_apple1_google0_samsung0_tile0__20260126_073756/scenario_tx-10s_rot-5min.csv', 'n_segments': 36, 'gt_adv_mac_count': 0, 'n_clusters': 11, 'n_ranked': 10, 'strict_confirmed': True, 'confirmed_any': True, 'density_min': 0.9, 'block_start': 1800.0, 'block_end': 3600.0}, {'src_file': 'controlled/Car_Adv/scenarios_car__adv0_apple1_google0_samsung0_tile0__20260126_073756/scenario_tx-10s_rot-5min.csv', 'n_segments': 13, 'gt_adv_mac_count': 0, 'n_clusters': 6, 'n_ranked': 6, 'strict_confirmed': False, 'confirmed_any': False, 'density_min': 0.9, 'block_start': 3600.0, 'block_end': 5400.0}]"
controlled/Car_Adv/scenarios_car__adv0_apple1_google0_samsung0_tile0__20260126_073756/scenario_tx-15s_rot-10s.csv,True,1800.0,1800.0,3,True,True,"[{'src_file': 'controlled/Car_Adv/scenarios_car__adv0_apple1_google0_samsung0_tile0__20260126_073756/scenario_tx-15s_rot-10s.csv', 'n_segments': 62, 'gt_adv_mac_count': 0, 'n_clusters': 3, 'n_ranked': 3, 'strict_confirmed': False, 'confirmed_any': False, 'density_min': 0.9, 'block_start': 0.0, 'block_end': 1800.0}, {'src_file': 'controlled/Car_Adv/scenarios_car__adv0_apple1_google0_samsung0_tile0__20260126_073756/scenario_tx-15s_rot-10s.csv', 'n_segments': 67, 'gt_adv_mac_count': 0, 'n_clusters': 3, 'n_ranked': 3, 'strict_confirmed': True, 'confirmed_any': True, 'density_min': 0.9, 'block_start': 1800.0, 'block_end': 3600.0}, {'src_file': 'controlled/Car_Adv/scenarios_car__adv0_apple1_google0_samsung0_tile0__20260126_073756/scenario_tx-15s_rot-10s.csv', 'n_segments': 14, 'gt_adv_mac_count': 0, 'n_clusters': 5, 'n_ranked': 5, 'strict_confirmed': False, 'confirmed_any': False, 'density_min': 0.9, 'block_start': 3600.0, 'block_end': 5400.0}]"
controlled/Car_Adv/scenarios_car__adv0_apple1_google0_samsung0_tile0__20260126_073756/scenario_tx-15s_rot-15min.csv,True,1800.0,1800.0,3,True,True,"[{'src_file': 'controlled/Car_Adv/scenarios_car__adv0_apple1_google0_samsung0_tile0__20260126_073756/scenario_tx-15s_rot-15min.csv', 'n_segments': 39, 'gt_adv_mac_count': 0, 'n_clusters': 3, 'n_ranked': 3, 'strict_confirmed': False, 'confirmed_any': False, 'density_min': 0.9, 'block_start': 0.0, 'block_end': 1800.0}, {'src_file': 'controlled/Car_Adv/scenarios_car__adv0_apple1_google0_samsung0_tile0__20260126_073756/scenario_tx-15s_rot-15min.csv', 'n_segments': 36, 'gt_adv_mac_count': 0, 'n_clusters': 12, 'n_ranked': 10, 'strict_confirmed': True, 'confirmed_any': True, 'density_min': 0.9, 'block_start': 1800.0, 'block_end': 3600.0}, {'src_file': 'controlled/Car_Adv/scenarios_car__adv0_apple1_google0_samsung0_tile0__20260126_073756/scenario_tx-15s_rot-15min.csv', 'n_segments': 13, 'gt_adv_mac_count': 0, 'n_clusters': 6, 'n_ranked': 6, 'strict_confirmed': False, 'confirmed_any': False, 'density_min': 0.9, 'block_start': 3600.0, 'block_end': 5400.0}]"
controlled/Car_Adv/scenarios_car__adv0_apple1_google0_samsung0_tile0__20260126_073756/scenario_tx-15s_rot-1min.csv,True,1800.0,1800.0,3,True,True,"[{'src_file': 'controlled/Car_Adv/scenarios_car__adv0_apple1_google0_samsung0_tile0__20260126_073756/scenario_tx-15s_rot-1min.csv', 'n_segments': 47, 'gt_adv_mac_count': 0, 'n_clusters': 3, 'n_ranked': 3, 'strict_confirmed': False, 'confirmed_any': False, 'density_min': 0.9, 'block_start': 0.0, 'block_end': 1800.0}, {'src_file': 'controlled/Car_Adv/scenarios_car__adv0_apple1_google0_samsung0_tile0__20260126_073756/scenario_tx-15s_rot-1min.csv', 'n_segments': 46, 'gt_adv_mac_count': 0, 'n_clusters': 7, 'n_ranked': 7, 'strict_confirmed': True, 'confirmed_any': True, 'density_min': 0.9, 'block_start': 1800.0, 'block_end': 3600.0}, {'src_file': 'controlled/Car_Adv/scenarios_car__adv0_apple1_google0_samsung0_tile0__20260126_073756/scenario_tx-15s_rot-1min.csv', 'n_segments': 14, 'gt_adv_mac_count': 0, 'n_clusters': 5, 'n_ranked': 5, 'strict_confirmed': False, 'confirmed_any': False, 'density_min': 0.9, 'block_start': 3600.0, 'block_end': 5400.0}]"
controlled/Car_Adv/scenarios_car__adv0_apple1_google0_samsung0_tile0__20260126_073756/scenario_tx-15s_rot-2s.csv,True,1800.0,1800.0,3,True,True,"[{'src_file': 'controlled/Car_Adv/scenarios_car__adv0_apple1_google0_samsung0_tile0__20260126_073756/scenario_tx-15s_rot-2s.csv', 'n_segments': 60, 'gt_adv_mac_count': 0, 'n_clusters': 3, 'n_ranked': 3, 'strict_confirmed': False, 'confirmed_any': False, 'density_min': 0.9, 'block_start': 0.0, 'block_end': 1800.0}, {'src_file': 'controlled/Car_Adv/scenarios_car__adv0_apple1_google0_samsung0_tile0__20260126_073756/scenario_tx-15s_rot-2s.csv', 'n_segments': 67, 'gt_adv_mac_count': 0, 'n_clusters': 3, 'n_ranked': 3, 'strict_confirmed': True, 'confirmed_any': True, 'density_min': 0.9, 'block_start': 1800.0, 'block_end': 3600.0}, {'src_file': 'controlled/Car_Adv/scenarios_car__adv0_apple1_google0_samsung0_tile0__20260126_073756/scenario_tx-15s_rot-2s.csv', 'n_segments': 14, 'gt_adv_mac_count': 0, 'n_clusters': 5, 'n_ranked': 5, 'strict_confirmed': False, 'confirmed_any': False, 'density_min': 0.9, 'block_start': 3600.0, 'block_end': 5400.0}]"
controlled/Car_Adv/scenarios_car__adv0_apple1_google0_samsung0_tile0__20260126_073756/scenario_tx-15s_rot-30s.csv,True,1800.0,1800.0,3,True,True,"[{'src_file': 'controlled/Car_Adv/scenarios_car__adv0_apple1_google0_samsung0_tile0__20260126_073756/scenario_tx-15s_rot-30s.csv', 'n_segments': 53, 'gt_adv_mac_count': 0, 'n_clusters': 3, 'n_ranked': 3, 'strict_confirmed': False, 'confirmed_any': False, 'density_min': 0.9, 'block_start': 0.0, 'block_end': 1800.0}, {'src_file': 'controlled/Car_Adv/scenarios_car__adv0_apple1_google0_samsung0_tile0__20260126_073756/scenario_tx-15s_rot-30s.csv', 'n_segments': 60, 'gt_adv_mac_count': 0, 'n_clusters': 3, 'n_ranked': 3, 'strict_confirmed': True, 'confirmed_any': True, 'density_min': 0.9, 'block_start': 1800.0, 'block_end': 3600.0}, {'src_file': 'controlled/Car_Adv/scenarios_car__adv0_apple1_google0_samsung0_tile0__20260126_073756/scenario_tx-15s_rot-30s.csv', 'n_segments': 14, 'gt_adv_mac_count': 0, 'n_clusters': 5, 'n_ranked': 5, 'strict_confirmed': False, 'confirmed_any': False, 'density_min': 0.9, 'block_start': 3600.0, 'block_end': 5400.0}]"
controlled/Car_Adv/scenarios_car__adv0_apple1_google0_samsung0_tile0__20260126_073756/scenario_tx-15s_rot-5min.csv,True,1800.0,1800.0,3,True,True,"[{'src_file': 'controlled/Car_Adv/scenarios_car__adv0_apple1_google0_samsung0_tile0__20260126_073756/scenario_tx-15s_rot-5min.csv', 'n_segments': 40, 'gt_adv_mac_count': 0, 'n_clusters': 3, 'n_ranked': 3, 'strict_confirmed': True, 'confirmed_any': True, 'density_min': 0.9, 'block_start': 0.0, 'block_end': 1800.0}, {'src_file': 'controlled/Car_Adv/scenarios_car__adv0_apple1_google0_samsung0_tile0__20260126_073756/scenario_tx-15s_rot-5min.csv', 'n_segments': 38, 'gt_adv_mac_count': 0, 'n_clusters': 3, 'n_ranked': 3, 'strict_confirmed': True, 'confirmed_any': True, 'density_min': 0.9, 'block_start': 1800.0, 'block_end': 3600.0}, {'src_file': 'controlled/Car_Adv/scenarios_car__adv0_apple1_google0_samsung0_tile0__20260126_073756/scenario_tx-15s_rot-5min.csv', 'n_segments': 13, 'gt_adv_mac_count': 0, 'n_clusters': 6, 'n_ranked': 6, 'strict_confirmed': False, 'confirmed_any': False, 'density_min': 0.9, 'block_start': 3600.0, 'block_end': 5400.0}]"
controlled/Car_Adv/scenarios_car__adv0_apple1_google0_samsung0_tile0__20260126_073756/scenario_tx-1min_rot-10s.csv,True,1800.0,1800.0,3,True,True,"[{'src_file': 'controlled/Car_Adv/scenarios_car__adv0_apple1_google0_samsung0_tile0__20260126_073756/scenario_tx-1min_rot-10s.csv', 'n_segments': 46, 'gt_adv_mac_count': 0, 'n_clusters': 3, 'n_ranked': 3, 'strict_confirmed': False, 'confirmed_any': False, 'density_min': 0.9, 'block_start': 0.0, 'block_end': 1800.0}, {'src_file': 'controlled/Car_Adv/scenarios_car__adv0_apple1_google0_samsung0_tile0__20260126_073756/scenario_tx-1min_rot-10s.csv', 'n_segments': 43, 'gt_adv_mac_count': 0, 'n_clusters': 6, 'n_ranked': 6, 'strict_confirmed': True, 'confirmed_any': True, 'density_min': 0.9, 'block_start': 1800.0, 'block_end': 3600.0}, {'src_file': 'controlled/Car_Adv/scenarios_car__adv0_apple1_google0_samsung0_tile0__20260126_073756/scenario_tx-1min_rot-10s.csv', 'n_segments': 13, 'gt_adv_mac_count': 0, 'n_clusters': 6, 'n_ranked': 6, 'strict_confirmed': False, 'confirmed_any': False, 'density_min': 0.9, 'block_start': 3600.0, 'block_end': 5400.0}]"
controlled/Car_Adv/scenarios_car__adv0_apple1_google0_samsung0_tile0__20260126_073756/scenario_tx-1min_rot-15min.csv,True,1800.0,1800.0,3,True,True,"[{'src_file': 'controlled/Car_Adv/scenarios_car__adv0_apple1_google0_samsung0_tile0__20260126_073756/scenario_tx-1min_rot-15min.csv', 'n_segments': 39, 'gt_adv_mac_count': 0, 'n_clusters': 3, 'n_ranked': 3, 'strict_confirmed': False, 'confirmed_any': False, 'density_min': 0.9, 'block_start': 0.0, 'block_end': 1800.0}, {'src_file': 'controlled/Car_Adv/scenarios_car__adv0_apple1_google0_samsung0_tile0__20260126_073756/scenario_tx-1min_rot-15min.csv', 'n_segments': 35, 'gt_adv_mac_count': 0, 'n_clusters': 4, 'n_ranked': 4, 'strict_confirmed': True, 'confirmed_any': True, 'density_min': 0.9, 'block_start': 1800.0, 'block_end': 3600.0}, {'src_file': 'controlled/Car_Adv/scenarios_car__adv0_apple1_google0_samsung0_tile0__20260126_073756/scenario_tx-1min_rot-15min.csv', 'n_segments': 12, 'gt_adv_mac_count': 0, 'n_clusters': 6, 'n_ranked': 6, 'strict_confirmed': False, 'confirmed_any': False, 'density_min': 0.9, 'block_start': 3600.0, 'block_end': 5400.0}]"
controlled/Car_Adv/scenarios_car__adv0_apple1_google0_samsung0_tile0__20260126_073756/scenario_tx-1min_rot-1min.csv,True,1800.0,1800.0,3,True,True,"[{'src_file': 'controlled/Car_Adv/scenarios_car__adv0_apple1_google0_samsung0_tile0__20260126_073756/scenario_tx-1min_rot-1min.csv', 'n_segments': 49, 'gt_adv_mac_count': 0, 'n_clusters': 3, 'n_ranked': 3, 'strict_confirmed': False, 'confirmed_any': False, 'density_min': 0.9, 'block_start': 0.0, 'block_end': 1800.0}, {'src_file': 'controlled/Car_Adv/scenarios_car__adv0_apple1_google0_samsung0_tile0__20260126_073756/scenario_tx-1min_rot-1min.csv', 'n_segments': 44, 'gt_adv_mac_count': 0, 'n_clusters': 5, 'n_ranked': 5, 'strict_confirmed': True, 'confirmed_any': True, 'density_min': 0.9, 'block_start': 1800.0, 'block_end': 3600.0}, {'src_file': 'controlled/Car_Adv/scenarios_car__adv0_apple1_google0_samsung0_tile0__20260126_073756/scenario_tx-1min_rot-1min.csv', 'n_segments': 13, 'gt_adv_mac_count': 0, 'n_clusters': 6, 'n_ranked': 6, 'strict_confirmed': False, 'confirmed_any': False, 'density_min': 0.9, 'block_start': 3600.0, 'block_end': 5400.0}]"
controlled/Car_Adv/scenarios_car__adv0_apple1_google0_samsung0_tile0__20260126_073756/scenario_tx-1min_rot-2s.csv,True,1800.0,1800.0,3,True,True,"[{'src_file': 'controlled/Car_Adv/scenarios_car__adv0_apple1_google0_samsung0_tile0__20260126_073756/scenario_tx-1min_rot-2s.csv', 'n_segments': 47, 'gt_adv_mac_count': 0, 'n_clusters': 3, 'n_ranked': 3, 'strict_confirmed': False, 'confirmed_any': False, 'density_min': 0.9, 'block_start': 0.0, 'block_end': 1800.0}, {'src_file': 'controlled/Car_Adv/scenarios_car__adv0_apple1_google0_samsung0_tile0__20260126_073756/scenario_tx-1min_rot-2s.csv', 'n_segments': 48, 'gt_adv_mac_count': 0, 'n_clusters': 5, 'n_ranked': 5, 'strict_confirmed': True, 'confirmed_any': True, 'density_min': 0.9, 'block_start': 1800.0, 'block_end': 3600.0}, {'src_file': 'controlled/Car_Adv/scenarios_car__adv0_apple1_google0_samsung0_tile0__20260126_073756/scenario_tx-1min_rot-2s.csv', 'n_segments': 13, 'gt_adv_mac_count': 0, 'n_clusters': 6, 'n_ranked': 6, 'strict_confirmed': False, 'confirmed_any': False, 'density_min': 0.9, 'block_start': 3600.0, 'block_end': 5400.0}]"
controlled/Car_Adv/scenarios_car__adv0_apple1_google0_samsung0_tile0__20260126_073756/scenario_tx-1min_rot-30s.csv,True,1800.0,1800.0,3,True,True,"[{'src_file': 'controlled/Car_Adv/scenarios_car__adv0_apple1_google0_samsung0_tile0__20260126_073756/scenario_tx-1min_rot-30s.csv', 'n_segments': 48, 'gt_adv_mac_count': 0, 'n_clusters': 3, 'n_ranked': 3, 'strict_confirmed': False, 'confirmed_any': False, 'density_min': 0.9, 'block_start': 0.0, 'block_end': 1800.0}, {'src_file': 'controlled/Car_Adv/scenarios_car__adv0_apple1_google0_samsung0_tile0__20260126_073756/scenario_tx-1min_rot-30s.csv', 'n_segments': 49, 'gt_adv_mac_count': 0, 'n_clusters': 5, 'n_ranked': 5, 'strict_confirmed': True, 'confirmed_any': True, 'density_min': 0.9, 'block_start': 1800.0, 'block_end': 3600.0}, {'src_file': 'controlled/Car_Adv/scenarios_car__adv0_apple1_google0_samsung0_tile0__20260126_073756/scenario_tx-1min_rot-30s.csv', 'n_segments': 13, 'gt_adv_mac_count': 0, 'n_clusters': 6, 'n_ranked': 6, 'strict_confirmed': False, 'confirmed_any': False, 'density_min': 0.9, 'block_start': 3600.0, 'block_end': 5400.0}]"
controlled/Car_Adv/scenarios_car__adv0_apple1_google0_samsung0_tile0__20260126_073756/scenario_tx-1min_rot-5min.csv,True,1800.0,1800.0,3,True,True,"[{'src_file': 'controlled/Car_Adv/scenarios_car__adv0_apple1_google0_samsung0_tile0__20260126_073756/scenario_tx-1min_rot-5min.csv', 'n_segments': 41, 'gt_adv_mac_count': 0, 'n_clusters': 11, 'n_ranked': 10, 'strict_confirmed': True, 'confirmed_any': True, 'density_min': 0.9, 'block_start': 0.0, 'block_end': 1800.0}, {'src_file': 'controlled/Car_Adv/scenarios_car__adv0_apple1_google0_samsung0_tile0__20260126_073756/scenario_tx-1min_rot-5min.csv', 'n_segments': 39, 'gt_adv_mac_count': 0, 'n_clusters': 3, 'n_ranked': 3, 'strict_confirmed': False, 'confirmed_any': False, 'density_min': 0.9, 'block_start': 1800.0, 'block_end': 3600.0}, {'src_file': 'controlled/Car_Adv/scenarios_car__adv0_apple1_google0_samsung0_tile0__20260126_073756/scenario_tx-1min_rot-5min.csv', 'n_segments': 12, 'gt_adv_mac_count': 0, 'n_clusters': 6, 'n_ranked': 6, 'strict_confirmed': False, 'confirmed_any': False, 'density_min': 0.9, 'block_start': 3600.0, 'block_end': 5400.0}]"
controlled/Car_Adv/scenarios_car__adv0_apple1_google0_samsung0_tile0__20260126_073756/scenario_tx-2s_rot-10s.csv,True,1800.0,1800.0,3,False,False,"[{'src_file': 'controlled/Car_Adv/scenarios_car__adv0_apple1_google0_samsung0_tile0__20260126_073756/scenario_tx-2s_rot-10s.csv', 'n_segments': 67, 'gt_adv_mac_count': 0, 'n_clusters': 3, 'n_ranked': 3, 'strict_confirmed': False, 'confirmed_any': False, 'density_min': 0.9, 'block_start': 0.0, 'block_end': 1800.0}, {'src_file': 'controlled/Car_Adv/scenarios_car__adv0_apple1_google0_samsung0_tile0__20260126_073756/scenario_tx-2s_rot-10s.csv', 'n_segments': 68, 'gt_adv_mac_count': 0, 'n_clusters': 3, 'n_ranked': 3, 'strict_confirmed': False, 'confirmed_any': False, 'density_min': 0.9, 'block_start': 1800.0, 'block_end': 3600.0}, {'src_file': 'controlled/Car_Adv/scenarios_car__adv0_apple1_google0_samsung0_tile0__20260126_073756/scenario_tx-2s_rot-10s.csv', 'n_segments': 14, 'gt_adv_mac_count': 0, 'n_clusters': 5, 'n_ranked': 5, 'strict_confirmed': False, 'confirmed_any': False, 'density_min': 0.9, 'block_start': 3600.0, 'block_end': 5400.0}]"
controlled/Car_Adv/scenarios_car__adv0_apple1_google0_samsung0_tile0__20260126_073756/scenario_tx-2s_rot-15min.csv,True,1800.0,1800.0,3,True,True,"[{'src_file': 'controlled/Car_Adv/scenarios_car__adv0_apple1_google0_samsung0_tile0__20260126_073756/scenario_tx-2s_rot-15min.csv', 'n_segments': 38, 'gt_adv_mac_count': 0, 'n_clusters': 3, 'n_ranked': 3, 'strict_confirmed': True, 'confirmed_any': True, 'density_min': 0.9, 'block_start': 0.0, 'block_end': 1800.0}, {'src_file': 'controlled/Car_Adv/scenarios_car__adv0_apple1_google0_samsung0_tile0__20260126_073756/scenario_tx-2s_rot-15min.csv', 'n_segments': 35, 'gt_adv_mac_count': 0, 'n_clusters': 3, 'n_ranked': 3, 'strict_confirmed': False, 'confirmed_any': False, 'density_min': 0.9, 'block_start': 1800.0, 'block_end': 3600.0}, {'src_file': 'controlled/Car_Adv/scenarios_car__adv0_apple1_google0_samsung0_tile0__20260126_073756/scenario_tx-2s_rot-15min.csv', 'n_segments': 13, 'gt_adv_mac_count': 0, 'n_clusters': 6, 'n_ranked': 6, 'strict_confirmed': False, 'confirmed_any': False, 'density_min': 0.9, 'block_start': 3600.0, 'block_end': 5400.0}]"
controlled/Car_Adv/scenarios_car__adv0_apple1_google0_samsung0_tile0__20260126_073756/scenario_tx-2s_rot-1min.csv,True,1800.0,1800.0,3,True,True,"[{'src_file': 'controlled/Car_Adv/scenarios_car__adv0_apple1_google0_samsung0_tile0__20260126_073756/scenario_tx-2s_rot-1min.csv', 'n_segments': 48, 'gt_adv_mac_count': 0, 'n_clusters': 3, 'n_ranked': 3, 'strict_confirmed': True, 'confirmed_any': True, 'density_min': 0.9, 'block_start': 0.0, 'block_end': 1800.0}, {'src_file': 'controlled/Car_Adv/scenarios_car__adv0_apple1_google0_samsung0_tile0__20260126_073756/scenario_tx-2s_rot-1min.csv', 'n_segments': 52, 'gt_adv_mac_count': 0, 'n_clusters': 3, 'n_ranked': 3, 'strict_confirmed': True, 'confirmed_any': True, 'density_min': 0.9, 'block_start': 1800.0, 'block_end': 3600.0}, {'src_file': 'controlled/Car_Adv/scenarios_car__adv0_apple1_google0_samsung0_tile0__20260126_073756/scenario_tx-2s_rot-1min.csv', 'n_segments': 13, 'gt_adv_mac_count': 0, 'n_clusters': 3, 'n_ranked': 3, 'strict_confirmed': False, 'confirmed_any': False, 'density_min': 0.9, 'block_start': 3600.0, 'block_end': 5400.0}]"
controlled/Car_Adv/scenarios_car__adv0_apple1_google0_samsung0_tile0__20260126_073756/scenario_tx-2s_rot-2s.csv,True,1800.0,1800.0,3,False,False,"[{'src_file': 'controlled/Car_Adv/scenarios_car__adv0_apple1_google0_samsung0_tile0__20260126_073756/scenario_tx-2s_rot-2s.csv', 'n_segments': 68, 'gt_adv_mac_count': 0, 'n_clusters': 3, 'n_ranked': 3, 'strict_confirmed': False, 'confirmed_any': False, 'density_min': 0.9, 'block_start': 0.0, 'block_end': 1800.0}, {'src_file': 'controlled/Car_Adv/scenarios_car__adv0_apple1_google0_samsung0_tile0__20260126_073756/scenario_tx-2s_rot-2s.csv', 'n_segments': 68, 'gt_adv_mac_count': 0, 'n_clusters': 3, 'n_ranked': 3, 'strict_confirmed': False, 'confirmed_any': False, 'density_min': 0.9, 'block_start': 1800.0, 'block_end': 3600.0}, {'src_file': 'controlled/Car_Adv/scenarios_car__adv0_apple1_google0_samsung0_tile0__20260126_073756/scenario_tx-2s_rot-2s.csv', 'n_segments': 12, 'gt_adv_mac_count': 0, 'n_clusters': 3, 'n_ranked': 3, 'strict_confirmed': False, 'confirmed_any': False, 'density_min': 0.9, 'block_start': 3600.0, 'block_end': 5400.0}]"
controlled/Car_Adv/scenarios_car__adv0_apple1_google0_samsung0_tile0__20260126_073756/scenario_tx-2s_rot-30s.csv,True,1800.0,1800.0,3,False,False,"[{'src_file': 'controlled/Car_Adv/scenarios_car__adv0_apple1_google0_samsung0_tile0__20260126_073756/scenario_tx-2s_rot-30s.csv', 'n_segments': 54, 'gt_adv_mac_count': 0, 'n_clusters': 3, 'n_ranked': 3, 'strict_confirmed': False, 'confirmed_any': False, 'density_min': 0.9, 'block_start': 0.0, 'block_end': 1800.0}, {'src_file': 'controlled/Car_Adv/scenarios_car__adv0_apple1_google0_samsung0_tile0__20260126_073756/scenario_tx-2s_rot-30s.csv', 'n_segments': 60, 'gt_adv_mac_count': 0, 'n_clusters': 3, 'n_ranked': 3, 'strict_confirmed': False, 'confirmed_any': False, 'density_min': 0.9, 'block_start': 1800.0, 'block_end': 3600.0}, {'src_file': 'controlled/Car_Adv/scenarios_car__adv0_apple1_google0_samsung0_tile0__20260126_073756/scenario_tx-2s_rot-30s.csv', 'n_segments': 14, 'gt_adv_mac_count': 0, 'n_clusters': 5, 'n_ranked': 5, 'strict_confirmed': False, 'confirmed_any': False, 'density_min': 0.9, 'block_start': 3600.0, 'block_end': 5400.0}]"
controlled/Car_Adv/scenarios_car__adv0_apple1_google0_samsung0_tile0__20260126_073756/scenario_tx-2s_rot-5min.csv,True,1800.0,1800.0,3,True,True,"[{'src_file': 'controlled/Car_Adv/scenarios_car__adv0_apple1_google0_samsung0_tile0__20260126_073756/scenario_tx-2s_rot-5min.csv', 'n_segments': 41, 'gt_adv_mac_count': 0, 'n_clusters': 6, 'n_ranked': 6, 'strict_confirmed': False, 'confirmed_any': False, 'density_min': 0.9, 'block_start': 0.0, 'block_end': 1800.0}, {'src_file': 'controlled/Car_Adv/scenarios_car__adv0_apple1_google0_samsung0_tile0__20260126_073756/scenario_tx-2s_rot-5min.csv', 'n_segments': 36, 'gt_adv_mac_count': 0, 'n_clusters': 4, 'n_ranked': 4, 'strict_confirmed': True, 'confirmed_any': True, 'density_min': 0.9, 'block_start': 1800.0, 'block_end': 3600.0}, {'src_file': 'controlled/Car_Adv/scenarios_car__adv0_apple1_google0_samsung0_tile0__20260126_073756/scenario_tx-2s_rot-5min.csv', 'n_segments': 13, 'gt_adv_mac_count': 0, 'n_clusters': 6, 'n_ranked': 6, 'strict_confirmed': False, 'confirmed_any': False, 'density_min': 0.9, 'block_start': 3600.0, 'block_end': 5400.0}]"
controlled/Car_Adv/scenarios_car__adv0_apple1_google0_samsung0_tile0__20260126_073756/scenario_tx-30s_rot-10s.csv,True,1800.0,1800.0,3,True,True,"[{'src_file': 'controlled/Car_Adv/scenarios_car__adv0_apple1_google0_samsung0_tile0__20260126_073756/scenario_tx-30s_rot-10s.csv', 'n_segments': 54, 'gt_adv_mac_count': 0, 'n_clusters': 3, 'n_ranked': 3, 'strict_confirmed': False, 'confirmed_any': False, 'density_min': 0.9, 'block_start': 0.0, 'block_end': 1800.0}, {'src_file': 'controlled/Car_Adv/scenarios_car__adv0_apple1_google0_samsung0_tile0__20260126_073756/scenario_tx-30s_rot-10s.csv', 'n_segments': 57, 'gt_adv_mac_count': 0, 'n_clusters': 10, 'n_ranked': 10, 'strict_confirmed': True, 'confirmed_any': True, 'density_min': 0.9, 'block_start': 1800.0, 'block_end': 3600.0}, {'src_file': 'controlled/Car_Adv/scenarios_car__adv0_apple1_google0_samsung0_tile0__20260126_073756/scenario_tx-30s_rot-10s.csv', 'n_segments': 13, 'gt_adv_mac_count': 0, 'n_clusters': 5, 'n_ranked': 5, 'strict_confirmed': False, 'confirmed_any': False, 'density_min': 0.9, 'block_start': 3600.0, 'block_end': 5400.0}]"
controlled/Car_Adv/scenarios_car__adv0_apple1_google0_samsung0_tile0__20260126_073756/scenario_tx-30s_rot-15min.csv,True,1800.0,1800.0,3,True,True,"[{'src_file': 'controlled/Car_Adv/scenarios_car__adv0_apple1_google0_samsung0_tile0__20260126_073756/scenario_tx-30s_rot-15min.csv', 'n_segments': 39, 'gt_adv_mac_count': 0, 'n_clusters': 3, 'n_ranked': 3, 'strict_confirmed': False, 'confirmed_any': False, 'density_min': 0.9, 'block_start': 0.0, 'block_end': 1800.0}, {'src_file': 'controlled/Car_Adv/scenarios_car__adv0_apple1_google0_samsung0_tile0__20260126_073756/scenario_tx-30s_rot-15min.csv', 'n_segments': 35, 'gt_adv_mac_count': 0, 'n_clusters': 8, 'n_ranked': 8, 'strict_confirmed': True, 'confirmed_any': True, 'density_min': 0.9, 'block_start': 1800.0, 'block_end': 3600.0}, {'src_file': 'controlled/Car_Adv/scenarios_car__adv0_apple1_google0_samsung0_tile0__20260126_073756/scenario_tx-30s_rot-15min.csv', 'n_segments': 13, 'gt_adv_mac_count': 0, 'n_clusters': 6, 'n_ranked': 6, 'strict_confirmed': False, 'confirmed_any': False, 'density_min': 0.9, 'block_start': 3600.0, 'block_end': 5400.0}]"
controlled/Car_Adv/scenarios_car__adv0_apple1_google0_samsung0_tile0__20260126_073756/scenario_tx-30s_rot-1min.csv,True,1800.0,1800.0,3,True,True,"[{'src_file': 'controlled/Car_Adv/scenarios_car__adv0_apple1_google0_samsung0_tile0__20260126_073756/scenario_tx-30s_rot-1min.csv', 'n_segments': 46, 'gt_adv_mac_count': 0, 'n_clusters': 3, 'n_ranked': 3, 'strict_confirmed': False, 'confirmed_any': False, 'density_min': 0.9, 'block_start': 0.0, 'block_end': 1800.0}, {'src_file': 'controlled/Car_Adv/scenarios_car__adv0_apple1_google0_samsung0_tile0__20260126_073756/scenario_tx-30s_rot-1min.csv', 'n_segments': 45, 'gt_adv_mac_count': 0, 'n_clusters': 5, 'n_ranked': 5, 'strict_confirmed': True, 'confirmed_any': True, 'density_min': 0.9, 'block_start': 1800.0, 'block_end': 3600.0}, {'src_file': 'controlled/Car_Adv/scenarios_car__adv0_apple1_google0_samsung0_tile0__20260126_073756/scenario_tx-30s_rot-1min.csv', 'n_segments': 13, 'gt_adv_mac_count': 0, 'n_clusters': 3, 'n_ranked': 3, 'strict_confirmed': False, 'confirmed_any': False, 'density_min': 0.9, 'block_start': 3600.0, 'block_end': 5400.0}]"
controlled/Car_Adv/scenarios_car__adv0_apple1_google0_samsung0_tile0__20260126_073756/scenario_tx-30s_rot-2s.csv,True,1800.0,1800.0,3,True,True,"[{'src_file': 'controlled/Car_Adv/scenarios_car__adv0_apple1_google0_samsung0_tile0__20260126_073756/scenario_tx-30s_rot-2s.csv', 'n_segments': 49, 'gt_adv_mac_count': 0, 'n_clusters': 3, 'n_ranked': 3, 'strict_confirmed': False, 'confirmed_any': False, 'density_min': 0.9, 'block_start': 0.0, 'block_end': 1800.0}, {'src_file': 'controlled/Car_Adv/scenarios_car__adv0_apple1_google0_samsung0_tile0__20260126_073756/scenario_tx-30s_rot-2s.csv', 'n_segments': 52, 'gt_adv_mac_count': 0, 'n_clusters': 4, 'n_ranked': 4, 'strict_confirmed': True, 'confirmed_any': True, 'density_min': 0.9, 'block_start': 1800.0, 'block_end': 3600.0}, {'src_file': 'controlled/Car_Adv/scenarios_car__adv0_apple1_google0_samsung0_tile0__20260126_073756/scenario_tx-30s_rot-2s.csv', 'n_segments': 14, 'gt_adv_mac_count': 0, 'n_clusters': 5, 'n_ranked': 5, 'strict_confirmed': False, 'confirmed_any': False, 'density_min': 0.9, 'block_start': 3600.0, 'block_end': 5400.0}]"
controlled/Car_Adv/scenarios_car__adv0_apple1_google0_samsung0_tile0__20260126_073756/scenario_tx-30s_rot-30s.csv,True,1800.0,1800.0,3,True,True,"[{'src_file': 'controlled/Car_Adv/scenarios_car__adv0_apple1_google0_samsung0_tile0__20260126_073756/scenario_tx-30s_rot-30s.csv', 'n_segments': 51, 'gt_adv_mac_count': 0, 'n_clusters': 3, 'n_ranked': 3, 'strict_confirmed': False, 'confirmed_any': False, 'density_min': 0.9, 'block_start': 0.0, 'block_end': 1800.0}, {'src_file': 'controlled/Car_Adv/scenarios_car__adv0_apple1_google0_samsung0_tile0__20260126_073756/scenario_tx-30s_rot-30s.csv', 'n_segments': 53, 'gt_adv_mac_count': 0, 'n_clusters': 3, 'n_ranked': 3, 'strict_confirmed': True, 'confirmed_any': True, 'density_min': 0.9, 'block_start': 1800.0, 'block_end': 3600.0}, {'src_file': 'controlled/Car_Adv/scenarios_car__adv0_apple1_google0_samsung0_tile0__20260126_073756/scenario_tx-30s_rot-30s.csv', 'n_segments': 14, 'gt_adv_mac_count': 0, 'n_clusters': 5, 'n_ranked': 5, 'strict_confirmed': False, 'confirmed_any': False, 'density_min': 0.9, 'block_start': 3600.0, 'block_end': 5400.0}]"
controlled/Car_Adv/scenarios_car__adv0_apple1_google0_samsung0_tile0__20260126_073756/scenario_tx-30s_rot-5min.csv,True,1800.0,1800.0,3,True,True,"[{'src_file': 'controlled/Car_Adv/scenarios_car__adv0_apple1_google0_samsung0_tile0__20260126_073756/scenario_tx-30s_rot-5min.csv', 'n_segments': 40, 'gt_adv_mac_count': 0, 'n_clusters': 8, 'n_ranked': 8, 'strict_confirmed': False, 'confirmed_any': False, 'density_min': 0.9, 'block_start': 0.0, 'block_end': 1800.0}, {'src_file': 'controlled/Car_Adv/scenarios_car__adv0_apple1_google0_samsung0_tile0__20260126_073756/scenario_tx-30s_rot-5min.csv', 'n_segments': 38, 'gt_adv_mac_count': 0, 'n_clusters': 11, 'n_ranked': 10, 'strict_confirmed': True, 'confirmed_any': True, 'density_min': 0.9, 'block_start': 1800.0, 'block_end': 3600.0}, {'src_file': 'controlled/Car_Adv/scenarios_car__adv0_apple1_google0_samsung0_tile0__20260126_073756/scenario_tx-30s_rot-5min.csv', 'n_segments': 13, 'gt_adv_mac_count': 0, 'n_clusters': 6, 'n_ranked': 6, 'strict_confirmed': False, 'confirmed_any': False, 'density_min': 0.9, 'block_start': 3600.0, 'block_end': 5400.0}]"
controlled/Car_Adv/scenarios_car__adv1_apple0_google0_samsung0_tile0__20260126_005951/scenario_tx-10s_rot-10s.csv,True,1800.0,1800.0,3,True,True,"[{'src_file': 'controlled/Car_Adv/scenarios_car__adv1_apple0_google0_samsung0_tile0__20260126_005951/scenario_tx-10s_rot-10s.csv', 'n_segments': 44, 'gt_adv_mac_count': 0, 'n_clusters': 7, 'n_ranked': 7, 'strict_confirmed': True, 'confirmed_any': True, 'density_min': 0.9, 'block_start': 0.0, 'block_end': 1800.0}, {'src_file': 'controlled/Car_Adv/scenarios_car__adv1_apple0_google0_samsung0_tile0__20260126_005951/scenario_tx-10s_rot-10s.csv', 'n_segments': 42, 'gt_adv_mac_count': 0, 'n_clusters': 5, 'n_ranked': 5, 'strict_confirmed': True, 'confirmed_any': True, 'density_min': 0.9, 'block_start': 1800.0, 'block_end': 3600.0}, {'src_file': 'controlled/Car_Adv/scenarios_car__adv1_apple0_google0_samsung0_tile0__20260126_005951/scenario_tx-10s_rot-10s.csv', 'n_segments': 12, 'gt_adv_mac_count': 0, 'n_clusters': 6, 'n_ranked': 6, 'strict_confirmed': False, 'confirmed_any': False, 'density_min': 0.9, 'block_start': 3600.0, 'block_end': 5400.0}]"
controlled/Car_Adv/scenarios_car__adv1_apple0_google0_samsung0_tile0__20260126_005951/scenario_tx-10s_rot-15min.csv,True,1800.0,1800.0,3,True,True,"[{'src_file': 'controlled/Car_Adv/scenarios_car__adv1_apple0_google0_samsung0_tile0__20260126_005951/scenario_tx-10s_rot-15min.csv', 'n_segments': 39, 'gt_adv_mac_count': 0, 'n_clusters': 3, 'n_ranked': 3, 'strict_confirmed': False, 'confirmed_any': False, 'density_min': 0.9, 'block_start': 0.0, 'block_end': 1800.0}, {'src_file': 'controlled/Car_Adv/scenarios_car__adv1_apple0_google0_samsung0_tile0__20260126_005951/scenario_tx-10s_rot-15min.csv', 'n_segments': 34, 'gt_adv_mac_count': 0, 'n_clusters': 4, 'n_ranked': 4, 'strict_confirmed': True, 'confirmed_any': True, 'density_min': 0.9, 'block_start': 1800.0, 'block_end': 3600.0}, {'src_file': 'controlled/Car_Adv/scenarios_car__adv1_apple0_google0_samsung0_tile0__20260126_005951/scenario_tx-10s_rot-15min.csv', 'n_segments': 12, 'gt_adv_mac_count': 0, 'n_clusters': 6, 'n_ranked': 6, 'strict_confirmed': False, 'confirmed_any': False, 'density_min': 0.9, 'block_start': 3600.0, 'block_end': 5400.0}]"
controlled/Car_Adv/scenarios_car__adv1_apple0_google0_samsung0_tile0__20260126_005951/scenario_tx-10s_rot-1min.csv,True,1800.0,1800.0,3,True,True,"[{'src_file': 'controlled/Car_Adv/scenarios_car__adv1_apple0_google0_samsung0_tile0__20260126_005951/scenario_tx-10s_rot-1min.csv', 'n_segments': 42, 'gt_adv_mac_count': 0, 'n_clusters': 6, 'n_ranked': 6, 'strict_confirmed': False, 'confirmed_any': False, 'density_min': 0.9, 'block_start': 0.0, 'block_end': 1800.0}, {'src_file': 'controlled/Car_Adv/scenarios_car__adv1_apple0_google0_samsung0_tile0__20260126_005951/scenario_tx-10s_rot-1min.csv', 'n_segments': 40, 'gt_adv_mac_count': 0, 'n_clusters': 3, 'n_ranked': 3, 'strict_confirmed': True, 'confirmed_any': True, 'density_min': 0.9, 'block_start': 1800.0, 'block_end': 3600.0}, {'src_file': 'controlled/Car_Adv/scenarios_car__adv1_apple0_google0_samsung0_tile0__20260126_005951/scenario_tx-10s_rot-1min.csv', 'n_segments': 12, 'gt_adv_mac_count': 0, 'n_clusters': 6, 'n_ranked': 6, 'strict_confirmed': False, 'confirmed_any': False, 'density_min': 0.9, 'block_start': 3600.0, 'block_end': 5400.0}]"
controlled/Car_Adv/scenarios_car__adv1_apple0_google0_samsung0_tile0__20260126_005951/scenario_tx-10s_rot-2s.csv,True,1800.0,1800.0,3,True,True,"[{'src_file': 'controlled/Car_Adv/scenarios_car__adv1_apple0_google0_samsung0_tile0__20260126_005951/scenario_tx-10s_rot-2s.csv', 'n_segments': 43, 'gt_adv_mac_count': 0, 'n_clusters': 4, 'n_ranked': 4, 'strict_confirmed': False, 'confirmed_any': False, 'density_min': 0.9, 'block_start': 0.0, 'block_end': 1800.0}, {'src_file': 'controlled/Car_Adv/scenarios_car__adv1_apple0_google0_samsung0_tile0__20260126_005951/scenario_tx-10s_rot-2s.csv', 'n_segments': 41, 'gt_adv_mac_count': 0, 'n_clusters': 4, 'n_ranked': 4, 'strict_confirmed': True, 'confirmed_any': True, 'density_min': 0.9, 'block_start': 1800.0, 'block_end': 3600.0}, {'src_file': 'controlled/Car_Adv/scenarios_car__adv1_apple0_google0_samsung0_tile0__20260126_005951/scenario_tx-10s_rot-2s.csv', 'n_segments': 12, 'gt_adv_mac_count': 0, 'n_clusters': 6, 'n_ranked': 6, 'strict_confirmed': False, 'confirmed_any': False, 'density_min': 0.9, 'block_start': 3600.0, 'block_end': 5400.0}]"
controlled/Car_Adv/scenarios_car__adv1_apple0_google0_samsung0_tile0__20260126_005951/scenario_tx-10s_rot-30s.csv,True,1800.0,1800.0,3,True,True,"[{'src_file': 'controlled/Car_Adv/scenarios_car__adv1_apple0_google0_samsung0_tile0__20260126_005951/scenario_tx-10s_rot-30s.csv', 'n_segments': 38, 'gt_adv_mac_count': 0, 'n_clusters': 3, 'n_ranked': 3, 'strict_confirmed': False, 'confirmed_any': False, 'density_min': 0.9, 'block_start': 0.0, 'block_end': 1800.0}, {'src_file': 'controlled/Car_Adv/scenarios_car__adv1_apple0_google0_samsung0_tile0__20260126_005951/scenario_tx-10s_rot-30s.csv', 'n_segments': 42, 'gt_adv_mac_count': 0, 'n_clusters': 4, 'n_ranked': 4, 'strict_confirmed': True, 'confirmed_any': True, 'density_min': 0.9, 'block_start': 1800.0, 'block_end': 3600.0}, {'src_file': 'controlled/Car_Adv/scenarios_car__adv1_apple0_google0_samsung0_tile0__20260126_005951/scenario_tx-10s_rot-30s.csv', 'n_segments': 12, 'gt_adv_mac_count': 0, 'n_clusters': 6, 'n_ranked': 6, 'strict_confirmed': False, 'confirmed_any': False, 'density_min': 0.9, 'block_start': 3600.0, 'block_end': 5400.0}]"
controlled/Car_Adv/scenarios_car__adv1_apple0_google0_samsung0_tile0__20260126_005951/scenario_tx-10s_rot-5min.csv,True,1800.0,1800.0,3,True,True,"[{'src_file': 'controlled/Car_Adv/scenarios_car__adv1_apple0_google0_samsung0_tile0__20260126_005951/scenario_tx-10s_rot-5min.csv', 'n_segments': 40, 'gt_adv_mac_count': 0, 'n_clusters': 4, 'n_ranked': 4, 'strict_confirmed': False, 'confirmed_any': False, 'density_min': 0.9, 'block_start': 0.0, 'block_end': 1800.0}, {'src_file': 'controlled/Car_Adv/scenarios_car__adv1_apple0_google0_samsung0_tile0__20260126_005951/scenario_tx-10s_rot-5min.csv', 'n_segments': 36, 'gt_adv_mac_count': 0, 'n_clusters': 3, 'n_ranked': 3, 'strict_confirmed': True, 'confirmed_any': True, 'density_min': 0.9, 'block_start': 1800.0, 'block_end': 3600.0}, {'src_file': 'controlled/Car_Adv/scenarios_car__adv1_apple0_google0_samsung0_tile0__20260126_005951/scenario_tx-10s_rot-5min.csv', 'n_segments': 12, 'gt_adv_mac_count': 0, 'n_clusters': 6, 'n_ranked': 6, 'strict_confirmed': False, 'confirmed_any': False, 'density_min': 0.9, 'block_start': 3600.0, 'block_end': 5400.0}]"
controlled/Car_Adv/scenarios_car__adv1_apple0_google0_samsung0_tile0__20260126_005951/scenario_tx-15s_rot-10s.csv,True,1800.0,1800.0,3,True,True,"[{'src_file': 'controlled/Car_Adv/scenarios_car__adv1_apple0_google0_samsung0_tile0__20260126_005951/scenario_tx-15s_rot-10s.csv', 'n_segments': 46, 'gt_adv_mac_count': 0, 'n_clusters': 7, 'n_ranked': 7, 'strict_confirmed': False, 'confirmed_any': False, 'density_min': 0.9, 'block_start': 0.0, 'block_end': 1800.0}, {'src_file': 'controlled/Car_Adv/scenarios_car__adv1_apple0_google0_samsung0_tile0__20260126_005951/scenario_tx-15s_rot-10s.csv', 'n_segments': 42, 'gt_adv_mac_count': 0, 'n_clusters': 5, 'n_ranked': 5, 'strict_confirmed': True, 'confirmed_any': True, 'density_min': 0.9, 'block_start': 1800.0, 'block_end': 3600.0}, {'src_file': 'controlled/Car_Adv/scenarios_car__adv1_apple0_google0_samsung0_tile0__20260126_005951/scenario_tx-15s_rot-10s.csv', 'n_segments': 12, 'gt_adv_mac_count': 0, 'n_clusters': 6, 'n_ranked': 6, 'strict_confirmed': False, 'confirmed_any': False, 'density_min': 0.9, 'block_start': 3600.0, 'block_end': 5400.0}]"
controlled/Car_Adv/scenarios_car__adv1_apple0_google0_samsung0_tile0__20260126_005951/scenario_tx-15s_rot-15min.csv,True,1800.0,1800.0,3,True,True,"[{'src_file': 'controlled/Car_Adv/scenarios_car__adv1_apple0_google0_samsung0_tile0__20260126_005951/scenario_tx-15s_rot-15min.csv', 'n_segments': 39, 'gt_adv_mac_count': 0, 'n_clusters': 3, 'n_ranked': 3, 'strict_confirmed': False, 'confirmed_any': False, 'density_min': 0.9, 'block_start': 0.0, 'block_end': 1800.0}, {'src_file': 'controlled/Car_Adv/scenarios_car__adv1_apple0_google0_samsung0_tile0__20260126_005951/scenario_tx-15s_rot-15min.csv', 'n_segments': 36, 'gt_adv_mac_count': 0, 'n_clusters': 3, 'n_ranked': 3, 'strict_confirmed': True, 'confirmed_any': True, 'density_min': 0.9, 'block_start': 1800.0, 'block_end': 3600.0}, {'src_file': 'controlled/Car_Adv/scenarios_car__adv1_apple0_google0_samsung0_tile0__20260126_005951/scenario_tx-15s_rot-15min.csv', 'n_segments': 12, 'gt_adv_mac_count': 0, 'n_clusters': 6, 'n_ranked': 6, 'strict_confirmed': False, 'confirmed_any': False, 'density_min': 0.9, 'block_start': 3600.0, 'block_end': 5400.0}]"
controlled/Car_Adv/scenarios_car__adv1_apple0_google0_samsung0_tile0__20260126_005951/scenario_tx-15s_rot-1min.csv,True,1800.0,1800.0,3,True,True,"[{'src_file': 'controlled/Car_Adv/scenarios_car__adv1_apple0_google0_samsung0_tile0__20260126_005951/scenario_tx-15s_rot-1min.csv', 'n_segments': 41, 'gt_adv_mac_count': 0, 'n_clusters': 6, 'n_ranked': 6, 'strict_confirmed': False, 'confirmed_any': False, 'density_min': 0.9, 'block_start': 0.0, 'block_end': 1800.0}, {'src_file': 'controlled/Car_Adv/scenarios_car__adv1_apple0_google0_samsung0_tile0__20260126_005951/scenario_tx-15s_rot-1min.csv', 'n_segments': 41, 'gt_adv_mac_count': 0, 'n_clusters': 5, 'n_ranked': 5, 'strict_confirmed': True, 'confirmed_any': True, 'density_min': 0.9, 'block_start': 1800.0, 'block_end': 3600.0}, {'src_file': 'controlled/Car_Adv/scenarios_car__adv1_apple0_google0_samsung0_tile0__20260126_005951/scenario_tx-15s_rot-1min.csv', 'n_segments': 12, 'gt_adv_mac_count': 0, 'n_clusters': 6, 'n_ranked': 6, 'strict_confirmed': False, 'confirmed_any': False, 'density_min': 0.9, 'block_start': 3600.0, 'block_end': 5400.0}]"
controlled/Car_Adv/scenarios_car__adv1_apple0_google0_samsung0_tile0__20260126_005951/scenario_tx-15s_rot-2s.csv,True,1800.0,1800.0,3,True,True,"[{'src_file': 'controlled/Car_Adv/scenarios_car__adv1_apple0_google0_samsung0_tile0__20260126_005951/scenario_tx-15s_rot-2s.csv', 'n_segments': 41, 'gt_adv_mac_count': 0, 'n_clusters': 5, 'n_ranked': 5, 'strict_confirmed': False, 'confirmed_any': False, 'density_min': 0.9, 'block_start': 0.0, 'block_end': 1800.0}, {'src_file': 'controlled/Car_Adv/scenarios_car__adv1_apple0_google0_samsung0_tile0__20260126_005951/scenario_tx-15s_rot-2s.csv', 'n_segments': 42, 'gt_adv_mac_count': 0, 'n_clusters': 4, 'n_ranked': 4, 'strict_confirmed': True, 'confirmed_any': True, 'density_min': 0.9, 'block_start': 1800.0, 'block_end': 3600.0}, {'src_file': 'controlled/Car_Adv/scenarios_car__adv1_apple0_google0_samsung0_tile0__20260126_005951/scenario_tx-15s_rot-2s.csv', 'n_segments': 12, 'gt_adv_mac_count': 0, 'n_clusters': 6, 'n_ranked': 6, 'strict_confirmed': False, 'confirmed_any': False, 'density_min': 0.9, 'block_start': 3600.0, 'block_end': 5400.0}]"
controlled/Car_Adv/scenarios_car__adv1_apple0_google0_samsung0_tile0__20260126_005951/scenario_tx-15s_rot-30s.csv,True,1800.0,1800.0,3,True,True,"[{'src_file': 'controlled/Car_Adv/scenarios_car__adv1_apple0_google0_samsung0_tile0__20260126_005951/scenario_tx-15s_rot-30s.csv', 'n_segments': 42, 'gt_adv_mac_count': 0, 'n_clusters': 4, 'n_ranked': 4, 'strict_confirmed': False, 'confirmed_any': False, 'density_min': 0.9, 'block_start': 0.0, 'block_end': 1800.0}, {'src_file': 'controlled/Car_Adv/scenarios_car__adv1_apple0_google0_samsung0_tile0__20260126_005951/scenario_tx-15s_rot-30s.csv', 'n_segments': 41, 'gt_adv_mac_count': 0, 'n_clusters': 4, 'n_ranked': 4, 'strict_confirmed': True, 'confirmed_any': True, 'density_min': 0.9, 'block_start': 1800.0, 'block_end': 3600.0}, {'src_file': 'controlled/Car_Adv/scenarios_car__adv1_apple0_google0_samsung0_tile0__20260126_005951/scenario_tx-15s_rot-30s.csv', 'n_segments': 12, 'gt_adv_mac_count': 0, 'n_clusters': 6, 'n_ranked': 6, 'strict_confirmed': False, 'confirmed_any': False, 'density_min': 0.9, 'block_start': 3600.0, 'block_end': 5400.0}]"
controlled/Car_Adv/scenarios_car__adv1_apple0_google0_samsung0_tile0__20260126_005951/scenario_tx-15s_rot-5min.csv,True,1800.0,1800.0,3,True,True,"[{'src_file': 'controlled/Car_Adv/scenarios_car__adv1_apple0_google0_samsung0_tile0__20260126_005951/scenario_tx-15s_rot-5min.csv', 'n_segments': 39, 'gt_adv_mac_count': 0, 'n_clusters': 3, 'n_ranked': 3, 'strict_confirmed': False, 'confirmed_any': False, 'density_min': 0.9, 'block_start': 0.0, 'block_end': 1800.0}, {'src_file': 'controlled/Car_Adv/scenarios_car__adv1_apple0_google0_samsung0_tile0__20260126_005951/scenario_tx-15s_rot-5min.csv', 'n_segments': 38, 'gt_adv_mac_count': 0, 'n_clusters': 4, 'n_ranked': 4, 'strict_confirmed': True, 'confirmed_any': True, 'density_min': 0.9, 'block_start': 1800.0, 'block_end': 3600.0}, {'src_file': 'controlled/Car_Adv/scenarios_car__adv1_apple0_google0_samsung0_tile0__20260126_005951/scenario_tx-15s_rot-5min.csv', 'n_segments': 12, 'gt_adv_mac_count': 0, 'n_clusters': 6, 'n_ranked': 6, 'strict_confirmed': False, 'confirmed_any': False, 'density_min': 0.9, 'block_start': 3600.0, 'block_end': 5400.0}]"
controlled/Car_Adv/scenarios_car__adv1_apple0_google0_samsung0_tile0__20260126_005951/scenario_tx-1min_rot-10s.csv,True,1800.0,1800.0,3,True,True,"[{'src_file': 'controlled/Car_Adv/scenarios_car__adv1_apple0_google0_samsung0_tile0__20260126_005951/scenario_tx-1min_rot-10s.csv', 'n_segments': 40, 'gt_adv_mac_count': 0, 'n_clusters': 8, 'n_ranked': 8, 'strict_confirmed': False, 'confirmed_any': False, 'density_min': 0.9, 'block_start': 0.0, 'block_end': 1800.0}, {'src_file': 'controlled/Car_Adv/scenarios_car__adv1_apple0_google0_samsung0_tile0__20260126_005951/scenario_tx-1min_rot-10s.csv', 'n_segments': 40, 'gt_adv_mac_count': 0, 'n_clusters': 4, 'n_ranked': 4, 'strict_confirmed': True, 'confirmed_any': True, 'density_min': 0.9, 'block_start': 1800.0, 'block_end': 3600.0}, {'src_file': 'controlled/Car_Adv/scenarios_car__adv1_apple0_google0_samsung0_tile0__20260126_005951/scenario_tx-1min_rot-10s.csv', 'n_segments': 12, 'gt_adv_mac_count': 0, 'n_clusters': 6, 'n_ranked': 6, 'strict_confirmed': False, 'confirmed_any': False, 'density_min': 0.9, 'block_start': 3600.0, 'block_end': 5400.0}]"
controlled/Car_Adv/scenarios_car__adv1_apple0_google0_samsung0_tile0__20260126_005951/scenario_tx-1min_rot-15min.csv,True,1800.0,1800.0,3,True,True,"[{'src_file': 'controlled/Car_Adv/scenarios_car__adv1_apple0_google0_samsung0_tile0__20260126_005951/scenario_tx-1min_rot-15min.csv', 'n_segments': 39, 'gt_adv_mac_count': 0, 'n_clusters': 3, 'n_ranked': 3, 'strict_confirmed': False, 'confirmed_any': False, 'density_min': 0.9, 'block_start': 0.0, 'block_end': 1800.0}, {'src_file': 'controlled/Car_Adv/scenarios_car__adv1_apple0_google0_samsung0_tile0__20260126_005951/scenario_tx-1min_rot-15min.csv', 'n_segments': 35, 'gt_adv_mac_count': 0, 'n_clusters': 3, 'n_ranked': 3, 'strict_confirmed': True, 'confirmed_any': True, 'density_min': 0.9, 'block_start': 1800.0, 'block_end': 3600.0}, {'src_file': 'controlled/Car_Adv/scenarios_car__adv1_apple0_google0_samsung0_tile0__20260126_005951/scenario_tx-1min_rot-15min.csv', 'n_segments': 12, 'gt_adv_mac_count': 0, 'n_clusters': 6, 'n_ranked': 6, 'strict_confirmed': False, 'confirmed_any': False, 'density_min': 0.9, 'block_start': 3600.0, 'block_end': 5400.0}]"
controlled/Car_Adv/scenarios_car__adv1_apple0_google0_samsung0_tile0__20260126_005951/scenario_tx-1min_rot-1min.csv,True,1800.0,1800.0,3,True,True,"[{'src_file': 'controlled/Car_Adv/scenarios_car__adv1_apple0_google0_samsung0_tile0__20260126_005951/scenario_tx-1min_rot-1min.csv', 'n_segments': 41, 'gt_adv_mac_count': 0, 'n_clusters': 6, 'n_ranked': 6, 'strict_confirmed': False, 'confirmed_any': False, 'density_min': 0.9, 'block_start': 0.0, 'block_end': 1800.0}, {'src_file': 'controlled/Car_Adv/scenarios_car__adv1_apple0_google0_samsung0_tile0__20260126_005951/scenario_tx-1min_rot-1min.csv', 'n_segments': 40, 'gt_adv_mac_count': 0, 'n_clusters': 4, 'n_ranked': 4, 'strict_confirmed': True, 'confirmed_any': True, 'density_min': 0.9, 'block_start': 1800.0, 'block_end': 3600.0}, {'src_file': 'controlled/Car_Adv/scenarios_car__adv1_apple0_google0_samsung0_tile0__20260126_005951/scenario_tx-1min_rot-1min.csv', 'n_segments': 12, 'gt_adv_mac_count': 0, 'n_clusters': 6, 'n_ranked': 6, 'strict_confirmed': False, 'confirmed_any': False, 'density_min': 0.9, 'block_start': 3600.0, 'block_end': 5400.0}]"
controlled/Car_Adv/scenarios_car__adv1_apple0_google0_samsung0_tile0__20260126_005951/scenario_tx-1min_rot-2s.csv,True,1800.0,1800.0,3,True,True,"[{'src_file': 'controlled/Car_Adv/scenarios_car__adv1_apple0_google0_samsung0_tile0__20260126_005951/scenario_tx-1min_rot-2s.csv', 'n_segments': 41, 'gt_adv_mac_count': 0, 'n_clusters': 4, 'n_ranked': 4, 'strict_confirmed': False, 'confirmed_any': False, 'density_min': 0.9, 'block_start': 0.0, 'block_end': 1800.0}, {'src_file': 'controlled/Car_Adv/scenarios_car__adv1_apple0_google0_samsung0_tile0__20260126_005951/scenario_tx-1min_rot-2s.csv', 'n_segments': 37, 'gt_adv_mac_count': 0, 'n_clusters': 13, 'n_ranked': 10, 'strict_confirmed': True, 'confirmed_any': True, 'density_min': 0.9, 'block_start': 1800.0, 'block_end': 3600.0}, {'src_file': 'controlled/Car_Adv/scenarios_car__adv1_apple0_google0_samsung0_tile0__20260126_005951/scenario_tx-1min_rot-2s.csv', 'n_segments': 12, 'gt_adv_mac_count': 0, 'n_clusters': 6, 'n_ranked': 6, 'strict_confirmed': False, 'confirmed_any': False, 'density_min': 0.9, 'block_start': 3600.0, 'block_end': 5400.0}]"
controlled/Car_Adv/scenarios_car__adv1_apple0_google0_samsung0_tile0__20260126_005951/scenario_tx-1min_rot-30s.csv,True,1800.0,1800.0,3,True,True,"[{'src_file': 'controlled/Car_Adv/scenarios_car__adv1_apple0_google0_samsung0_tile0__20260126_005951/scenario_tx-1min_rot-30s.csv', 'n_segments': 42, 'gt_adv_mac_count': 0, 'n_clusters': 5, 'n_ranked': 5, 'strict_confirmed': False, 'confirmed_any': False, 'density_min': 0.9, 'block_start': 0.0, 'block_end': 1800.0}, {'src_file': 'controlled/Car_Adv/scenarios_car__adv1_apple0_google0_samsung0_tile0__20260126_005951/scenario_tx-1min_rot-30s.csv', 'n_segments': 40, 'gt_adv_mac_count': 0, 'n_clusters': 4, 'n_ranked': 4, 'strict_confirmed': True, 'confirmed_any': True, 'density_min': 0.9, 'block_start': 1800.0, 'block_end': 3600.0}, {'src_file': 'controlled/Car_Adv/scenarios_car__adv1_apple0_google0_samsung0_tile0__20260126_005951/scenario_tx-1min_rot-30s.csv', 'n_segments': 12, 'gt_adv_mac_count': 0, 'n_clusters': 6, 'n_ranked': 6, 'strict_confirmed': False, 'confirmed_any': False, 'density_min': 0.9, 'block_start': 3600.0, 'block_end': 5400.0}]"
controlled/Car_Adv/scenarios_car__adv1_apple0_google0_samsung0_tile0__20260126_005951/scenario_tx-1min_rot-5min.csv,True,1800.0,1800.0,3,True,True,"[{'src_file': 'controlled/Car_Adv/scenarios_car__adv1_apple0_google0_samsung0_tile0__20260126_005951/scenario_tx-1min_rot-5min.csv', 'n_segments': 39, 'gt_adv_mac_count': 0, 'n_clusters': 3, 'n_ranked': 3, 'strict_confirmed': False, 'confirmed_any': False, 'density_min': 0.9, 'block_start': 0.0, 'block_end': 1800.0}, {'src_file': 'controlled/Car_Adv/scenarios_car__adv1_apple0_google0_samsung0_tile0__20260126_005951/scenario_tx-1min_rot-5min.csv', 'n_segments': 38, 'gt_adv_mac_count': 0, 'n_clusters': 4, 'n_ranked': 4, 'strict_confirmed': True, 'confirmed_any': True, 'density_min': 0.9, 'block_start': 1800.0, 'block_end': 3600.0}, {'src_file': 'controlled/Car_Adv/scenarios_car__adv1_apple0_google0_samsung0_tile0__20260126_005951/scenario_tx-1min_rot-5min.csv', 'n_segments': 12, 'gt_adv_mac_count': 0, 'n_clusters': 6, 'n_ranked': 6, 'strict_confirmed': False, 'confirmed_any': False, 'density_min': 0.9, 'block_start': 3600.0, 'block_end': 5400.0}]"
controlled/Car_Adv/scenarios_car__adv1_apple0_google0_samsung0_tile0__20260126_005951/scenario_tx-2s_rot-10s.csv,True,1800.0,1800.0,3,True,True,"[{'src_file': 'controlled/Car_Adv/scenarios_car__adv1_apple0_google0_samsung0_tile0__20260126_005951/scenario_tx-2s_rot-10s.csv', 'n_segments': 45, 'gt_adv_mac_count': 0, 'n_clusters': 3, 'n_ranked': 3, 'strict_confirmed': False, 'confirmed_any': False, 'density_min': 0.9, 'block_start': 0.0, 'block_end': 1800.0}, {'src_file': 'controlled/Car_Adv/scenarios_car__adv1_apple0_google0_samsung0_tile0__20260126_005951/scenario_tx-2s_rot-10s.csv', 'n_segments': 43, 'gt_adv_mac_count': 0, 'n_clusters': 3, 'n_ranked': 3, 'strict_confirmed': True, 'confirmed_any': True, 'density_min': 0.9, 'block_start': 1800.0, 'block_end': 3600.0}, {'src_file': 'controlled/Car_Adv/scenarios_car__adv1_apple0_google0_samsung0_tile0__20260126_005951/scenario_tx-2s_rot-10s.csv', 'n_segments': 12, 'gt_adv_mac_count': 0, 'n_clusters': 6, 'n_ranked': 6, 'strict_confirmed': False, 'confirmed_any': False, 'density_min': 0.9, 'block_start': 3600.0, 'block_end': 5400.0}]"
controlled/Car_Adv/scenarios_car__adv1_apple0_google0_samsung0_tile0__20260126_005951/scenario_tx-2s_rot-15min.csv,True,1800.0,1800.0,3,True,True,"[{'src_file': 'controlled/Car_Adv/scenarios_car__adv1_apple0_google0_samsung0_tile0__20260126_005951/scenario_tx-2s_rot-15min.csv', 'n_segments': 38, 'gt_adv_mac_count': 0, 'n_clusters': 3, 'n_ranked': 3, 'strict_confirmed': False, 'confirmed_any': False, 'density_min': 0.9, 'block_start': 0.0, 'block_end': 1800.0}, {'src_file': 'controlled/Car_Adv/scenarios_car__adv1_apple0_google0_samsung0_tile0__20260126_005951/scenario_tx-2s_rot-15min.csv', 'n_segments': 35, 'gt_adv_mac_count': 0, 'n_clusters': 3, 'n_ranked': 3, 'strict_confirmed': True, 'confirmed_any': True, 'density_min': 0.9, 'block_start': 1800.0, 'block_end': 3600.0}, {'src_file': 'controlled/Car_Adv/scenarios_car__adv1_apple0_google0_samsung0_tile0__20260126_005951/scenario_tx-2s_rot-15min.csv', 'n_segments': 12, 'gt_adv_mac_count': 0, 'n_clusters': 6, 'n_ranked': 6, 'strict_confirmed': False, 'confirmed_any': False, 'density_min': 0.9, 'block_start': 3600.0, 'block_end': 5400.0}]"
controlled/Car_Adv/scenarios_car__adv1_apple0_google0_samsung0_tile0__20260126_005951/scenario_tx-2s_rot-1min.csv,True,1800.0,1800.0,3,True,True,"[{'src_file': 'controlled/Car_Adv/scenarios_car__adv1_apple0_google0_samsung0_tile0__20260126_005951/scenario_tx-2s_rot-1min.csv', 'n_segments': 41, 'gt_adv_mac_count': 0, 'n_clusters': 4, 'n_ranked': 4, 'strict_confirmed': False, 'confirmed_any': False, 'density_min': 0.9, 'block_start': 0.0, 'block_end': 1800.0}, {'src_file': 'controlled/Car_Adv/scenarios_car__adv1_apple0_google0_samsung0_tile0__20260126_005951/scenario_tx-2s_rot-1min.csv', 'n_segments': 39, 'gt_adv_mac_count': 0, 'n_clusters': 4, 'n_ranked': 4, 'strict_confirmed': True, 'confirmed_any': True, 'density_min': 0.9, 'block_start': 1800.0, 'block_end': 3600.0}, {'src_file': 'controlled/Car_Adv/scenarios_car__adv1_apple0_google0_samsung0_tile0__20260126_005951/scenario_tx-2s_rot-1min.csv', 'n_segments': 12, 'gt_adv_mac_count': 0, 'n_clusters': 6, 'n_ranked': 6, 'strict_confirmed': False, 'confirmed_any': False, 'density_min': 0.9, 'block_start': 3600.0, 'block_end': 5400.0}]"
controlled/Car_Adv/scenarios_car__adv1_apple0_google0_samsung0_tile0__20260126_005951/scenario_tx-2s_rot-2s.csv,True,1800.0,1800.0,3,True,True,"[{'src_file': 'controlled/Car_Adv/scenarios_car__adv1_apple0_google0_samsung0_tile0__20260126_005951/scenario_tx-2s_rot-2s.csv', 'n_segments': 41, 'gt_adv_mac_count': 0, 'n_clusters': 5, 'n_ranked': 5, 'strict_confirmed': False, 'confirmed_any': False, 'density_min': 0.9, 'block_start': 0.0, 'block_end': 1800.0}, {'src_file': 'controlled/Car_Adv/scenarios_car__adv1_apple0_google0_samsung0_tile0__20260126_005951/scenario_tx-2s_rot-2s.csv', 'n_segments': 42, 'gt_adv_mac_count': 0, 'n_clusters': 4, 'n_ranked': 4, 'strict_confirmed': True, 'confirmed_any': True, 'density_min': 0.9, 'block_start': 1800.0, 'block_end': 3600.0}, {'src_file': 'controlled/Car_Adv/scenarios_car__adv1_apple0_google0_samsung0_tile0__20260126_005951/scenario_tx-2s_rot-2s.csv', 'n_segments': 12, 'gt_adv_mac_count': 0, 'n_clusters': 6, 'n_ranked': 6, 'strict_confirmed': False, 'confirmed_any': False, 'density_min': 0.9, 'block_start': 3600.0, 'block_end': 5400.0}]"
controlled/Car_Adv/scenarios_car__adv1_apple0_google0_samsung0_tile0__20260126_005951/scenario_tx-2s_rot-30s.csv,True,1800.0,1800.0,3,True,True,"[{'src_file': 'controlled/Car_Adv/scenarios_car__adv1_apple0_google0_samsung0_tile0__20260126_005951/scenario_tx-2s_rot-30s.csv', 'n_segments': 43, 'gt_adv_mac_count': 0, 'n_clusters': 7, 'n_ranked': 7, 'strict_confirmed': False, 'confirmed_any': False, 'density_min': 0.9, 'block_start': 0.0, 'block_end': 1800.0}, {'src_file': 'controlled/Car_Adv/scenarios_car__adv1_apple0_google0_samsung0_tile0__20260126_005951/scenario_tx-2s_rot-30s.csv', 'n_segments': 42, 'gt_adv_mac_count': 0, 'n_clusters': 5, 'n_ranked': 5, 'strict_confirmed': True, 'confirmed_any': True, 'density_min': 0.9, 'block_start': 1800.0, 'block_end': 3600.0}, {'src_file': 'controlled/Car_Adv/scenarios_car__adv1_apple0_google0_samsung0_tile0__20260126_005951/scenario_tx-2s_rot-30s.csv', 'n_segments': 12, 'gt_adv_mac_count': 0, 'n_clusters': 6, 'n_ranked': 6, 'strict_confirmed': False, 'confirmed_any': False, 'density_min': 0.9, 'block_start': 3600.0, 'block_end': 5400.0}]"
controlled/Car_Adv/scenarios_car__adv1_apple0_google0_samsung0_tile0__20260126_005951/scenario_tx-2s_rot-5min.csv,True,1800.0,1800.0,3,True,True,"[{'src_file': 'controlled/Car_Adv/scenarios_car__adv1_apple0_google0_samsung0_tile0__20260126_005951/scenario_tx-2s_rot-5min.csv', 'n_segments': 40, 'gt_adv_mac_count': 0, 'n_clusters': 4, 'n_ranked': 4, 'strict_confirmed': False, 'confirmed_any': False, 'density_min': 0.9, 'block_start': 0.0, 'block_end': 1800.0}, {'src_file': 'controlled/Car_Adv/scenarios_car__adv1_apple0_google0_samsung0_tile0__20260126_005951/scenario_tx-2s_rot-5min.csv', 'n_segments': 38, 'gt_adv_mac_count': 0, 'n_clusters': 4, 'n_ranked': 4, 'strict_confirmed': True, 'confirmed_any': True, 'density_min': 0.9, 'block_start': 1800.0, 'block_end': 3600.0}, {'src_file': 'controlled/Car_Adv/scenarios_car__adv1_apple0_google0_samsung0_tile0__20260126_005951/scenario_tx-2s_rot-5min.csv', 'n_segments': 12, 'gt_adv_mac_count': 0, 'n_clusters': 6, 'n_ranked': 6, 'strict_confirmed': False, 'confirmed_any': False, 'density_min': 0.9, 'block_start': 3600.0, 'block_end': 5400.0}]"
controlled/Car_Adv/scenarios_car__adv1_apple0_google0_samsung0_tile0__20260126_005951/scenario_tx-30s_rot-10s.csv,True,1800.0,1800.0,3,True,True,"[{'src_file': 'controlled/Car_Adv/scenarios_car__adv1_apple0_google0_samsung0_tile0__20260126_005951/scenario_tx-30s_rot-10s.csv', 'n_segments': 41, 'gt_adv_mac_count': 0, 'n_clusters': 5, 'n_ranked': 5, 'strict_confirmed': False, 'confirmed_any': False, 'density_min': 0.9, 'block_start': 0.0, 'block_end': 1800.0}, {'src_file': 'controlled/Car_Adv/scenarios_car__adv1_apple0_google0_samsung0_tile0__20260126_005951/scenario_tx-30s_rot-10s.csv', 'n_segments': 39, 'gt_adv_mac_count': 0, 'n_clusters': 6, 'n_ranked': 6, 'strict_confirmed': True, 'confirmed_any': True, 'density_min': 0.9, 'block_start': 1800.0, 'block_end': 3600.0}, {'src_file': 'controlled/Car_Adv/scenarios_car__adv1_apple0_google0_samsung0_tile0__20260126_005951/scenario_tx-30s_rot-10s.csv', 'n_segments': 12, 'gt_adv_mac_count': 0, 'n_clusters': 6, 'n_ranked': 6, 'strict_confirmed': False, 'confirmed_any': False, 'density_min': 0.9, 'block_start': 3600.0, 'block_end': 5400.0}]"
controlled/Car_Adv/scenarios_car__adv1_apple0_google0_samsung0_tile0__20260126_005951/scenario_tx-30s_rot-15min.csv,True,1800.0,1800.0,3,True,True,"[{'src_file': 'controlled/Car_Adv/scenarios_car__adv1_apple0_google0_samsung0_tile0__20260126_005951/scenario_tx-30s_rot-15min.csv', 'n_segments': 39, 'gt_adv_mac_count': 0, 'n_clusters': 3, 'n_ranked': 3, 'strict_confirmed': False, 'confirmed_any': False, 'density_min': 0.9, 'block_start': 0.0, 'block_end': 1800.0}, {'src_file': 'controlled/Car_Adv/scenarios_car__adv1_apple0_google0_samsung0_tile0__20260126_005951/scenario_tx-30s_rot-15min.csv', 'n_segments': 35, 'gt_adv_mac_count': 0, 'n_clusters': 3, 'n_ranked': 3, 'strict_confirmed': True, 'confirmed_any': True, 'density_min': 0.9, 'block_start': 1800.0, 'block_end': 3600.0}, {'src_file': 'controlled/Car_Adv/scenarios_car__adv1_apple0_google0_samsung0_tile0__20260126_005951/scenario_tx-30s_rot-15min.csv', 'n_segments': 12, 'gt_adv_mac_count': 0, 'n_clusters': 6, 'n_ranked': 6, 'strict_confirmed': False, 'confirmed_any': False, 'density_min': 0.9, 'block_start': 3600.0, 'block_end': 5400.0}]"
controlled/Car_Adv/scenarios_car__adv1_apple0_google0_samsung0_tile0__20260126_005951/scenario_tx-30s_rot-1min.csv,True,1800.0,1800.0,3,True,True,"[{'src_file': 'controlled/Car_Adv/scenarios_car__adv1_apple0_google0_samsung0_tile0__20260126_005951/scenario_tx-30s_rot-1min.csv', 'n_segments': 42, 'gt_adv_mac_count': 0, 'n_clusters': 5, 'n_ranked': 5, 'strict_confirmed': True, 'confirmed_any': True, 'density_min': 0.9, 'block_start': 0.0, 'block_end': 1800.0}, {'src_file': 'controlled/Car_Adv/scenarios_car__adv1_apple0_google0_samsung0_tile0__20260126_005951/scenario_tx-30s_rot-1min.csv', 'n_segments': 42, 'gt_adv_mac_count': 0, 'n_clusters': 4, 'n_ranked': 4, 'strict_confirmed': True, 'confirmed_any': True, 'density_min': 0.9, 'block_start': 1800.0, 'block_end': 3600.0}, {'src_file': 'controlled/Car_Adv/scenarios_car__adv1_apple0_google0_samsung0_tile0__20260126_005951/scenario_tx-30s_rot-1min.csv', 'n_segments': 12, 'gt_adv_mac_count': 0, 'n_clusters': 6, 'n_ranked': 6, 'strict_confirmed': False, 'confirmed_any': False, 'density_min': 0.9, 'block_start': 3600.0, 'block_end': 5400.0}]"
controlled/Car_Adv/scenarios_car__adv1_apple0_google0_samsung0_tile0__20260126_005951/scenario_tx-30s_rot-2s.csv,True,1800.0,1800.0,3,True,True,"[{'src_file': 'controlled/Car_Adv/scenarios_car__adv1_apple0_google0_samsung0_tile0__20260126_005951/scenario_tx-30s_rot-2s.csv', 'n_segments': 43, 'gt_adv_mac_count': 0, 'n_clusters': 5, 'n_ranked': 5, 'strict_confirmed': False, 'confirmed_any': False, 'density_min': 0.9, 'block_start': 0.0, 'block_end': 1800.0}, {'src_file': 'controlled/Car_Adv/scenarios_car__adv1_apple0_google0_samsung0_tile0__20260126_005951/scenario_tx-30s_rot-2s.csv', 'n_segments': 40, 'gt_adv_mac_count': 0, 'n_clusters': 3, 'n_ranked': 3, 'strict_confirmed': True, 'confirmed_any': True, 'density_min': 0.9, 'block_start': 1800.0, 'block_end': 3600.0}, {'src_file': 'controlled/Car_Adv/scenarios_car__adv1_apple0_google0_samsung0_tile0__20260126_005951/scenario_tx-30s_rot-2s.csv', 'n_segments': 12, 'gt_adv_mac_count': 0, 'n_clusters': 6, 'n_ranked': 6, 'strict_confirmed': False, 'confirmed_any': False, 'density_min': 0.9, 'block_start': 3600.0, 'block_end': 5400.0}]"
controlled/Car_Adv/scenarios_car__adv1_apple0_google0_samsung0_tile0__20260126_005951/scenario_tx-30s_rot-30s.csv,True,1800.0,1800.0,3,True,True,"[{'src_file': 'controlled/Car_Adv/scenarios_car__adv1_apple0_google0_samsung0_tile0__20260126_005951/scenario_tx-30s_rot-30s.csv', 'n_segments': 43, 'gt_adv_mac_count': 0, 'n_clusters': 4, 'n_ranked': 4, 'strict_confirmed': False, 'confirmed_any': False, 'density_min': 0.9, 'block_start': 0.0, 'block_end': 1800.0}, {'src_file': 'controlled/Car_Adv/scenarios_car__adv1_apple0_google0_samsung0_tile0__20260126_005951/scenario_tx-30s_rot-30s.csv', 'n_segments': 39, 'gt_adv_mac_count': 0, 'n_clusters': 3, 'n_ranked': 3, 'strict_confirmed': True, 'confirmed_any': True, 'density_min': 0.9, 'block_start': 1800.0, 'block_end': 3600.0}, {'src_file': 'controlled/Car_Adv/scenarios_car__adv1_apple0_google0_samsung0_tile0__20260126_005951/scenario_tx-30s_rot-30s.csv', 'n_segments': 12, 'gt_adv_mac_count': 0, 'n_clusters': 6, 'n_ranked': 6, 'strict_confirmed': False, 'confirmed_any': False, 'density_min': 0.9, 'block_start': 3600.0, 'block_end': 5400.0}]"
controlled/Car_Adv/scenarios_car__adv1_apple0_google0_samsung0_tile0__20260126_005951/scenario_tx-30s_rot-5min.csv,True,1800.0,1800.0,3,True,True,"[{'src_file': 'controlled/Car_Adv/scenarios_car__adv1_apple0_google0_samsung0_tile0__20260126_005951/scenario_tx-30s_rot-5min.csv', 'n_segments': 40, 'gt_adv_mac_count': 0, 'n_clusters': 4, 'n_ranked': 4, 'strict_confirmed': False, 'confirmed_any': False, 'density_min': 0.9, 'block_start': 0.0, 'block_end': 1800.0}, {'src_file': 'controlled/Car_Adv/scenarios_car__adv1_apple0_google0_samsung0_tile0__20260126_005951/scenario_tx-30s_rot-5min.csv', 'n_segments': 37, 'gt_adv_mac_count': 0, 'n_clusters': 3, 'n_ranked': 3, 'strict_confirmed': True, 'confirmed_any': True, 'density_min': 0.9, 'block_start': 1800.0, 'block_end': 3600.0}, {'src_file': 'controlled/Car_Adv/scenarios_car__adv1_apple0_google0_samsung0_tile0__20260126_005951/scenario_tx-30s_rot-5min.csv', 'n_segments': 12, 'gt_adv_mac_count': 0, 'n_clusters': 6, 'n_ranked': 6, 'strict_confirmed': False, 'confirmed_any': False, 'density_min': 0.9, 'block_start': 3600.0, 'block_end': 5400.0}]"
controlled/Car_Adv/scenarios_car__adv2_apple0_google0_samsung0_tile0__20260126_074639/scenario_tx-10s_rot-10s.csv,True,1800.0,1800.0,3,True,True,"[{'src_file': 'controlled/Car_Adv/scenarios_car__adv2_apple0_google0_samsung0_tile0__20260126_074639/scenario_tx-10s_rot-10s.csv', 'n_segments': 64, 'gt_adv_mac_count': 55, 'n_clusters': 3, 'n_ranked': 3, 'strict_confirmed': False, 'confirmed_any': False, 'density_min': 0.9, 'block_start': 0.0, 'block_end': 1800.0}, {'src_file': 'controlled/Car_Adv/scenarios_car__adv2_apple0_google0_samsung0_tile0__20260126_074639/scenario_tx-10s_rot-10s.csv', 'n_segments': 68, 'gt_adv_mac_count': 68, 'n_clusters': 3, 'n_ranked': 3, 'strict_confirmed': True, 'confirmed_any': True, 'density_min': 0.9, 'block_start': 1800.0, 'block_end': 3600.0}, {'src_file': 'controlled/Car_Adv/scenarios_car__adv2_apple0_google0_samsung0_tile0__20260126_074639/scenario_tx-10s_rot-10s.csv', 'n_segments': 14, 'gt_adv_mac_count': 4, 'n_clusters': 3, 'n_ranked': 3, 'strict_confirmed': False, 'confirmed_any': False, 'density_min': 0.9, 'block_start': 3600.0, 'block_end': 5400.0}]"
controlled/Car_Adv/scenarios_car__adv2_apple0_google0_samsung0_tile0__20260126_074639/scenario_tx-10s_rot-15min.csv,True,1800.0,1800.0,3,True,True,"[{'src_file': 'controlled/Car_Adv/scenarios_car__adv2_apple0_google0_samsung0_tile0__20260126_074639/scenario_tx-10s_rot-15min.csv', 'n_segments': 40, 'gt_adv_mac_count': 2, 'n_clusters': 3, 'n_ranked': 3, 'strict_confirmed': False, 'confirmed_any': False, 'density_min': 0.9, 'block_start': 0.0, 'block_end': 1800.0}, {'src_file': 'controlled/Car_Adv/scenarios_car__adv2_apple0_google0_samsung0_tile0__20260126_074639/scenario_tx-10s_rot-15min.csv', 'n_segments': 35, 'gt_adv_mac_count': 2, 'n_clusters': 4, 'n_ranked': 4, 'strict_confirmed': True, 'confirmed_any': True, 'density_min': 0.9, 'block_start': 1800.0, 'block_end': 3600.0}, {'src_file': 'controlled/Car_Adv/scenarios_car__adv2_apple0_google0_samsung0_tile0__20260126_074639/scenario_tx-10s_rot-15min.csv', 'n_segments': 13, 'gt_adv_mac_count': 2, 'n_clusters': 3, 'n_ranked': 3, 'strict_confirmed': False, 'confirmed_any': False, 'density_min': 0.9, 'block_start': 3600.0, 'block_end': 5400.0}]"
controlled/Car_Adv/scenarios_car__adv2_apple0_google0_samsung0_tile0__20260126_074639/scenario_tx-10s_rot-1min.csv,True,1800.0,1800.0,3,True,True,"[{'src_file': 'controlled/Car_Adv/scenarios_car__adv2_apple0_google0_samsung0_tile0__20260126_074639/scenario_tx-10s_rot-1min.csv', 'n_segments': 54, 'gt_adv_mac_count': 30, 'n_clusters': 3, 'n_ranked': 3, 'strict_confirmed': False, 'confirmed_any': False, 'density_min': 0.9, 'block_start': 0.0, 'block_end': 1800.0}, {'src_file': 'controlled/Car_Adv/scenarios_car__adv2_apple0_google0_samsung0_tile0__20260126_074639/scenario_tx-10s_rot-1min.csv', 'n_segments': 51, 'gt_adv_mac_count': 28, 'n_clusters': 3, 'n_ranked': 3, 'strict_confirmed': True, 'confirmed_any': True, 'density_min': 0.9, 'block_start': 1800.0, 'block_end': 3600.0}, {'src_file': 'controlled/Car_Adv/scenarios_car__adv2_apple0_google0_samsung0_tile0__20260126_074639/scenario_tx-10s_rot-1min.csv', 'n_segments': 14, 'gt_adv_mac_count': 2, 'n_clusters': 5, 'n_ranked': 5, 'strict_confirmed': False, 'confirmed_any': False, 'density_min': 0.9, 'block_start': 3600.0, 'block_end': 5400.0}]"
controlled/Car_Adv/scenarios_car__adv2_apple0_google0_samsung0_tile0__20260126_074639/scenario_tx-10s_rot-2s.csv,True,1800.0,1800.0,3,True,True,"[{'src_file': 'controlled/Car_Adv/scenarios_car__adv2_apple0_google0_samsung0_tile0__20260126_074639/scenario_tx-10s_rot-2s.csv', 'n_segments': 61, 'gt_adv_mac_count': 55, 'n_clusters': 3, 'n_ranked': 3, 'strict_confirmed': False, 'confirmed_any': False, 'density_min': 0.9, 'block_start': 0.0, 'block_end': 1800.0}, {'src_file': 'controlled/Car_Adv/scenarios_car__adv2_apple0_google0_samsung0_tile0__20260126_074639/scenario_tx-10s_rot-2s.csv', 'n_segments': 68, 'gt_adv_mac_count': 68, 'n_clusters': 3, 'n_ranked': 3, 'strict_confirmed': True, 'confirmed_any': True, 'density_min': 0.9, 'block_start': 1800.0, 'block_end': 3600.0}, {'src_file': 'controlled/Car_Adv/scenarios_car__adv2_apple0_google0_samsung0_tile0__20260126_074639/scenario_tx-10s_rot-2s.csv', 'n_segments': 16, 'gt_adv_mac_count': 4, 'n_clusters': 5, 'n_ranked': 5, 'strict_confirmed': False, 'confirmed_any': False, 'density_min': 0.9, 'block_start': 3600.0, 'block_end': 5400.0}]"
controlled/Car_Adv/scenarios_car__adv2_apple0_google0_samsung0_tile0__20260126_074639/scenario_tx-10s_rot-30s.csv,True,1800.0,1800.0,3,True,True,"[{'src_file': 'controlled/Car_Adv/scenarios_car__adv2_apple0_google0_samsung0_tile0__20260126_074639/scenario_tx-10s_rot-30s.csv', 'n_segments': 59, 'gt_adv_mac_count': 44, 'n_clusters': 3, 'n_ranked': 3, 'strict_confirmed': False, 'confirmed_any': False, 'density_min': 0.9, 'block_start': 0.0, 'block_end': 1800.0}, {'src_file': 'controlled/Car_Adv/scenarios_car__adv2_apple0_google0_samsung0_tile0__20260126_074639/scenario_tx-10s_rot-30s.csv', 'n_segments': 62, 'gt_adv_mac_count': 51, 'n_clusters': 3, 'n_ranked': 3, 'strict_confirmed': True, 'confirmed_any': True, 'density_min': 0.9, 'block_start': 1800.0, 'block_end': 3600.0}, {'src_file': 'controlled/Car_Adv/scenarios_car__adv2_apple0_google0_samsung0_tile0__20260126_074639/scenario_tx-10s_rot-30s.csv', 'n_segments': 14, 'gt_adv_mac_count': 3, 'n_clusters': 4, 'n_ranked': 4, 'strict_confirmed': False, 'confirmed_any': False, 'density_min': 0.9, 'block_start': 3600.0, 'block_end': 5400.0}]"
controlled/Car_Adv/scenarios_car__adv2_apple0_google0_samsung0_tile0__20260126_074639/scenario_tx-10s_rot-5min.csv,True,1800.0,1800.0,3,True,True,"[{'src_file': 'controlled/Car_Adv/scenarios_car__adv2_apple0_google0_samsung0_tile0__20260126_074639/scenario_tx-10s_rot-5min.csv', 'n_segments': 41, 'gt_adv_mac_count': 6, 'n_clusters': 4, 'n_ranked': 4, 'strict_confirmed': True, 'confirmed_any': True, 'density_min': 0.9, 'block_start': 0.0, 'block_end': 1800.0}, {'src_file': 'controlled/Car_Adv/scenarios_car__adv2_apple0_google0_samsung0_tile0__20260126_074639/scenario_tx-10s_rot-5min.csv', 'n_segments': 39, 'gt_adv_mac_count': 6, 'n_clusters': 4, 'n_ranked': 4, 'strict_confirmed': True, 'confirmed_any': True, 'density_min': 0.9, 'block_start': 1800.0, 'block_end': 3600.0}, {'src_file': 'controlled/Car_Adv/scenarios_car__adv2_apple0_google0_samsung0_tile0__20260126_074639/scenario_tx-10s_rot-5min.csv', 'n_segments': 14, 'gt_adv_mac_count': 2, 'n_clusters': 5, 'n_ranked': 5, 'strict_confirmed': False, 'confirmed_any': False, 'density_min': 0.9, 'block_start': 3600.0, 'block_end': 5400.0}]"
controlled/Car_Adv/scenarios_car__adv2_apple0_google0_samsung0_tile0__20260126_074639/scenario_tx-15s_rot-10s.csv,True,1800.0,1800.0,3,True,True,"[{'src_file': 'controlled/Car_Adv/scenarios_car__adv2_apple0_google0_samsung0_tile0__20260126_074639/scenario_tx-15s_rot-10s.csv', 'n_segments': 63, 'gt_adv_mac_count': 47, 'n_clusters': 3, 'n_ranked': 3, 'strict_confirmed': False, 'confirmed_any': False, 'density_min': 0.9, 'block_start': 0.0, 'block_end': 1800.0}, {'src_file': 'controlled/Car_Adv/scenarios_car__adv2_apple0_google0_samsung0_tile0__20260126_074639/scenario_tx-15s_rot-10s.csv', 'n_segments': 65, 'gt_adv_mac_count': 57, 'n_clusters': 3, 'n_ranked': 3, 'strict_confirmed': True, 'confirmed_any': True, 'density_min': 0.9, 'block_start': 1800.0, 'block_end': 3600.0}, {'src_file': 'controlled/Car_Adv/scenarios_car__adv2_apple0_google0_samsung0_tile0__20260126_074639/scenario_tx-15s_rot-10s.csv', 'n_segments': 16, 'gt_adv_mac_count': 4, 'n_clusters': 5, 'n_ranked': 5, 'strict_confirmed': False, 'confirmed_any': False, 'density_min': 0.9, 'block_start': 3600.0, 'block_end': 5400.0}]"
controlled/Car_Adv/scenarios_car__adv2_apple0_google0_samsung0_tile0__20260126_074639/scenario_tx-15s_rot-15min.csv,True,1800.0,1800.0,3,True,True,"[{'src_file': 'controlled/Car_Adv/scenarios_car__adv2_apple0_google0_samsung0_tile0__20260126_074639/scenario_tx-15s_rot-15min.csv', 'n_segments': 40, 'gt_adv_mac_count': 2, 'n_clusters': 3, 'n_ranked': 3, 'strict_confirmed': False, 'confirmed_any': False, 'density_min': 0.9, 'block_start': 0.0, 'block_end': 1800.0}, {'src_file': 'controlled/Car_Adv/scenarios_car__adv2_apple0_google0_samsung0_tile0__20260126_074639/scenario_tx-15s_rot-15min.csv', 'n_segments': 36, 'gt_adv_mac_count': 2, 'n_clusters': 3, 'n_ranked': 3, 'strict_confirmed': True, 'confirmed_any': True, 'density_min': 0.9, 'block_start': 1800.0, 'block_end': 3600.0}, {'src_file': 'controlled/Car_Adv/scenarios_car__adv2_apple0_google0_samsung0_tile0__20260126_074639/scenario_tx-15s_rot-15min.csv', 'n_segments': 13, 'gt_adv_mac_count': 2, 'n_clusters': 6, 'n_ranked': 6, 'strict_confirmed': False, 'confirmed_any': False, 'density_min': 0.9, 'block_start': 3600.0, 'block_end': 5400.0}]"
controlled/Car_Adv/scenarios_car__adv2_apple0_google0_samsung0_tile0__20260126_074639/scenario_tx-15s_rot-1min.csv,True,1800.0,1800.0,3,True,True,"[{'src_file': 'controlled/Car_Adv/scenarios_car__adv2_apple0_google0_samsung0_tile0__20260126_074639/scenario_tx-15s_rot-1min.csv', 'n_segments': 51, 'gt_adv_mac_count': 29, 'n_clusters': 3, 'n_ranked': 3, 'strict_confirmed': False, 'confirmed_any': False, 'density_min': 0.9, 'block_start': 0.0, 'block_end': 1800.0}, {'src_file': 'controlled/Car_Adv/scenarios_car__adv2_apple0_google0_samsung0_tile0__20260126_074639/scenario_tx-15s_rot-1min.csv', 'n_segments': 49, 'gt_adv_mac_count': 28, 'n_clusters': 4, 'n_ranked': 4, 'strict_confirmed': True, 'confirmed_any': True, 'density_min': 0.9, 'block_start': 1800.0, 'block_end': 3600.0}, {'src_file': 'controlled/Car_Adv/scenarios_car__adv2_apple0_google0_samsung0_tile0__20260126_074639/scenario_tx-15s_rot-1min.csv', 'n_segments': 14, 'gt_adv_mac_count': 2, 'n_clusters': 5, 'n_ranked': 5, 'strict_confirmed': False, 'confirmed_any': False, 'density_min': 0.9, 'block_start': 3600.0, 'block_end': 5400.0}]"
controlled/Car_Adv/scenarios_car__adv2_apple0_google0_samsung0_tile0__20260126_074639/scenario_tx-15s_rot-2s.csv,True,1800.0,1800.0,3,True,True,"[{'src_file': 'controlled/Car_Adv/scenarios_car__adv2_apple0_google0_samsung0_tile0__20260126_074639/scenario_tx-15s_rot-2s.csv', 'n_segments': 62, 'gt_adv_mac_count': 47, 'n_clusters': 3, 'n_ranked': 3, 'strict_confirmed': False, 'confirmed_any': False, 'density_min': 0.9, 'block_start': 0.0, 'block_end': 1800.0}, {'src_file': 'controlled/Car_Adv/scenarios_car__adv2_apple0_google0_samsung0_tile0__20260126_074639/scenario_tx-15s_rot-2s.csv', 'n_segments': 63, 'gt_adv_mac_count': 57, 'n_clusters': 3, 'n_ranked': 3, 'strict_confirmed': True, 'confirmed_any': True, 'density_min': 0.9, 'block_start': 1800.0, 'block_end': 3600.0}, {'src_file': 'controlled/Car_Adv/scenarios_car__adv2_apple0_google0_samsung0_tile0__20260126_074639/scenario_tx-15s_rot-2s.csv', 'n_segments': 16, 'gt_adv_mac_count': 4, 'n_clusters': 5, 'n_ranked': 5, 'strict_confirmed': False, 'confirmed_any': False, 'density_min': 0.9, 'block_start': 3600.0, 'block_end': 5400.0}]"
controlled/Car_Adv/scenarios_car__adv2_apple0_google0_samsung0_tile0__20260126_074639/scenario_tx-15s_rot-30s.csv,True,1800.0,1800.0,3,True,True,"[{'src_file': 'controlled/Car_Adv/scenarios_car__adv2_apple0_google0_samsung0_tile0__20260126_074639/scenario_tx-15s_rot-30s.csv', 'n_segments': 57, 'gt_adv_mac_count': 41, 'n_clusters': 3, 'n_ranked': 3, 'strict_confirmed': False, 'confirmed_any': False, 'density_min': 0.9, 'block_start': 0.0, 'block_end': 1800.0}, {'src_file': 'controlled/Car_Adv/scenarios_car__adv2_apple0_google0_samsung0_tile0__20260126_074639/scenario_tx-15s_rot-30s.csv', 'n_segments': 60, 'gt_adv_mac_count': 49, 'n_clusters': 3, 'n_ranked': 3, 'strict_confirmed': True, 'confirmed_any': True, 'density_min': 0.9, 'block_start': 1800.0, 'block_end': 3600.0}, {'src_file': 'controlled/Car_Adv/scenarios_car__adv2_apple0_google0_samsung0_tile0__20260126_074639/scenario_tx-15s_rot-30s.csv', 'n_segments': 15, 'gt_adv_mac_count': 3, 'n_clusters': 5, 'n_ranked': 5, 'strict_confirmed': False, 'confirmed_any': False, 'density_min': 0.9, 'block_start': 3600.0, 'block_end': 5400.0}]"
controlled/Car_Adv/scenarios_car__adv2_apple0_google0_samsung0_tile0__20260126_074639/scenario_tx-15s_rot-5min.csv,True,1800.0,1800.0,3,True,True,"[{'src_file': 'controlled/Car_Adv/scenarios_car__adv2_apple0_google0_samsung0_tile0__20260126_074639/scenario_tx-15s_rot-5min.csv', 'n_segments': 45, 'gt_adv_mac_count': 6, 'n_clusters': 3, 'n_ranked': 3, 'strict_confirmed': True, 'confirmed_any': True, 'density_min': 0.9, 'block_start': 0.0, 'block_end': 1800.0}, {'src_file': 'controlled/Car_Adv/scenarios_car__adv2_apple0_google0_samsung0_tile0__20260126_074639/scenario_tx-15s_rot-5min.csv', 'n_segments': 41, 'gt_adv_mac_count': 6, 'n_clusters': 3, 'n_ranked': 3, 'strict_confirmed': True, 'confirmed_any': True, 'density_min': 0.9, 'block_start': 1800.0, 'block_end': 3600.0}, {'src_file': 'controlled/Car_Adv/scenarios_car__adv2_apple0_google0_samsung0_tile0__20260126_074639/scenario_tx-15s_rot-5min.csv', 'n_segments': 14, 'gt_adv_mac_count': 2, 'n_clusters': 5, 'n_ranked': 5, 'strict_confirmed': False, 'confirmed_any': False, 'density_min': 0.9, 'block_start': 3600.0, 'block_end': 5400.0}]"
controlled/Car_Adv/scenarios_car__adv2_apple0_google0_samsung0_tile0__20260126_074639/scenario_tx-1min_rot-10s.csv,True,1800.0,1800.0,3,True,True,"[{'src_file': 'controlled/Car_Adv/scenarios_car__adv2_apple0_google0_samsung0_tile0__20260126_074639/scenario_tx-1min_rot-10s.csv', 'n_segments': 50, 'gt_adv_mac_count': 24, 'n_clusters': 3, 'n_ranked': 3, 'strict_confirmed': True, 'confirmed_any': True, 'density_min': 0.9, 'block_start': 0.0, 'block_end': 1800.0}, {'src_file': 'controlled/Car_Adv/scenarios_car__adv2_apple0_google0_samsung0_tile0__20260126_074639/scenario_tx-1min_rot-10s.csv', 'n_segments': 50, 'gt_adv_mac_count': 24, 'n_clusters': 3, 'n_ranked': 3, 'strict_confirmed': True, 'confirmed_any': True, 'density_min': 0.9, 'block_start': 1800.0, 'block_end': 3600.0}, {'src_file': 'controlled/Car_Adv/scenarios_car__adv2_apple0_google0_samsung0_tile0__20260126_074639/scenario_tx-1min_rot-10s.csv', 'n_segments': 13, 'gt_adv_mac_count': 1, 'n_clusters': 6, 'n_ranked': 6, 'strict_confirmed': False, 'confirmed_any': False, 'density_min': 0.9, 'block_start': 3600.0, 'block_end': 5400.0}]"
controlled/Car_Adv/scenarios_car__adv2_apple0_google0_samsung0_tile0__20260126_074639/scenario_tx-1min_rot-15min.csv,True,1800.0,1800.0,3,True,True,"[{'src_file': 'controlled/Car_Adv/scenarios_car__adv2_apple0_google0_samsung0_tile0__20260126_074639/scenario_tx-1min_rot-15min.csv', 'n_segments': 40, 'gt_adv_mac_count': 2, 'n_clusters': 3, 'n_ranked': 3, 'strict_confirmed': False, 'confirmed_any': False, 'density_min': 0.9, 'block_start': 0.0, 'block_end': 1800.0}, {'src_file': 'controlled/Car_Adv/scenarios_car__adv2_apple0_google0_samsung0_tile0__20260126_074639/scenario_tx-1min_rot-15min.csv', 'n_segments': 37, 'gt_adv_mac_count': 2, 'n_clusters': 3, 'n_ranked': 3, 'strict_confirmed': True, 'confirmed_any': True, 'density_min': 0.9, 'block_start': 1800.0, 'block_end': 3600.0}, {'src_file': 'controlled/Car_Adv/scenarios_car__adv2_apple0_google0_samsung0_tile0__20260126_074639/scenario_tx-1min_rot-15min.csv', 'n_segments': 13, 'gt_adv_mac_count': 1, 'n_clusters': 6, 'n_ranked': 6, 'strict_confirmed': False, 'confirmed_any': False, 'density_min': 0.9, 'block_start': 3600.0, 'block_end': 5400.0}]"
controlled/Car_Adv/scenarios_car__adv2_apple0_google0_samsung0_tile0__20260126_074639/scenario_tx-1min_rot-1min.csv,True,1800.0,1800.0,3,True,True,"[{'src_file': 'controlled/Car_Adv/scenarios_car__adv2_apple0_google0_samsung0_tile0__20260126_074639/scenario_tx-1min_rot-1min.csv', 'n_segments': 51, 'gt_adv_mac_count': 24, 'n_clusters': 3, 'n_ranked': 3, 'strict_confirmed': False, 'confirmed_any': False, 'density_min': 0.9, 'block_start': 0.0, 'block_end': 1800.0}, {'src_file': 'controlled/Car_Adv/scenarios_car__adv2_apple0_google0_samsung0_tile0__20260126_074639/scenario_tx-1min_rot-1min.csv', 'n_segments': 50, 'gt_adv_mac_count': 24, 'n_clusters': 3, 'n_ranked': 3, 'strict_confirmed': True, 'confirmed_any': True, 'density_min': 0.9, 'block_start': 1800.0, 'block_end': 3600.0}, {'src_file': 'controlled/Car_Adv/scenarios_car__adv2_apple0_google0_samsung0_tile0__20260126_074639/scenario_tx-1min_rot-1min.csv', 'n_segments': 13, 'gt_adv_mac_count': 1, 'n_clusters': 6, 'n_ranked': 6, 'strict_confirmed': False, 'confirmed_any': False, 'density_min': 0.9, 'block_start': 3600.0, 'block_end': 5400.0}]"
controlled/Car_Adv/scenarios_car__adv2_apple0_google0_samsung0_tile0__20260126_074639/scenario_tx-1min_rot-2s.csv,True,1800.0,1800.0,3,True,True,"[{'src_file': 'controlled/Car_Adv/scenarios_car__adv2_apple0_google0_samsung0_tile0__20260126_074639/scenario_tx-1min_rot-2s.csv', 'n_segments': 54, 'gt_adv_mac_count': 24, 'n_clusters': 3, 'n_ranked': 3, 'strict_confirmed': False, 'confirmed_any': False, 'density_min': 0.9, 'block_start': 0.0, 'block_end': 1800.0}, {'src_file': 'controlled/Car_Adv/scenarios_car__adv2_apple0_google0_samsung0_tile0__20260126_074639/scenario_tx-1min_rot-2s.csv', 'n_segments': 51, 'gt_adv_mac_count': 24, 'n_clusters': 5, 'n_ranked': 5, 'strict_confirmed': True, 'confirmed_any': True, 'density_min': 0.9, 'block_start': 1800.0, 'block_end': 3600.0}, {'src_file': 'controlled/Car_Adv/scenarios_car__adv2_apple0_google0_samsung0_tile0__20260126_074639/scenario_tx-1min_rot-2s.csv', 'n_segments': 13, 'gt_adv_mac_count': 1, 'n_clusters': 6, 'n_ranked': 6, 'strict_confirmed': False, 'confirmed_any': False, 'density_min': 0.9, 'block_start': 3600.0, 'block_end': 5400.0}]"
controlled/Car_Adv/scenarios_car__adv2_apple0_google0_samsung0_tile0__20260126_074639/scenario_tx-1min_rot-30s.csv,True,1800.0,1800.0,3,True,True,"[{'src_file': 'controlled/Car_Adv/scenarios_car__adv2_apple0_google0_samsung0_tile0__20260126_074639/scenario_tx-1min_rot-30s.csv', 'n_segments': 54, 'gt_adv_mac_count': 24, 'n_clusters': 3, 'n_ranked': 3, 'strict_confirmed': True, 'confirmed_any': True, 'density_min': 0.9, 'block_start': 0.0, 'block_end': 1800.0}, {'src_file': 'controlled/Car_Adv/scenarios_car__adv2_apple0_google0_samsung0_tile0__20260126_074639/scenario_tx-1min_rot-30s.csv', 'n_segments': 50, 'gt_adv_mac_count': 24, 'n_clusters': 9, 'n_ranked': 9, 'strict_confirmed': True, 'confirmed_any': True, 'density_min': 0.9, 'block_start': 1800.0, 'block_end': 3600.0}, {'src_file': 'controlled/Car_Adv/scenarios_car__adv2_apple0_google0_samsung0_tile0__20260126_074639/scenario_tx-1min_rot-30s.csv', 'n_segments': 13, 'gt_adv_mac_count': 1, 'n_clusters': 6, 'n_ranked': 6, 'strict_confirmed': False, 'confirmed_any': False, 'density_min': 0.9, 'block_start': 3600.0, 'block_end': 5400.0}]"
controlled/Car_Adv/scenarios_car__adv2_apple0_google0_samsung0_tile0__20260126_074639/scenario_tx-1min_rot-5min.csv,True,1800.0,1800.0,3,True,True,"[{'src_file': 'controlled/Car_Adv/scenarios_car__adv2_apple0_google0_samsung0_tile0__20260126_074639/scenario_tx-1min_rot-5min.csv', 'n_segments': 42, 'gt_adv_mac_count': 6, 'n_clusters': 4, 'n_ranked': 4, 'strict_confirmed': False, 'confirmed_any': False, 'density_min': 0.9, 'block_start': 0.0, 'block_end': 1800.0}, {'src_file': 'controlled/Car_Adv/scenarios_car__adv2_apple0_google0_samsung0_tile0__20260126_074639/scenario_tx-1min_rot-5min.csv', 'n_segments': 41, 'gt_adv_mac_count': 6, 'n_clusters': 5, 'n_ranked': 5, 'strict_confirmed': True, 'confirmed_any': True, 'density_min': 0.9, 'block_start': 1800.0, 'block_end': 3600.0}, {'src_file': 'controlled/Car_Adv/scenarios_car__adv2_apple0_google0_samsung0_tile0__20260126_074639/scenario_tx-1min_rot-5min.csv', 'n_segments': 13, 'gt_adv_mac_count': 1, 'n_clusters': 6, 'n_ranked': 6, 'strict_confirmed': False, 'confirmed_any': False, 'density_min': 0.9, 'block_start': 3600.0, 'block_end': 5400.0}]"
controlled/Car_Adv/scenarios_car__adv2_apple0_google0_samsung0_tile0__20260126_074639/scenario_tx-2s_rot-10s.csv,True,1800.0,1800.0,3,True,True,"[{'src_file': 'controlled/Car_Adv/scenarios_car__adv2_apple0_google0_samsung0_tile0__20260126_074639/scenario_tx-2s_rot-10s.csv', 'n_segments': 67, 'gt_adv_mac_count': 64, 'n_clusters': 3, 'n_ranked': 3, 'strict_confirmed': False, 'confirmed_any': False, 'density_min': 0.9, 'block_start': 0.0, 'block_end': 1800.0}, {'src_file': 'controlled/Car_Adv/scenarios_car__adv2_apple0_google0_samsung0_tile0__20260126_074639/scenario_tx-2s_rot-10s.csv', 'n_segments': 68, 'gt_adv_mac_count': 68, 'n_clusters': 3, 'n_ranked': 3, 'strict_confirmed': True, 'confirmed_any': True, 'density_min': 0.9, 'block_start': 1800.0, 'block_end': 3600.0}, {'src_file': 'controlled/Car_Adv/scenarios_car__adv2_apple0_google0_samsung0_tile0__20260126_074639/scenario_tx-2s_rot-10s.csv', 'n_segments': 17, 'gt_adv_mac_count': 6, 'n_clusters': 5, 'n_ranked': 5, 'strict_confirmed': False, 'confirmed_any': False, 'density_min': 0.9, 'block_start': 3600.0, 'block_end': 5400.0}]"
controlled/Car_Adv/scenarios_car__adv2_apple0_google0_samsung0_tile0__20260126_074639/scenario_tx-2s_rot-15min.csv,True,1800.0,1800.0,3,True,True,"[{'src_file': 'controlled/Car_Adv/scenarios_car__adv2_apple0_google0_samsung0_tile0__20260126_074639/scenario_tx-2s_rot-15min.csv', 'n_segments': 39, 'gt_adv_mac_count': 2, 'n_clusters': 5, 'n_ranked': 5, 'strict_confirmed': True, 'confirmed_any': True, 'density_min': 0.9, 'block_start': 0.0, 'block_end': 1800.0}, {'src_file': 'controlled/Car_Adv/scenarios_car__adv2_apple0_google0_samsung0_tile0__20260126_074639/scenario_tx-2s_rot-15min.csv', 'n_segments': 37, 'gt_adv_mac_count': 2, 'n_clusters': 3, 'n_ranked': 3, 'strict_confirmed': True, 'confirmed_any': True, 'density_min': 0.9, 'block_start': 1800.0, 'block_end': 3600.0}, {'src_file': 'controlled/Car_Adv/scenarios_car__adv2_apple0_google0_samsung0_tile0__20260126_074639/scenario_tx-2s_rot-15min.csv', 'n_segments': 14, 'gt_adv_mac_count': 2, 'n_clusters': 6, 'n_ranked': 6, 'strict_confirmed': False, 'confirmed_any': False, 'density_min': 0.9, 'block_start': 3600.0, 'block_end': 5400.0}]"
controlled/Car_Adv/scenarios_car__adv2_apple0_google0_samsung0_tile0__20260126_074639/scenario_tx-2s_rot-1min.csv,True,1800.0,1800.0,3,True,True,"[{'src_file': 'controlled/Car_Adv/scenarios_car__adv2_apple0_google0_samsung0_tile0__20260126_074639/scenario_tx-2s_rot-1min.csv', 'n_segments': 53, 'gt_adv_mac_count': 30, 'n_clusters': 3, 'n_ranked': 3, 'strict_confirmed': False, 'confirmed_any': False, 'density_min': 0.9, 'block_start': 0.0, 'block_end': 1800.0}, {'src_file': 'controlled/Car_Adv/scenarios_car__adv2_apple0_google0_samsung0_tile0__20260126_074639/scenario_tx-2s_rot-1min.csv', 'n_segments': 48, 'gt_adv_mac_count': 28, 'n_clusters': 3, 'n_ranked': 3, 'strict_confirmed': True, 'confirmed_any': True, 'density_min': 0.9, 'block_start': 1800.0, 'block_end': 3600.0}, {'src_file': 'controlled/Car_Adv/scenarios_car__adv2_apple0_google0_samsung0_tile0__20260126_074639/scenario_tx-2s_rot-1min.csv', 'n_segments': 14, 'gt_adv_mac_count': 2, 'n_clusters': 6, 'n_ranked': 6, 'strict_confirmed': False, 'confirmed_any': False, 'density_min': 0.9, 'block_start': 3600.0, 'block_end': 5400.0}]"
controlled/Car_Adv/scenarios_car__adv2_apple0_google0_samsung0_tile0__20260126_074639/scenario_tx-2s_rot-2s.csv,True,1800.0,1800.0,3,False,False,"[{'src_file': 'controlled/Car_Adv/scenarios_car__adv2_apple0_google0_samsung0_tile0__20260126_074639/scenario_tx-2s_rot-2s.csv', 'n_segments': 68, 'gt_adv_mac_count': 68, 'n_clusters': 3, 'n_ranked': 3, 'strict_confirmed': False, 'confirmed_any': False, 'density_min': 0.9, 'block_start': 0.0, 'block_end': 1800.0}, {'src_file': 'controlled/Car_Adv/scenarios_car__adv2_apple0_google0_samsung0_tile0__20260126_074639/scenario_tx-2s_rot-2s.csv', 'n_segments': 68, 'gt_adv_mac_count': 68, 'n_clusters': 3, 'n_ranked': 3, 'strict_confirmed': False, 'confirmed_any': False, 'density_min': 0.9, 'block_start': 1800.0, 'block_end': 3600.0}, {'src_file': 'controlled/Car_Adv/scenarios_car__adv2_apple0_google0_samsung0_tile0__20260126_074639/scenario_tx-2s_rot-2s.csv', 'n_segments': 18, 'gt_adv_mac_count': 6, 'n_clusters': 5, 'n_ranked': 5, 'strict_confirmed': False, 'confirmed_any': False, 'density_min': 0.9, 'block_start': 3600.0, 'block_end': 5400.0}]"
controlled/Car_Adv/scenarios_car__adv2_apple0_google0_samsung0_tile0__20260126_074639/scenario_tx-2s_rot-30s.csv,True,1800.0,1800.0,3,False,False,"[{'src_file': 'controlled/Car_Adv/scenarios_car__adv2_apple0_google0_samsung0_tile0__20260126_074639/scenario_tx-2s_rot-30s.csv', 'n_segments': 58, 'gt_adv_mac_count': 46, 'n_clusters': 3, 'n_ranked': 3, 'strict_confirmed': False, 'confirmed_any': False, 'density_min': 0.9, 'block_start': 0.0, 'block_end': 1800.0}, {'src_file': 'controlled/Car_Adv/scenarios_car__adv2_apple0_google0_samsung0_tile0__20260126_074639/scenario_tx-2s_rot-30s.csv', 'n_segments': 61, 'gt_adv_mac_count': 51, 'n_clusters': 3, 'n_ranked': 3, 'strict_confirmed': False, 'confirmed_any': False, 'density_min': 0.9, 'block_start': 1800.0, 'block_end': 3600.0}, {'src_file': 'controlled/Car_Adv/scenarios_car__adv2_apple0_google0_samsung0_tile0__20260126_074639/scenario_tx-2s_rot-30s.csv', 'n_segments': 14, 'gt_adv_mac_count': 3, 'n_clusters': 3, 'n_ranked': 3, 'strict_confirmed': False, 'confirmed_any': False, 'density_min': 0.9, 'block_start': 3600.0, 'block_end': 5400.0}]"
controlled/Car_Adv/scenarios_car__adv2_apple0_google0_samsung0_tile0__20260126_074639/scenario_tx-2s_rot-5min.csv,True,1800.0,1800.0,3,True,True,"[{'src_file': 'controlled/Car_Adv/scenarios_car__adv2_apple0_google0_samsung0_tile0__20260126_074639/scenario_tx-2s_rot-5min.csv', 'n_segments': 41, 'gt_adv_mac_count': 6, 'n_clusters': 5, 'n_ranked': 5, 'strict_confirmed': True, 'confirmed_any': True, 'density_min': 0.9, 'block_start': 0.0, 'block_end': 1800.0}, {'src_file': 'controlled/Car_Adv/scenarios_car__adv2_apple0_google0_samsung0_tile0__20260126_074639/scenario_tx-2s_rot-5min.csv', 'n_segments': 41, 'gt_adv_mac_count': 6, 'n_clusters': 3, 'n_ranked': 3, 'strict_confirmed': True, 'confirmed_any': True, 'density_min': 0.9, 'block_start': 1800.0, 'block_end': 3600.0}, {'src_file': 'controlled/Car_Adv/scenarios_car__adv2_apple0_google0_samsung0_tile0__20260126_074639/scenario_tx-2s_rot-5min.csv', 'n_segments': 14, 'gt_adv_mac_count': 2, 'n_clusters': 6, 'n_ranked': 6, 'strict_confirmed': False, 'confirmed_any': False, 'density_min': 0.9, 'block_start': 3600.0, 'block_end': 5400.0}]"
controlled/Car_Adv/scenarios_car__adv2_apple0_google0_samsung0_tile0__20260126_074639/scenario_tx-30s_rot-10s.csv,True,1800.0,1800.0,3,True,True,"[{'src_file': 'controlled/Car_Adv/scenarios_car__adv2_apple0_google0_samsung0_tile0__20260126_074639/scenario_tx-30s_rot-10s.csv', 'n_segments': 53, 'gt_adv_mac_count': 35, 'n_clusters': 3, 'n_ranked': 3, 'strict_confirmed': False, 'confirmed_any': False, 'density_min': 0.9, 'block_start': 0.0, 'block_end': 1800.0}, {'src_file': 'controlled/Car_Adv/scenarios_car__adv2_apple0_google0_samsung0_tile0__20260126_074639/scenario_tx-30s_rot-10s.csv', 'n_segments': 54, 'gt_adv_mac_count': 37, 'n_clusters': 3, 'n_ranked': 3, 'strict_confirmed': True, 'confirmed_any': True, 'density_min': 0.9, 'block_start': 1800.0, 'block_end': 3600.0}, {'src_file': 'controlled/Car_Adv/scenarios_car__adv2_apple0_google0_samsung0_tile0__20260126_074639/scenario_tx-30s_rot-10s.csv', 'n_segments': 13, 'gt_adv_mac_count': 2, 'n_clusters': 6, 'n_ranked': 6, 'strict_confirmed': False, 'confirmed_any': False, 'density_min': 0.9, 'block_start': 3600.0, 'block_end': 5400.0}]"
controlled/Car_Adv/scenarios_car__adv2_apple0_google0_samsung0_tile0__20260126_074639/scenario_tx-30s_rot-15min.csv,True,1800.0,1800.0,3,True,True,"[{'src_file': 'controlled/Car_Adv/scenarios_car__adv2_apple0_google0_samsung0_tile0__20260126_074639/scenario_tx-30s_rot-15min.csv', 'n_segments': 40, 'gt_adv_mac_count': 2, 'n_clusters': 3, 'n_ranked': 3, 'strict_confirmed': True, 'confirmed_any': True, 'density_min': 0.9, 'block_start': 0.0, 'block_end': 1800.0}, {'src_file': 'controlled/Car_Adv/scenarios_car__adv2_apple0_google0_samsung0_tile0__20260126_074639/scenario_tx-30s_rot-15min.csv', 'n_segments': 36, 'gt_adv_mac_count': 2, 'n_clusters': 10, 'n_ranked': 10, 'strict_confirmed': True, 'confirmed_any': True, 'density_min': 0.9, 'block_start': 1800.0, 'block_end': 3600.0}, {'src_file': 'controlled/Car_Adv/scenarios_car__adv2_apple0_google0_samsung0_tile0__20260126_074639/scenario_tx-30s_rot-15min.csv', 'n_segments': 13, 'gt_adv_mac_count': 1, 'n_clusters': 6, 'n_ranked': 6, 'strict_confirmed': False, 'confirmed_any': False, 'density_min': 0.9, 'block_start': 3600.0, 'block_end': 5400.0}]"
controlled/Car_Adv/scenarios_car__adv2_apple0_google0_samsung0_tile0__20260126_074639/scenario_tx-30s_rot-1min.csv,True,1800.0,1800.0,3,True,True,"[{'src_file': 'controlled/Car_Adv/scenarios_car__adv2_apple0_google0_samsung0_tile0__20260126_074639/scenario_tx-30s_rot-1min.csv', 'n_segments': 53, 'gt_adv_mac_count': 30, 'n_clusters': 3, 'n_ranked': 3, 'strict_confirmed': True, 'confirmed_any': True, 'density_min': 0.9, 'block_start': 0.0, 'block_end': 1800.0}, {'src_file': 'controlled/Car_Adv/scenarios_car__adv2_apple0_google0_samsung0_tile0__20260126_074639/scenario_tx-30s_rot-1min.csv', 'n_segments': 51, 'gt_adv_mac_count': 27, 'n_clusters': 3, 'n_ranked': 3, 'strict_confirmed': True, 'confirmed_any': True, 'density_min': 0.9, 'block_start': 1800.0, 'block_end': 3600.0}, {'src_file': 'controlled/Car_Adv/scenarios_car__adv2_apple0_google0_samsung0_tile0__20260126_074639/scenario_tx-30s_rot-1min.csv', 'n_segments': 13, 'gt_adv_mac_count': 1, 'n_clusters': 6, 'n_ranked': 6, 'strict_confirmed': False, 'confirmed_any': False, 'density_min': 0.9, 'block_start': 3600.0, 'block_end': 5400.0}]"
controlled/Car_Adv/scenarios_car__adv2_apple0_google0_samsung0_tile0__20260126_074639/scenario_tx-30s_rot-2s.csv,True,1800.0,1800.0,3,True,True,"[{'src_file': 'controlled/Car_Adv/scenarios_car__adv2_apple0_google0_samsung0_tile0__20260126_074639/scenario_tx-30s_rot-2s.csv', 'n_segments': 57, 'gt_adv_mac_count': 35, 'n_clusters': 3, 'n_ranked': 3, 'strict_confirmed': False, 'confirmed_any': False, 'density_min': 0.9, 'block_start': 0.0, 'block_end': 1800.0}, {'src_file': 'controlled/Car_Adv/scenarios_car__adv2_apple0_google0_samsung0_tile0__20260126_074639/scenario_tx-30s_rot-2s.csv', 'n_segments': 59, 'gt_adv_mac_count': 37, 'n_clusters': 3, 'n_ranked': 3, 'strict_confirmed': True, 'confirmed_any': True, 'density_min': 0.9, 'block_start': 1800.0, 'block_end': 3600.0}, {'src_file': 'controlled/Car_Adv/scenarios_car__adv2_apple0_google0_samsung0_tile0__20260126_074639/scenario_tx-30s_rot-2s.csv', 'n_segments': 14, 'gt_adv_mac_count': 2, 'n_clusters': 6, 'n_ranked': 6, 'strict_confirmed': False, 'confirmed_any': False, 'density_min': 0.9, 'block_start': 3600.0, 'block_end': 5400.0}]"
controlled/Car_Adv/scenarios_car__adv2_apple0_google0_samsung0_tile0__20260126_074639/scenario_tx-30s_rot-30s.csv,True,1800.0,1800.0,3,True,True,"[{'src_file': 'controlled/Car_Adv/scenarios_car__adv2_apple0_google0_samsung0_tile0__20260126_074639/scenario_tx-30s_rot-30s.csv', 'n_segments': 55, 'gt_adv_mac_count': 35, 'n_clusters': 3, 'n_ranked': 3, 'strict_confirmed': False, 'confirmed_any': False, 'density_min': 0.9, 'block_start': 0.0, 'block_end': 1800.0}, {'src_file': 'controlled/Car_Adv/scenarios_car__adv2_apple0_google0_samsung0_tile0__20260126_074639/scenario_tx-30s_rot-30s.csv', 'n_segments': 52, 'gt_adv_mac_count': 37, 'n_clusters': 5, 'n_ranked': 5, 'strict_confirmed': True, 'confirmed_any': True, 'density_min': 0.9, 'block_start': 1800.0, 'block_end': 3600.0}, {'src_file': 'controlled/Car_Adv/scenarios_car__adv2_apple0_google0_samsung0_tile0__20260126_074639/scenario_tx-30s_rot-30s.csv', 'n_segments': 13, 'gt_adv_mac_count': 2, 'n_clusters': 3, 'n_ranked': 3, 'strict_confirmed': False, 'confirmed_any': False, 'density_min': 0.9, 'block_start': 3600.0, 'block_end': 5400.0}]"
controlled/Car_Adv/scenarios_car__adv2_apple0_google0_samsung0_tile0__20260126_074639/scenario_tx-30s_rot-5min.csv,True,1800.0,1800.0,3,True,True,"[{'src_file': 'controlled/Car_Adv/scenarios_car__adv2_apple0_google0_samsung0_tile0__20260126_074639/scenario_tx-30s_rot-5min.csv', 'n_segments': 43, 'gt_adv_mac_count': 6, 'n_clusters': 3, 'n_ranked': 3, 'strict_confirmed': True, 'confirmed_any': True, 'density_min': 0.9, 'block_start': 0.0, 'block_end': 1800.0}, {'src_file': 'controlled/Car_Adv/scenarios_car__adv2_apple0_google0_samsung0_tile0__20260126_074639/scenario_tx-30s_rot-5min.csv', 'n_segments': 38, 'gt_adv_mac_count': 6, 'n_clusters': 8, 'n_ranked': 8, 'strict_confirmed': True, 'confirmed_any': True, 'density_min': 0.9, 'block_start': 1800.0, 'block_end': 3600.0}, {'src_file': 'controlled/Car_Adv/scenarios_car__adv2_apple0_google0_samsung0_tile0__20260126_074639/scenario_tx-30s_rot-5min.csv', 'n_segments': 13, 'gt_adv_mac_count': 1, 'n_clusters': 6, 'n_ranked': 6, 'strict_confirmed': False, 'confirmed_any': False, 'density_min': 0.9, 'block_start': 3600.0, 'block_end': 5400.0}]"
