src_file,cluster,dev_type,segments,duration_cov,duration_span,persistence_s,unique_macs,core_mac_density_scaled,adv_mac_pct,gt_frac,dur_ok,unique_ok,dens_ok,uniform_ok,decision_ok,k_chosen,win_entropy_norm
controlled/Benign/airport.csv,1,TAG_APPLE,10,1800.0,,1792.523000000001,10,0.8352553685388715,0.0,0.0,True,False,False,False,False,3,
controlled/Benign/airport.csv,0,TAG_APPLE,17,1800.0,,1410.7350000000004,17,0.5567962347821175,0.0,0.0,False,True,False,False,False,3,
controlled/Benign/airport.csv,2,TAG_APPLE,2,1800.0,,427.5240000000049,2,0.0,0.0,0.0,False,False,False,False,False,3,
controlled/Benign/airport.csv,3,TAG_GOOGLE,17,1800.0,,960.0120000000024,17,0.8832559822650933,0.0,0.0,False,True,False,False,False,4,
controlled/Benign/airport.csv,5,TAG_GOOGLE,26,1800.0,,752.4440000000031,26,0.8085969817831752,0.0,0.0,False,True,False,False,False,4,
controlled/Benign/airport.csv,4,TAG_GOOGLE,26,1800.0,,776.6380000000062,26,0.5260888807040693,0.0,0.0,False,True,False,False,False,4,
controlled/Benign/airport.csv,6,TAG_GOOGLE,8,1800.0,,144.01499999999942,8,0.4200314257365401,0.0,0.0,False,False,False,False,False,4,
controlled/Benign/airport.csv,0,TAG_APPLE,2,1800.0,,780.8679999999881,2,0.0,0.0,0.0,False,False,False,False,False,3,
controlled/Benign/airport.csv,1,TAG_APPLE,2,1800.0,,646.3859999999986,2,0.0,0.0,0.0,False,False,False,False,False,3,
controlled/Benign/airport.csv,2,TAG_APPLE,1,1800.0,,0.0,1,0.0,0.0,0.0,False,False,False,False,False,3,
controlled/Benign/airport.csv,4,TAG_GOOGLE,11,1800.0,,555.9459999999963,11,0.8367160683179927,0.0,0.0,False,False,False,False,False,3,
controlled/Benign/airport.csv,5,TAG_GOOGLE,3,1800.0,,35.544000000008964,3,0.669841152952245,0.0,0.0,False,False,False,False,False,3,
controlled/Benign/airport.csv,3,TAG_GOOGLE,18,1800.0,,523.8200000000072,18,0.5628919882533987,0.0,0.0,False,True,False,False,False,3,
controlled/Benign/background_only.csv,0,TAG_APPLE,20,1800.0,,1799.7590000000057,20,0.7851172938100733,0.0,0.0,True,True,False,False,False,3,
controlled/Benign/background_only.csv,2,TAG_APPLE,8,1800.0,,1798.4640000000072,8,0.7370199741474067,0.0,0.0,True,False,False,False,False,3,
controlled/Benign/background_only.csv,1,TAG_APPLE,10,1800.0,,1783.949999999997,10,0.7216886775351439,0.0,0.0,True,False,False,False,False,3,
controlled/Benign/background_only.csv,0,TAG_APPLE,23,1800.0,,1797.964000000008,23,0.919745492869246,0.0,0.0,True,True,True,False,True,3,
controlled/Benign/background_only.csv,1,TAG_APPLE,7,1800.0,,1776.8910000000035,7,0.4866475146467579,0.0,0.0,True,False,False,False,False,3,
controlled/Benign/background_only.csv,2,TAG_APPLE,4,1800.0,,1785.7760000000126,4,0.3577004634985836,0.0,0.0,True,False,False,False,False,3,
controlled/Benign/background_only.csv,0,TAG_APPLE,4,1800.0,,71.27400000000489,4,0.5713710722467124,0.0,0.0,False,False,False,False,False,6,
controlled/Benign/background_only.csv,1,TAG_APPLE,2,1800.0,,45.955000000001746,2,0.0,0.0,0.0,False,False,False,False,False,6,
controlled/Benign/background_only.csv,2,TAG_APPLE,2,1800.0,,73.08900000000722,2,0.0,0.0,0.0,False,False,False,False,False,6,
controlled/Benign/background_only.csv,3,TAG_APPLE,1,1800.0,,54.447000000000116,1,0.0,0.0,0.0,False,False,False,False,False,6,
controlled/Benign/background_only.csv,4,TAG_APPLE,1,1800.0,,0.0,1,0.0,0.0,0.0,False,False,False,False,False,6,
controlled/Benign/background_only.csv,5,TAG_APPLE,2,1800.0,,53.18399999999383,2,0.0,0.0,0.0,False,False,False,False,False,6,
controlled/Benign/nycab.csv,0,TAG_APPLE,1,1800.0,,885.038999999997,1,0.0,0.0,0.0,False,False,False,False,False,3,
controlled/Benign/nycab.csv,1,TAG_APPLE,1,1800.0,,273.2079999999987,1,0.0,0.0,0.0,False,False,False,False,False,3,
controlled/Benign/nycab.csv,2,TAG_APPLE,1,1800.0,,531.7729999999938,1,0.0,0.0,0.0,False,False,False,False,False,3,
controlled/Benign/prud1_jan21_ivy.csv,0,TAG_APPLE,28,1800.0,,1729.9089999999994,28,0.7288292737261218,0.0,0.0,True,True,False,False,False,3,
controlled/Benign/prud1_jan21_ivy.csv,1,TAG_APPLE,3,1800.0,,1423.4430000000064,3,0.5300160069728687,0.0,0.0,False,False,False,False,False,3,
controlled/Benign/prud1_jan21_ivy.csv,2,TAG_APPLE,7,1800.0,,758.1949999999997,7,0.4441816087502289,0.0,0.0,False,False,False,False,False,3,
controlled/Benign/prud1_jan21_ivy.csv,3,TAG_TILE,2,1800.0,,1.8040000000037253,2,0.0,0.0,0.0,False,False,False,False,False,3,
controlled/Benign/prud1_jan21_ivy.csv,4,TAG_TILE,1,1800.0,,50.54300000000512,1,0.0,0.0,0.0,False,False,False,False,False,3,
controlled/Benign/prud1_jan21_ivy.csv,5,TAG_TILE,1,1800.0,,4.379000000000815,1,0.0,0.0,0.0,False,False,False,False,False,3,
controlled/Benign/prud1_jan21_ivy.csv,0,TAG_APPLE,11,1800.0,,1744.6719999999991,11,0.5360442379361589,0.0,0.0,True,False,False,False,False,3,
controlled/Benign/prud1_jan21_ivy.csv,1,TAG_APPLE,2,1800.0,,534.3319999999949,2,0.0,0.0,0.0,False,False,False,False,False,3,
controlled/Benign/prud1_jan21_ivy.csv,2,TAG_APPLE,2,1800.0,,411.27500000000146,2,0.0,0.0,0.0,False,False,False,False,False,3,
controlled/Benign/prud1_jan21_ivy.csv,3,TAG_APPLE,5,1800.0,,462.86500000000524,5,0.7705077269665377,0.0,0.0,False,False,False,False,False,4,
controlled/Benign/prud1_jan21_ivy.csv,0,TAG_APPLE,6,1800.0,,245.27700000000186,6,0.5144482332808127,0.0,0.0,False,False,False,False,False,4,
controlled/Benign/prud1_jan21_ivy.csv,2,TAG_APPLE,6,1800.0,,266.6999999999971,6,0.49777993853919705,0.0,0.0,False,False,False,False,False,4,
controlled/Benign/prud1_jan21_ivy.csv,1,TAG_APPLE,4,1800.0,,622.669000000009,4,0.33409196468379093,0.0,0.0,False,False,False,False,False,4,
controlled/Benign/prud1_jan21_ivy.csv,4,TAG_TILE,2,1800.0,,217.14400000000023,2,0.0,0.0,0.0,False,False,False,False,False,3,
controlled/Benign/prud1_jan21_ivy.csv,5,TAG_TILE,1,1800.0,,0.0,1,0.0,0.0,0.0,False,False,False,False,False,3,
controlled/Benign/prud1_jan21_ivy.csv,6,TAG_TILE,1,1800.0,,0.0,1,0.0,0.0,0.0,False,False,False,False,False,3,
controlled/Benign/prud2_jan21_ivy.csv,1,TAG_APPLE,4,1800.0,,1562.3609999999899,4,0.6613367907760787,0.0,0.0,True,False,False,False,False,3,
controlled/Benign/prud2_jan21_ivy.csv,0,TAG_APPLE,17,1800.0,,997.423999999999,17,0.6044452504658802,0.0,0.0,False,True,False,False,False,3,
controlled/Benign/prud2_jan21_ivy.csv,2,TAG_APPLE,3,1800.0,,110.85000000000582,3,0.285440381336462,0.0,0.0,False,False,False,False,False,3,
controlled/Benign/prud2_jan21_ivy.csv,3,TAG_TILE,2,1800.0,,872.2949999999983,2,0.0,0.0,0.0,False,False,False,False,False,3,
controlled/Benign/prud2_jan21_ivy.csv,4,TAG_TILE,1,1800.0,,282.6850000000122,1,0.0,0.0,0.0,False,False,False,False,False,3,
controlled/Benign/prud2_jan21_ivy.csv,5,TAG_TILE,1,1800.0,,9.659000000014203,1,0.0,0.0,0.0,False,False,False,False,False,3,
controlled/Benign/prud2_jan21_ivy.csv,0,TAG_APPLE,9,1800.0,,1634.2160000000003,9,0.5283050497790491,0.0,0.0,True,False,False,False,False,3,
controlled/Benign/prud2_jan21_ivy.csv,1,TAG_APPLE,3,1800.0,,168.16200000001118,3,0.4212018903324885,0.0,0.0,False,False,False,False,False,3,
controlled/Benign/prud2_jan21_ivy.csv,2,TAG_APPLE,2,1800.0,,992.5650000000023,2,0.0,0.0,0.0,False,False,False,False,False,3,
controlled/Benign/prud2_jan21_ivy.csv,0,TAG_APPLE,6,1800.0,,513.0939999999973,6,1.0268515668977054,0.0,0.0,False,False,True,False,False,3,
controlled/Benign/prud2_jan21_ivy.csv,1,TAG_APPLE,8,1800.0,,523.7780000000057,8,0.5120569046159958,0.0,0.0,False,False,False,False,False,3,
controlled/Benign/prud2_jan21_ivy.csv,2,TAG_APPLE,1,1800.0,,0.0,1,0.0,0.0,0.0,False,False,False,False,False,3,
controlled/Benign/tobos1.csv,0,TAG_APPLE,2,1800.0,,740.5930000000008,2,0.0,0.0,0.0,False,False,False,False,False,3,
controlled/Benign/tobos1.csv,1,TAG_APPLE,1,1800.0,,362.06900000000337,1,0.0,0.0,0.0,False,False,False,False,False,3,
controlled/Benign/tobos1.csv,2,TAG_APPLE,1,1800.0,,818.5009999999966,1,0.0,0.0,0.0,False,False,False,False,False,3,
controlled/Benign/tobos2.csv,0,TAG_APPLE,1,1800.0,,667.2099999999991,1,0.0,0.0,0.0,False,False,False,False,False,3,
controlled/Benign/tobos2.csv,1,TAG_APPLE,1,1800.0,,81.625,1,0.0,0.0,0.0,False,False,False,False,False,3,
controlled/Benign/tobos2.csv,2,TAG_APPLE,1,1800.0,,976.9089999999997,1,0.0,0.0,0.0,False,False,False,False,False,3,
controlled/Benign/tobos2.csv,0,TAG_APPLE,1,1800.0,,1186.7450000000026,1,0.0,0.0,0.0,False,False,False,False,False,3,
controlled/Benign/tobos2.csv,1,TAG_APPLE,1,1800.0,,451.2680000000041,1,0.0,0.0,0.0,False,False,False,False,False,3,
controlled/Benign/tobos2.csv,2,TAG_APPLE,1,1800.0,,122.06199999999808,1,0.0,0.0,0.0,False,False,False,False,False,3,
controlled/Benign/tobos2.csv,0,TAG_APPLE,1,1800.0,,136.3989999999976,1,0.0,0.0,0.0,False,False,False,False,False,3,
controlled/Benign/tobos2.csv,1,TAG_APPLE,1,1800.0,,876.4570000000022,1,0.0,0.0,0.0,False,False,False,False,False,3,
controlled/Benign/tobos2.csv,2,TAG_APPLE,1,1800.0,,692.726999999999,1,0.0,0.0,0.0,False,False,False,False,False,3,
controlled/Benign/tobos2.csv,0,TAG_APPLE,1,1800.0,,34.08300000001327,1,0.0,0.0,0.0,False,False,False,False,False,3,
controlled/Benign/tobos2.csv,1,TAG_APPLE,1,1800.0,,884.7700000000041,1,0.0,0.0,0.0,False,False,False,False,False,3,
controlled/Benign/tobos2.csv,2,TAG_APPLE,1,1800.0,,739.6549999999988,1,0.0,0.0,0.0,False,False,False,False,False,3,
controlled/Benign/tony.csv,1,TAG_APPLE,11,1800.0,,1787.7839999999999,11,0.8952577529275215,0.0,0.0,True,False,False,False,False,3,
controlled/Benign/tony.csv,2,TAG_APPLE,7,1800.0,,727.484000000004,7,0.5779860392057576,0.0,0.0,False,False,False,False,False,3,
controlled/Benign/tony.csv,0,TAG_APPLE,21,1800.0,,1707.0279999999984,21,0.5138142320993722,0.0,0.0,True,True,False,False,False,3,
controlled/Benign/tony.csv,2,TAG_APPLE,5,1800.0,,1093.2530000000042,5,0.5588968467447385,0.0,0.0,False,False,False,False,False,3,
controlled/Benign/tony.csv,0,TAG_APPLE,16,1800.0,,1753.7350000000004,16,0.47428726682148187,0.0,0.0,True,True,False,False,False,3,
controlled/Benign/tony.csv,1,TAG_APPLE,2,1800.0,,1670.154000000002,2,0.0,0.0,0.0,True,False,False,False,False,3,
controlled/Benign/tony.csv,3,TAG_SAMSUNG,1,1800.0,,195.25400000000036,1,0.0,0.0,0.0,False,False,False,False,False,3,
controlled/Benign/tony.csv,4,TAG_SAMSUNG,1,1800.0,,894.1469999999972,1,0.0,0.0,0.0,False,False,False,False,False,3,
controlled/Benign/tony.csv,5,TAG_SAMSUNG,1,1800.0,,140.36100000000488,1,0.0,0.0,0.0,False,False,False,False,False,3,
controlled/Benign/tony.csv,0,TAG_APPLE,2,1800.0,,880.6929999999993,2,0.0,0.0,0.0,False,False,False,False,False,3,
controlled/Benign/tony.csv,1,TAG_APPLE,1,1800.0,,0.0,1,0.0,0.0,0.0,False,False,False,False,False,3,
controlled/Benign/tony.csv,2,TAG_APPLE,2,1800.0,,862.7150000000038,2,0.0,0.0,0.0,False,False,False,False,False,3,
