src_file,cluster,dev_type,segments,duration_cov,duration_span,persistence_s,unique_macs,core_mac_density_scaled,adv_mac_pct,gt_frac,dur_ok,unique_ok,dens_ok,decision_ok,k_chosen
controlled/WtoH/scenarios_Work_to_home_gym__adv1_apple0_google0_samsung0_tile0__20260128_230324/scenario_tx-30s_rot-5min.csv,2,TAG_APPLE,10,3600.0,,3599.45636279457,10,2.134408604322047,1.0,1.0,True,False,True,True,3
controlled/WtoH/scenarios_Work_to_home_gym__adv1_apple0_google0_samsung0_tile0__20260128_230324/scenario_tx-30s_rot-5min.csv,1,TAG_APPLE,100,3600.0,,3595.505590438843,98,1.349921732863771,0.0,0.030612244897959183,True,True,True,True,3
controlled/WtoH/scenarios_Work_to_home_gym__adv1_apple0_google0_samsung0_tile0__20260128_230324/scenario_tx-30s_rot-5min.csv,0,TAG_APPLE,104,3600.0,,3599.652165342471,86,1.3062002743954837,0.023255813953488372,0.05813953488372093,True,True,True,True,3
controlled/WtoH/scenarios_Work_to_home_gym__adv1_apple0_google0_samsung0_tile0__20260128_230324/scenario_tx-30s_rot-5min.csv,3,TAG_SAMSUNG,2,3600.0,,61.43028473854065,1,0.0,0.0,0.0,False,False,False,False,3
controlled/WtoH/scenarios_Work_to_home_gym__adv1_apple0_google0_samsung0_tile0__20260128_230324/scenario_tx-30s_rot-5min.csv,4,TAG_SAMSUNG,2,3600.0,,3525.150728225708,2,0.0,0.0,0.0,True,False,False,False,3
controlled/WtoH/scenarios_Work_to_home_gym__adv1_apple0_google0_samsung0_tile0__20260128_230324/scenario_tx-30s_rot-5min.csv,5,TAG_SAMSUNG,1,1800.0,,409.46272921562206,1,0.0,0.0,0.0,False,False,False,False,3
controlled/WtoH/scenarios_Work_to_home_gym__adv1_apple0_google0_samsung0_tile0__20260128_230324/scenario_tx-30s_rot-5min.csv,6,TAG_TILE,2,3600.0,,2264.1357231140137,1,0.0,0.0,0.0,True,False,False,False,3
controlled/WtoH/scenarios_Work_to_home_gym__adv1_apple0_google0_samsung0_tile0__20260128_230324/scenario_tx-30s_rot-5min.csv,7,TAG_TILE,1,1800.0,,0.0,1,0.0,0.0,0.0,False,False,False,False,3
controlled/WtoH/scenarios_Work_to_home_gym__adv1_apple0_google0_samsung0_tile0__20260128_230324/scenario_tx-30s_rot-5min.csv,8,TAG_TILE,1,1800.0,,90.08797168731644,1,0.0,0.0,0.0,False,False,False,False,3
controlled/WtoH/scenarios_Work_to_home_gym__adv1_apple0_google0_samsung0_tile0__20260128_230324/scenario_tx-30s_rot-5min.csv,2,TAG_APPLE,5,3600.0,,1427.899740934372,5,2.074676202701043,1.0,1.0,False,False,True,False,3
controlled/WtoH/scenarios_Work_to_home_gym__adv1_apple0_google0_samsung0_tile0__20260128_230324/scenario_tx-30s_rot-5min.csv,0,TAG_APPLE,43,3600.0,,1534.527884483337,30,1.2426462658815136,0.03333333333333333,0.03333333333333333,False,True,True,False,3
controlled/WtoH/scenarios_Work_to_home_gym__adv1_apple0_google0_samsung0_tile0__20260128_230324/scenario_tx-30s_rot-5min.csv,1,TAG_APPLE,43,3600.0,,1487.4612216949467,39,1.1716669323094004,0.0,0.02564102564102564,False,True,True,False,3
controlled/WtoH/scenarios_Work_to_home_gym__adv1_apple0_google0_samsung0_tile0__20260128_230324/scenario_tx-30s_rot-5min.csv,3,TAG_SAMSUNG,2,3600.0,,338.5737922191611,1,0.0,0.0,0.0,False,False,False,False,3
controlled/WtoH/scenarios_Work_to_home_gym__adv1_apple0_google0_samsung0_tile0__20260128_230324/scenario_tx-30s_rot-5min.csv,4,TAG_SAMSUNG,1,1800.0,,523.2575516700745,1,0.0,0.0,1.0,False,False,False,False,3
controlled/WtoH/scenarios_Work_to_home_gym__adv1_apple0_google0_samsung0_tile0__20260128_230324/scenario_tx-30s_rot-5min.csv,5,TAG_SAMSUNG,1,1800.0,,55.8650877475734,1,0.0,0.0,0.0,False,False,False,False,3
controlled/WtoH/scenarios_Work_to_home_gym__adv1_apple0_google0_samsung0_tile0__20260128_230324/scenario_tx-30s_rot-5min.csv,6,TAG_TILE,1,1800.0,,0.0,1,0.0,0.0,0.0,False,False,False,False,3
controlled/WtoH/scenarios_Work_to_home_gym__adv1_apple0_google0_samsung0_tile0__20260128_230324/scenario_tx-30s_rot-5min.csv,7,TAG_TILE,1,1800.0,,64.79512119293213,1,0.0,0.0,0.0,False,False,False,False,3
controlled/WtoH/scenarios_Work_to_home_gym__adv1_apple0_google0_samsung0_tile0__20260128_230324/scenario_tx-30s_rot-5min.csv,8,TAG_TILE,1,1800.0,,0.0,1,0.0,0.0,0.0,False,False,False,False,3
controlled/WtoH/scenarios_Work_to_home_gym__adv1_apple0_google0_samsung0_tile0__20260128_230324/scenario_tx-10s_rot-5min.csv,2,TAG_APPLE,11,3600.0,,3596.000315974883,11,3.076787784652302,1.0,1.0,True,False,True,True,3
controlled/WtoH/scenarios_Work_to_home_gym__adv1_apple0_google0_samsung0_tile0__20260128_230324/scenario_tx-10s_rot-5min.csv,0,TAG_APPLE,139,3600.0,,3595.505590438843,130,1.4470387013995238,0.0,0.023076923076923078,True,True,True,True,3
controlled/WtoH/scenarios_Work_to_home_gym__adv1_apple0_google0_samsung0_tile0__20260128_230324/scenario_tx-10s_rot-5min.csv,1,TAG_APPLE,61,3600.0,,3599.652165342471,48,1.1201383723658709,0.020833333333333332,0.041666666666666664,True,True,True,True,3
controlled/WtoH/scenarios_Work_to_home_gym__adv1_apple0_google0_samsung0_tile0__20260128_230324/scenario_tx-10s_rot-5min.csv,3,TAG_SAMSUNG,2,3600.0,,61.43028473854065,1,0.0,0.0,1.0,False,False,False,False,3
controlled/WtoH/scenarios_Work_to_home_gym__adv1_apple0_google0_samsung0_tile0__20260128_230324/scenario_tx-10s_rot-5min.csv,4,TAG_SAMSUNG,2,3600.0,,3525.150728225708,2,0.0,0.0,0.0,True,False,False,False,3
controlled/WtoH/scenarios_Work_to_home_gym__adv1_apple0_google0_samsung0_tile0__20260128_230324/scenario_tx-10s_rot-5min.csv,5,TAG_SAMSUNG,1,1800.0,,409.46272921562206,1,0.0,0.0,0.0,False,False,False,False,3
controlled/WtoH/scenarios_Work_to_home_gym__adv1_apple0_google0_samsung0_tile0__20260128_230324/scenario_tx-10s_rot-5min.csv,6,TAG_TILE,2,3600.0,,2264.1357231140137,1,0.0,0.0,0.0,True,False,False,False,3
controlled/WtoH/scenarios_Work_to_home_gym__adv1_apple0_google0_samsung0_tile0__20260128_230324/scenario_tx-10s_rot-5min.csv,7,TAG_TILE,1,1800.0,,0.0,1,0.0,0.0,1.0,False,False,False,False,3
controlled/WtoH/scenarios_Work_to_home_gym__adv1_apple0_google0_samsung0_tile0__20260128_230324/scenario_tx-10s_rot-5min.csv,8,TAG_TILE,1,1800.0,,90.08797168731644,1,0.0,0.0,0.0,False,False,False,False,3
controlled/WtoH/scenarios_Work_to_home_gym__adv1_apple0_google0_samsung0_tile0__20260128_230324/scenario_tx-10s_rot-5min.csv,2,TAG_APPLE,6,3600.0,,1528.605482339858,6,3.7434906153287533,1.0,1.0,False,False,True,False,3
controlled/WtoH/scenarios_Work_to_home_gym__adv1_apple0_google0_samsung0_tile0__20260128_230324/scenario_tx-10s_rot-5min.csv,0,TAG_APPLE,43,3600.0,,1403.5953497886653,30,1.3753489518822644,0.0,0.0,False,True,True,False,3
controlled/WtoH/scenarios_Work_to_home_gym__adv1_apple0_google0_samsung0_tile0__20260128_230324/scenario_tx-10s_rot-5min.csv,1,TAG_APPLE,44,3600.0,,1487.4612216949467,40,1.3034996263038081,0.0,0.0,False,True,True,False,3
controlled/WtoH/scenarios_Work_to_home_gym__adv1_apple0_google0_samsung0_tile0__20260128_230324/scenario_tx-10s_rot-5min.csv,3,TAG_SAMSUNG,2,3600.0,,338.5737922191611,1,0.0,0.0,0.0,False,False,False,False,3
controlled/WtoH/scenarios_Work_to_home_gym__adv1_apple0_google0_samsung0_tile0__20260128_230324/scenario_tx-10s_rot-5min.csv,4,TAG_SAMSUNG,1,1800.0,,523.2575516700745,1,0.0,0.0,0.0,False,False,False,False,3
controlled/WtoH/scenarios_Work_to_home_gym__adv1_apple0_google0_samsung0_tile0__20260128_230324/scenario_tx-10s_rot-5min.csv,5,TAG_SAMSUNG,1,1800.0,,55.8650877475734,1,0.0,0.0,0.0,False,False,False,False,3
controlled/WtoH/scenarios_Work_to_home_gym__adv1_apple0_google0_samsung0_tile0__20260128_230324/scenario_tx-10s_rot-5min.csv,6,TAG_TILE,1,1800.0,,0.0,1,0.0,0.0,0.0,False,False,False,False,3
controlled/WtoH/scenarios_Work_to_home_gym__adv1_apple0_google0_samsung0_tile0__20260128_230324/scenario_tx-10s_rot-5min.csv,7,TAG_TILE,1,1800.0,,64.79512119293213,1,0.0,0.0,0.0,False,False,False,False,3
controlled/WtoH/scenarios_Work_to_home_gym__adv1_apple0_google0_samsung0_tile0__20260128_230324/scenario_tx-10s_rot-5min.csv,8,TAG_TILE,1,1800.0,,0.0,1,0.0,0.0,1.0,False,False,False,False,3
controlled/WtoH/scenarios_Work_to_home_gym__adv1_apple0_google0_samsung0_tile0__20260128_230324/scenario_tx-2s_rot-5min.csv,2,TAG_APPLE,13,3600.0,,3599.45636279457,12,6.1538461128205135,1.0,1.0,True,False,True,True,3
controlled/WtoH/scenarios_Work_to_home_gym__adv1_apple0_google0_samsung0_tile0__20260128_230324/scenario_tx-2s_rot-5min.csv,0,TAG_APPLE,148,3600.0,,3595.505590438843,138,1.5603570643137752,0.0,0.028985507246376812,True,True,True,True,3
controlled/WtoH/scenarios_Work_to_home_gym__adv1_apple0_google0_samsung0_tile0__20260128_230324/scenario_tx-2s_rot-5min.csv,1,TAG_APPLE,54,3600.0,,3599.652165342471,42,1.2135786326750986,0.0,0.0,True,True,True,True,3
controlled/WtoH/scenarios_Work_to_home_gym__adv1_apple0_google0_samsung0_tile0__20260128_230324/scenario_tx-2s_rot-5min.csv,3,TAG_SAMSUNG,2,3600.0,,61.43028473854065,1,0.0,0.0,0.0,False,False,False,False,3
controlled/WtoH/scenarios_Work_to_home_gym__adv1_apple0_google0_samsung0_tile0__20260128_230324/scenario_tx-2s_rot-5min.csv,4,TAG_SAMSUNG,2,3600.0,,3525.150728225708,2,0.0,0.0,0.5,True,False,False,False,3
controlled/WtoH/scenarios_Work_to_home_gym__adv1_apple0_google0_samsung0_tile0__20260128_230324/scenario_tx-2s_rot-5min.csv,5,TAG_SAMSUNG,1,1800.0,,409.46272921562206,1,0.0,0.0,0.0,False,False,False,False,3
controlled/WtoH/scenarios_Work_to_home_gym__adv1_apple0_google0_samsung0_tile0__20260128_230324/scenario_tx-2s_rot-5min.csv,6,TAG_TILE,2,3600.0,,2264.1357231140137,1,0.0,0.0,0.0,True,False,False,False,3
controlled/WtoH/scenarios_Work_to_home_gym__adv1_apple0_google0_samsung0_tile0__20260128_230324/scenario_tx-2s_rot-5min.csv,7,TAG_TILE,1,1800.0,,0.0,1,0.0,0.0,1.0,False,False,False,False,3
controlled/WtoH/scenarios_Work_to_home_gym__adv1_apple0_google0_samsung0_tile0__20260128_230324/scenario_tx-2s_rot-5min.csv,8,TAG_TILE,1,1800.0,,90.08797168731644,1,0.0,0.0,0.0,False,False,False,False,3
controlled/WtoH/scenarios_Work_to_home_gym__adv1_apple0_google0_samsung0_tile0__20260128_230324/scenario_tx-2s_rot-5min.csv,2,TAG_APPLE,6,3600.0,,1535.646794795989,6,5.351947524806732,1.0,1.0,False,False,True,False,3
controlled/WtoH/scenarios_Work_to_home_gym__adv1_apple0_google0_samsung0_tile0__20260128_230324/scenario_tx-2s_rot-5min.csv,0,TAG_APPLE,43,3600.0,,1403.5953497886653,30,1.3633321462213341,0.0,0.03333333333333333,False,True,True,False,3
controlled/WtoH/scenarios_Work_to_home_gym__adv1_apple0_google0_samsung0_tile0__20260128_230324/scenario_tx-2s_rot-5min.csv,1,TAG_APPLE,43,3600.0,,1487.4612216949467,39,1.282945933710956,0.0,0.05128205128205128,False,True,True,False,3
controlled/WtoH/scenarios_Work_to_home_gym__adv1_apple0_google0_samsung0_tile0__20260128_230324/scenario_tx-2s_rot-5min.csv,3,TAG_SAMSUNG,2,3600.0,,338.5737922191611,1,0.0,0.0,0.0,False,False,False,False,3
controlled/WtoH/scenarios_Work_to_home_gym__adv1_apple0_google0_samsung0_tile0__20260128_230324/scenario_tx-2s_rot-5min.csv,4,TAG_SAMSUNG,1,1800.0,,523.2575516700745,1,0.0,0.0,0.0,False,False,False,False,3
controlled/WtoH/scenarios_Work_to_home_gym__adv1_apple0_google0_samsung0_tile0__20260128_230324/scenario_tx-2s_rot-5min.csv,5,TAG_SAMSUNG,1,1800.0,,55.8650877475734,1,0.0,0.0,0.0,False,False,False,False,3
controlled/WtoH/scenarios_Work_to_home_gym__adv1_apple0_google0_samsung0_tile0__20260128_230324/scenario_tx-2s_rot-5min.csv,6,TAG_TILE,1,1800.0,,0.0,1,0.0,0.0,0.0,False,False,False,False,3
controlled/WtoH/scenarios_Work_to_home_gym__adv1_apple0_google0_samsung0_tile0__20260128_230324/scenario_tx-2s_rot-5min.csv,7,TAG_TILE,1,1800.0,,64.79512119293213,1,0.0,0.0,0.0,False,False,False,False,3
controlled/WtoH/scenarios_Work_to_home_gym__adv1_apple0_google0_samsung0_tile0__20260128_230324/scenario_tx-2s_rot-5min.csv,8,TAG_TILE,1,1800.0,,0.0,1,0.0,0.0,0.0,False,False,False,False,3
controlled/WtoH/scenarios_Work_to_home_gym__adv1_apple0_google0_samsung0_tile0__20260128_230324/scenario_tx-10s_rot-1min.csv,2,TAG_APPLE,40,3600.0,,3538.888051818542,40,3.4019096414227175,1.0,1.0,True,True,True,True,3
controlled/WtoH/scenarios_Work_to_home_gym__adv1_apple0_google0_samsung0_tile0__20260128_230324/scenario_tx-10s_rot-1min.csv,0,TAG_APPLE,140,3600.0,,3595.505590438843,132,1.944924828602941,0.12121212121212122,0.25757575757575757,True,True,True,True,3
controlled/WtoH/scenarios_Work_to_home_gym__adv1_apple0_google0_samsung0_tile0__20260128_230324/scenario_tx-10s_rot-1min.csv,1,TAG_APPLE,55,3600.0,,3599.652165342471,43,1.8537721638829483,0.09302325581395349,0.18604651162790697,True,True,True,True,3
controlled/WtoH/scenarios_Work_to_home_gym__adv1_apple0_google0_samsung0_tile0__20260128_230324/scenario_tx-10s_rot-1min.csv,3,TAG_SAMSUNG,2,3600.0,,61.43028473854065,1,0.0,0.0,1.0,False,False,False,False,3
controlled/WtoH/scenarios_Work_to_home_gym__adv1_apple0_google0_samsung0_tile0__20260128_230324/scenario_tx-10s_rot-1min.csv,4,TAG_SAMSUNG,2,3600.0,,3525.150728225708,2,0.0,0.0,0.0,True,False,False,False,3
controlled/WtoH/scenarios_Work_to_home_gym__adv1_apple0_google0_samsung0_tile0__20260128_230324/scenario_tx-10s_rot-1min.csv,5,TAG_SAMSUNG,1,1800.0,,409.46272921562206,1,0.0,0.0,0.0,False,False,False,False,3
controlled/WtoH/scenarios_Work_to_home_gym__adv1_apple0_google0_samsung0_tile0__20260128_230324/scenario_tx-10s_rot-1min.csv,6,TAG_TILE,2,3600.0,,2264.1357231140137,1,0.0,0.0,0.0,True,False,False,False,3
controlled/WtoH/scenarios_Work_to_home_gym__adv1_apple0_google0_samsung0_tile0__20260128_230324/scenario_tx-10s_rot-1min.csv,7,TAG_TILE,1,1800.0,,0.0,1,0.0,0.0,0.0,False,False,False,False,3
controlled/WtoH/scenarios_Work_to_home_gym__adv1_apple0_google0_samsung0_tile0__20260128_230324/scenario_tx-10s_rot-1min.csv,8,TAG_TILE,1,1800.0,,90.08797168731644,1,0.0,0.0,0.0,False,False,False,False,3
controlled/WtoH/scenarios_Work_to_home_gym__adv1_apple0_google0_samsung0_tile0__20260128_230324/scenario_tx-10s_rot-1min.csv,2,TAG_APPLE,20,3600.0,,1528.605482339858,20,4.344025878074514,1.0,1.0,False,True,True,False,3
controlled/WtoH/scenarios_Work_to_home_gym__adv1_apple0_google0_samsung0_tile0__20260128_230324/scenario_tx-10s_rot-1min.csv,1,TAG_APPLE,40,3600.0,,1487.4612216949467,37,2.129413703281725,0.0,0.08108108108108109,False,True,True,False,3
controlled/WtoH/scenarios_Work_to_home_gym__adv1_apple0_google0_samsung0_tile0__20260128_230324/scenario_tx-10s_rot-1min.csv,0,TAG_APPLE,46,3600.0,,1467.060765266418,33,1.831509835956694,0.18181818181818182,0.21212121212121213,False,True,True,False,3
controlled/WtoH/scenarios_Work_to_home_gym__adv1_apple0_google0_samsung0_tile0__20260128_230324/scenario_tx-10s_rot-1min.csv,3,TAG_SAMSUNG,2,3600.0,,338.5737922191611,1,0.0,0.0,0.0,False,False,False,False,3
controlled/WtoH/scenarios_Work_to_home_gym__adv1_apple0_google0_samsung0_tile0__20260128_230324/scenario_tx-10s_rot-1min.csv,4,TAG_SAMSUNG,1,1800.0,,523.2575516700745,1,0.0,0.0,0.0,False,False,False,False,3
controlled/WtoH/scenarios_Work_to_home_gym__adv1_apple0_google0_samsung0_tile0__20260128_230324/scenario_tx-10s_rot-1min.csv,5,TAG_SAMSUNG,1,1800.0,,55.8650877475734,1,0.0,0.0,0.0,False,False,False,False,3
controlled/WtoH/scenarios_Work_to_home_gym__adv1_apple0_google0_samsung0_tile0__20260128_230324/scenario_tx-10s_rot-1min.csv,6,TAG_TILE,1,1800.0,,0.0,1,0.0,0.0,0.0,False,False,False,False,3
controlled/WtoH/scenarios_Work_to_home_gym__adv1_apple0_google0_samsung0_tile0__20260128_230324/scenario_tx-10s_rot-1min.csv,7,TAG_TILE,1,1800.0,,64.79512119293213,1,0.0,0.0,0.0,False,False,False,False,3
controlled/WtoH/scenarios_Work_to_home_gym__adv1_apple0_google0_samsung0_tile0__20260128_230324/scenario_tx-10s_rot-1min.csv,8,TAG_TILE,1,1800.0,,0.0,1,0.0,0.0,0.0,False,False,False,False,3
controlled/WtoH/scenarios_Work_to_home_gym__adv1_apple0_google0_samsung0_tile0__20260128_230324/scenario_tx-10s_rot-15min.csv,2,TAG_APPLE,4,3600.0,,3591.332775424651,4,2.296247592521827,1.0,1.0,True,False,True,True,3
controlled/WtoH/scenarios_Work_to_home_gym__adv1_apple0_google0_samsung0_tile0__20260128_230324/scenario_tx-10s_rot-15min.csv,0,TAG_APPLE,147,3600.0,,3595.505590438843,137,1.0812286144146634,0.0,0.0072992700729927005,True,True,True,True,3
controlled/WtoH/scenarios_Work_to_home_gym__adv1_apple0_google0_samsung0_tile0__20260128_230324/scenario_tx-10s_rot-15min.csv,1,TAG_APPLE,56,3600.0,,3599.652165342471,44,0.8789399354583869,0.0,0.022727272727272728,True,True,False,False,3
controlled/WtoH/scenarios_Work_to_home_gym__adv1_apple0_google0_samsung0_tile0__20260128_230324/scenario_tx-10s_rot-15min.csv,3,TAG_SAMSUNG,2,3600.0,,61.43028473854065,1,0.0,0.0,0.0,False,False,False,False,3
controlled/WtoH/scenarios_Work_to_home_gym__adv1_apple0_google0_samsung0_tile0__20260128_230324/scenario_tx-10s_rot-15min.csv,4,TAG_SAMSUNG,2,3600.0,,3525.150728225708,2,0.0,0.0,0.0,True,False,False,False,3
controlled/WtoH/scenarios_Work_to_home_gym__adv1_apple0_google0_samsung0_tile0__20260128_230324/scenario_tx-10s_rot-15min.csv,5,TAG_SAMSUNG,1,1800.0,,409.46272921562206,1,0.0,0.0,0.0,False,False,False,False,3
controlled/WtoH/scenarios_Work_to_home_gym__adv1_apple0_google0_samsung0_tile0__20260128_230324/scenario_tx-10s_rot-15min.csv,6,TAG_TILE,2,3600.0,,2264.1357231140137,1,0.0,0.0,0.0,True,False,False,False,3
controlled/WtoH/scenarios_Work_to_home_gym__adv1_apple0_google0_samsung0_tile0__20260128_230324/scenario_tx-10s_rot-15min.csv,7,TAG_TILE,1,1800.0,,0.0,1,0.0,0.0,0.0,False,False,False,False,3
controlled/WtoH/scenarios_Work_to_home_gym__adv1_apple0_google0_samsung0_tile0__20260128_230324/scenario_tx-10s_rot-15min.csv,8,TAG_TILE,1,1800.0,,90.08797168731644,1,0.0,0.0,0.0,False,False,False,False,3
controlled/WtoH/scenarios_Work_to_home_gym__adv1_apple0_google0_samsung0_tile0__20260128_230324/scenario_tx-10s_rot-15min.csv,0,TAG_APPLE,40,3600.0,,1403.5953497886653,28,1.0210165144971173,0.0,0.0,False,True,True,False,3
controlled/WtoH/scenarios_Work_to_home_gym__adv1_apple0_google0_samsung0_tile0__20260128_230324/scenario_tx-10s_rot-15min.csv,1,TAG_APPLE,44,3600.0,,1487.4612216949467,40,0.9821544754276414,0.0,0.025,False,True,False,False,3
controlled/WtoH/scenarios_Work_to_home_gym__adv1_apple0_google0_samsung0_tile0__20260128_230324/scenario_tx-10s_rot-15min.csv,2,TAG_APPLE,5,3600.0,,1528.605482339858,4,0.2487602922581389,0.75,0.75,False,False,False,False,3
controlled/WtoH/scenarios_Work_to_home_gym__adv1_apple0_google0_samsung0_tile0__20260128_230324/scenario_tx-10s_rot-15min.csv,3,TAG_SAMSUNG,2,3600.0,,338.5737922191611,1,0.0,0.0,0.0,False,False,False,False,3
controlled/WtoH/scenarios_Work_to_home_gym__adv1_apple0_google0_samsung0_tile0__20260128_230324/scenario_tx-10s_rot-15min.csv,4,TAG_SAMSUNG,1,1800.0,,523.2575516700745,1,0.0,0.0,0.0,False,False,False,False,3
controlled/WtoH/scenarios_Work_to_home_gym__adv1_apple0_google0_samsung0_tile0__20260128_230324/scenario_tx-10s_rot-15min.csv,5,TAG_SAMSUNG,1,1800.0,,55.8650877475734,1,0.0,0.0,0.0,False,False,False,False,3
controlled/WtoH/scenarios_Work_to_home_gym__adv1_apple0_google0_samsung0_tile0__20260128_230324/scenario_tx-10s_rot-15min.csv,6,TAG_TILE,1,1800.0,,0.0,1,0.0,0.0,0.0,False,False,False,False,3
controlled/WtoH/scenarios_Work_to_home_gym__adv1_apple0_google0_samsung0_tile0__20260128_230324/scenario_tx-10s_rot-15min.csv,7,TAG_TILE,1,1800.0,,64.79512119293213,1,0.0,0.0,0.0,False,False,False,False,3
controlled/WtoH/scenarios_Work_to_home_gym__adv1_apple0_google0_samsung0_tile0__20260128_230324/scenario_tx-10s_rot-15min.csv,8,TAG_TILE,1,1800.0,,0.0,1,0.0,0.0,0.0,False,False,False,False,3
controlled/WtoH/scenarios_Work_to_home_gym__adv1_apple0_google0_samsung0_tile0__20260128_230324/scenario_tx-1min_rot-15min.csv,0,TAG_APPLE,148,3600.0,,3595.505590438843,138,0.9843288781112989,0.0,0.007246376811594203,True,True,False,False,3
controlled/WtoH/scenarios_Work_to_home_gym__adv1_apple0_google0_samsung0_tile0__20260128_230324/scenario_tx-1min_rot-15min.csv,1,TAG_APPLE,56,3600.0,,3599.652165342471,44,0.8087532359941199,0.022727272727272728,0.022727272727272728,True,True,False,False,3
controlled/WtoH/scenarios_Work_to_home_gym__adv1_apple0_google0_samsung0_tile0__20260128_230324/scenario_tx-1min_rot-15min.csv,2,TAG_APPLE,3,3600.0,,3596.7817345368185,3,0.6161411833705076,1.0,1.0,True,False,False,False,3
controlled/WtoH/scenarios_Work_to_home_gym__adv1_apple0_google0_samsung0_tile0__20260128_230324/scenario_tx-1min_rot-15min.csv,3,TAG_SAMSUNG,2,3600.0,,61.43028473854065,1,0.0,0.0,0.0,False,False,False,False,3
controlled/WtoH/scenarios_Work_to_home_gym__adv1_apple0_google0_samsung0_tile0__20260128_230324/scenario_tx-1min_rot-15min.csv,4,TAG_SAMSUNG,2,3600.0,,3525.150728225708,2,0.0,0.0,0.0,True,False,False,False,3
controlled/WtoH/scenarios_Work_to_home_gym__adv1_apple0_google0_samsung0_tile0__20260128_230324/scenario_tx-1min_rot-15min.csv,5,TAG_SAMSUNG,1,1800.0,,409.46272921562206,1,0.0,0.0,0.0,False,False,False,False,3
controlled/WtoH/scenarios_Work_to_home_gym__adv1_apple0_google0_samsung0_tile0__20260128_230324/scenario_tx-1min_rot-15min.csv,6,TAG_TILE,2,3600.0,,2264.1357231140137,1,0.0,0.0,0.0,True,False,False,False,3
controlled/WtoH/scenarios_Work_to_home_gym__adv1_apple0_google0_samsung0_tile0__20260128_230324/scenario_tx-1min_rot-15min.csv,7,TAG_TILE,1,1800.0,,0.0,1,0.0,0.0,0.0,False,False,False,False,3
controlled/WtoH/scenarios_Work_to_home_gym__adv1_apple0_google0_samsung0_tile0__20260128_230324/scenario_tx-1min_rot-15min.csv,8,TAG_TILE,1,1800.0,,90.08797168731644,1,0.0,0.0,0.0,False,False,False,False,3
controlled/WtoH/scenarios_Work_to_home_gym__adv1_apple0_google0_samsung0_tile0__20260128_230324/scenario_tx-1min_rot-15min.csv,2,TAG_APPLE,3,3600.0,,1514.8811254501343,3,1.1156808000210665,1.0,1.0,False,False,True,False,3
controlled/WtoH/scenarios_Work_to_home_gym__adv1_apple0_google0_samsung0_tile0__20260128_230324/scenario_tx-1min_rot-15min.csv,0,TAG_APPLE,43,3600.0,,1403.5953497886653,30,1.080043522970687,0.0,0.0,False,True,True,False,3
controlled/WtoH/scenarios_Work_to_home_gym__adv1_apple0_google0_samsung0_tile0__20260128_230324/scenario_tx-1min_rot-15min.csv,1,TAG_APPLE,44,3600.0,,1487.4612216949467,40,1.017171472871306,0.0,0.0,False,True,True,False,3
controlled/WtoH/scenarios_Work_to_home_gym__adv1_apple0_google0_samsung0_tile0__20260128_230324/scenario_tx-1min_rot-15min.csv,3,TAG_SAMSUNG,2,3600.0,,338.5737922191611,1,0.0,0.0,0.0,False,False,False,False,3
controlled/WtoH/scenarios_Work_to_home_gym__adv1_apple0_google0_samsung0_tile0__20260128_230324/scenario_tx-1min_rot-15min.csv,4,TAG_SAMSUNG,1,1800.0,,523.2575516700745,1,0.0,0.0,0.0,False,False,False,False,3
controlled/WtoH/scenarios_Work_to_home_gym__adv1_apple0_google0_samsung0_tile0__20260128_230324/scenario_tx-1min_rot-15min.csv,5,TAG_SAMSUNG,1,1800.0,,55.8650877475734,1,0.0,0.0,0.0,False,False,False,False,3
controlled/WtoH/scenarios_Work_to_home_gym__adv1_apple0_google0_samsung0_tile0__20260128_230324/scenario_tx-1min_rot-15min.csv,6,TAG_TILE,1,1800.0,,0.0,1,0.0,0.0,0.0,False,False,False,False,3
controlled/WtoH/scenarios_Work_to_home_gym__adv1_apple0_google0_samsung0_tile0__20260128_230324/scenario_tx-1min_rot-15min.csv,7,TAG_TILE,1,1800.0,,64.79512119293213,1,0.0,0.0,0.0,False,False,False,False,3
controlled/WtoH/scenarios_Work_to_home_gym__adv1_apple0_google0_samsung0_tile0__20260128_230324/scenario_tx-1min_rot-15min.csv,8,TAG_TILE,1,1800.0,,0.0,1,0.0,0.0,0.0,False,False,False,False,3
controlled/WtoH/scenarios_Work_to_home_gym__adv1_apple0_google0_samsung0_tile0__20260128_230324/scenario_tx-2s_rot-15min.csv,2,TAG_APPLE,4,3600.0,,3599.45636279457,4,2.7641705626904587,1.0,1.0,True,False,True,True,3
controlled/WtoH/scenarios_Work_to_home_gym__adv1_apple0_google0_samsung0_tile0__20260128_230324/scenario_tx-2s_rot-15min.csv,0,TAG_APPLE,148,3600.0,,3595.505590438843,138,1.0765997494027157,0.007246376811594203,0.021739130434782608,True,True,True,True,3
controlled/WtoH/scenarios_Work_to_home_gym__adv1_apple0_google0_samsung0_tile0__20260128_230324/scenario_tx-2s_rot-15min.csv,1,TAG_APPLE,56,3600.0,,3599.652165342471,44,0.8817088773585573,0.0,0.0,True,True,False,False,3
controlled/WtoH/scenarios_Work_to_home_gym__adv1_apple0_google0_samsung0_tile0__20260128_230324/scenario_tx-2s_rot-15min.csv,3,TAG_SAMSUNG,2,3600.0,,61.43028473854065,1,0.0,0.0,0.0,False,False,False,False,3
controlled/WtoH/scenarios_Work_to_home_gym__adv1_apple0_google0_samsung0_tile0__20260128_230324/scenario_tx-2s_rot-15min.csv,4,TAG_SAMSUNG,2,3600.0,,3525.150728225708,2,0.0,0.0,0.0,True,False,False,False,3
controlled/WtoH/scenarios_Work_to_home_gym__adv1_apple0_google0_samsung0_tile0__20260128_230324/scenario_tx-2s_rot-15min.csv,5,TAG_SAMSUNG,1,1800.0,,409.46272921562206,1,0.0,0.0,0.0,False,False,False,False,3
controlled/WtoH/scenarios_Work_to_home_gym__adv1_apple0_google0_samsung0_tile0__20260128_230324/scenario_tx-2s_rot-15min.csv,6,TAG_TILE,2,3600.0,,2264.1357231140137,1,0.0,0.0,0.0,True,False,False,False,3
controlled/WtoH/scenarios_Work_to_home_gym__adv1_apple0_google0_samsung0_tile0__20260128_230324/scenario_tx-2s_rot-15min.csv,7,TAG_TILE,1,1800.0,,0.0,1,0.0,0.0,0.0,False,False,False,False,3
controlled/WtoH/scenarios_Work_to_home_gym__adv1_apple0_google0_samsung0_tile0__20260128_230324/scenario_tx-2s_rot-15min.csv,8,TAG_TILE,1,1800.0,,90.08797168731644,1,0.0,0.0,0.0,False,False,False,False,3
controlled/WtoH/scenarios_Work_to_home_gym__adv1_apple0_google0_samsung0_tile0__20260128_230324/scenario_tx-2s_rot-15min.csv,0,TAG_APPLE,43,3600.0,,1536.6369318962093,30,0.9743956550620385,0.03333333333333333,0.03333333333333333,False,True,False,False,3
controlled/WtoH/scenarios_Work_to_home_gym__adv1_apple0_google0_samsung0_tile0__20260128_230324/scenario_tx-2s_rot-15min.csv,1,TAG_APPLE,44,3600.0,,1487.4612216949467,40,0.9302694460878383,0.0,0.0,False,True,False,False,3
controlled/WtoH/scenarios_Work_to_home_gym__adv1_apple0_google0_samsung0_tile0__20260128_230324/scenario_tx-2s_rot-15min.csv,2,TAG_APPLE,2,3600.0,,1469.1248252391806,2,0.0,1.0,1.0,False,False,False,False,3
controlled/WtoH/scenarios_Work_to_home_gym__adv1_apple0_google0_samsung0_tile0__20260128_230324/scenario_tx-2s_rot-15min.csv,3,TAG_SAMSUNG,2,3600.0,,338.5737922191611,1,0.0,0.0,0.0,False,False,False,False,3
controlled/WtoH/scenarios_Work_to_home_gym__adv1_apple0_google0_samsung0_tile0__20260128_230324/scenario_tx-2s_rot-15min.csv,4,TAG_SAMSUNG,1,1800.0,,523.2575516700745,1,0.0,0.0,0.0,False,False,False,False,3
controlled/WtoH/scenarios_Work_to_home_gym__adv1_apple0_google0_samsung0_tile0__20260128_230324/scenario_tx-2s_rot-15min.csv,5,TAG_SAMSUNG,1,1800.0,,55.8650877475734,1,0.0,0.0,0.0,False,False,False,False,3
controlled/WtoH/scenarios_Work_to_home_gym__adv1_apple0_google0_samsung0_tile0__20260128_230324/scenario_tx-2s_rot-15min.csv,6,TAG_TILE,1,1800.0,,0.0,1,0.0,0.0,0.0,False,False,False,False,3
controlled/WtoH/scenarios_Work_to_home_gym__adv1_apple0_google0_samsung0_tile0__20260128_230324/scenario_tx-2s_rot-15min.csv,7,TAG_TILE,1,1800.0,,64.79512119293213,1,0.0,0.0,1.0,False,False,False,False,3
controlled/WtoH/scenarios_Work_to_home_gym__adv1_apple0_google0_samsung0_tile0__20260128_230324/scenario_tx-2s_rot-15min.csv,8,TAG_TILE,1,1800.0,,0.0,1,0.0,0.0,0.0,False,False,False,False,3
controlled/WtoH/scenarios_Work_to_home_gym__adv1_apple0_google0_samsung0_tile0__20260128_230324/scenario_tx-2s_rot-1min.csv,2,TAG_APPLE,53,3600.0,,3599.45636279457,52,4.713708535444749,1.0,1.0,True,True,True,True,3
controlled/WtoH/scenarios_Work_to_home_gym__adv1_apple0_google0_samsung0_tile0__20260128_230324/scenario_tx-2s_rot-1min.csv,0,TAG_APPLE,129,3600.0,,3595.505590438843,123,2.132548432308905,0.0,0.17886178861788618,True,True,True,True,3
controlled/WtoH/scenarios_Work_to_home_gym__adv1_apple0_google0_samsung0_tile0__20260128_230324/scenario_tx-2s_rot-1min.csv,1,TAG_APPLE,55,3600.0,,3599.652165342471,43,1.7089253074600148,0.18604651162790697,0.27906976744186046,True,True,True,True,3
controlled/WtoH/scenarios_Work_to_home_gym__adv1_apple0_google0_samsung0_tile0__20260128_230324/scenario_tx-2s_rot-1min.csv,3,TAG_SAMSUNG,2,3600.0,,61.43028473854065,1,0.0,0.0,0.0,False,False,False,False,3
controlled/WtoH/scenarios_Work_to_home_gym__adv1_apple0_google0_samsung0_tile0__20260128_230324/scenario_tx-2s_rot-1min.csv,4,TAG_SAMSUNG,2,3600.0,,3525.150728225708,2,0.0,0.0,0.5,True,False,False,False,3
controlled/WtoH/scenarios_Work_to_home_gym__adv1_apple0_google0_samsung0_tile0__20260128_230324/scenario_tx-2s_rot-1min.csv,5,TAG_SAMSUNG,1,1800.0,,409.46272921562206,1,0.0,0.0,1.0,False,False,False,False,3
controlled/WtoH/scenarios_Work_to_home_gym__adv1_apple0_google0_samsung0_tile0__20260128_230324/scenario_tx-2s_rot-1min.csv,6,TAG_TILE,2,3600.0,,2264.1357231140137,1,0.0,0.0,1.0,True,False,False,False,3
controlled/WtoH/scenarios_Work_to_home_gym__adv1_apple0_google0_samsung0_tile0__20260128_230324/scenario_tx-2s_rot-1min.csv,7,TAG_TILE,1,1800.0,,0.0,1,0.0,0.0,0.0,False,False,False,False,3
controlled/WtoH/scenarios_Work_to_home_gym__adv1_apple0_google0_samsung0_tile0__20260128_230324/scenario_tx-2s_rot-1min.csv,8,TAG_TILE,1,1800.0,,90.08797168731644,1,0.0,0.0,0.0,False,False,False,False,3
controlled/WtoH/scenarios_Work_to_home_gym__adv1_apple0_google0_samsung0_tile0__20260128_230324/scenario_tx-2s_rot-1min.csv,2,TAG_APPLE,24,3600.0,,1535.646794795989,24,5.553300140067168,1.0,1.0,False,True,True,False,3
controlled/WtoH/scenarios_Work_to_home_gym__adv1_apple0_google0_samsung0_tile0__20260128_230324/scenario_tx-2s_rot-1min.csv,0,TAG_APPLE,43,3600.0,,1403.5953497886653,30,2.054448421262112,0.06666666666666667,0.13333333333333333,False,True,True,False,3
controlled/WtoH/scenarios_Work_to_home_gym__adv1_apple0_google0_samsung0_tile0__20260128_230324/scenario_tx-2s_rot-1min.csv,1,TAG_APPLE,41,3600.0,,1487.4612216949467,38,1.9867596466118962,0.0,0.10526315789473684,False,True,True,False,3
controlled/WtoH/scenarios_Work_to_home_gym__adv1_apple0_google0_samsung0_tile0__20260128_230324/scenario_tx-2s_rot-1min.csv,3,TAG_SAMSUNG,2,3600.0,,338.5737922191611,1,0.0,0.0,0.0,False,False,False,False,3
controlled/WtoH/scenarios_Work_to_home_gym__adv1_apple0_google0_samsung0_tile0__20260128_230324/scenario_tx-2s_rot-1min.csv,4,TAG_SAMSUNG,1,1800.0,,523.2575516700745,1,0.0,0.0,1.0,False,False,False,False,3
controlled/WtoH/scenarios_Work_to_home_gym__adv1_apple0_google0_samsung0_tile0__20260128_230324/scenario_tx-2s_rot-1min.csv,5,TAG_SAMSUNG,1,1800.0,,55.8650877475734,1,0.0,0.0,0.0,False,False,False,False,3
controlled/WtoH/scenarios_Work_to_home_gym__adv1_apple0_google0_samsung0_tile0__20260128_230324/scenario_tx-2s_rot-1min.csv,6,TAG_TILE,1,1800.0,,0.0,1,0.0,0.0,0.0,False,False,False,False,3
controlled/WtoH/scenarios_Work_to_home_gym__adv1_apple0_google0_samsung0_tile0__20260128_230324/scenario_tx-2s_rot-1min.csv,7,TAG_TILE,1,1800.0,,64.79512119293213,1,0.0,0.0,0.0,False,False,False,False,3
controlled/WtoH/scenarios_Work_to_home_gym__adv1_apple0_google0_samsung0_tile0__20260128_230324/scenario_tx-2s_rot-1min.csv,8,TAG_TILE,1,1800.0,,0.0,1,0.0,0.0,0.0,False,False,False,False,3
controlled/WtoH/scenarios_Work_to_home_gym__adv1_apple0_google0_samsung0_tile0__20260128_230324/scenario_tx-2s_rot-30s.csv,2,TAG_APPLE,82,3600.0,,3599.45636279457,81,4.835834449655869,1.0,1.0,True,True,True,True,3
controlled/WtoH/scenarios_Work_to_home_gym__adv1_apple0_google0_samsung0_tile0__20260128_230324/scenario_tx-2s_rot-30s.csv,0,TAG_APPLE,135,3600.0,,3594.4588239192963,127,2.20821580636056,0.15748031496062992,0.49606299212598426,True,True,True,True,3
controlled/WtoH/scenarios_Work_to_home_gym__adv1_apple0_google0_samsung0_tile0__20260128_230324/scenario_tx-2s_rot-30s.csv,1,TAG_APPLE,58,3600.0,,3599.652165342471,46,1.7661038119409074,0.41304347826086957,0.6086956521739131,True,True,True,True,3
controlled/WtoH/scenarios_Work_to_home_gym__adv1_apple0_google0_samsung0_tile0__20260128_230324/scenario_tx-2s_rot-30s.csv,3,TAG_SAMSUNG,2,3600.0,,61.43028473854065,1,0.0,0.0,1.0,False,False,False,False,3
controlled/WtoH/scenarios_Work_to_home_gym__adv1_apple0_google0_samsung0_tile0__20260128_230324/scenario_tx-2s_rot-30s.csv,4,TAG_SAMSUNG,2,3600.0,,3525.150728225708,2,0.0,0.0,1.0,True,False,False,False,3
controlled/WtoH/scenarios_Work_to_home_gym__adv1_apple0_google0_samsung0_tile0__20260128_230324/scenario_tx-2s_rot-30s.csv,5,TAG_SAMSUNG,1,1800.0,,409.46272921562206,1,0.0,0.0,1.0,False,False,False,False,3
controlled/WtoH/scenarios_Work_to_home_gym__adv1_apple0_google0_samsung0_tile0__20260128_230324/scenario_tx-2s_rot-30s.csv,6,TAG_TILE,2,3600.0,,2264.1357231140137,1,0.0,0.0,1.0,True,False,False,False,3
controlled/WtoH/scenarios_Work_to_home_gym__adv1_apple0_google0_samsung0_tile0__20260128_230324/scenario_tx-2s_rot-30s.csv,7,TAG_TILE,1,1800.0,,0.0,1,0.0,0.0,1.0,False,False,False,False,3
controlled/WtoH/scenarios_Work_to_home_gym__adv1_apple0_google0_samsung0_tile0__20260128_230324/scenario_tx-2s_rot-30s.csv,8,TAG_TILE,1,1800.0,,90.08797168731644,1,0.0,0.0,1.0,False,False,False,False,3
controlled/WtoH/scenarios_Work_to_home_gym__adv1_apple0_google0_samsung0_tile0__20260128_230324/scenario_tx-2s_rot-30s.csv,2,TAG_APPLE,44,3600.0,,1466.0706281661978,44,5.560614210622491,1.0,1.0,False,True,True,False,3
controlled/WtoH/scenarios_Work_to_home_gym__adv1_apple0_google0_samsung0_tile0__20260128_230324/scenario_tx-2s_rot-30s.csv,0,TAG_APPLE,52,3600.0,,1533.66211104393,43,2.4109537665793903,0.023255813953488372,0.09302325581395349,False,True,True,False,3
controlled/WtoH/scenarios_Work_to_home_gym__adv1_apple0_google0_samsung0_tile0__20260128_230324/scenario_tx-2s_rot-30s.csv,1,TAG_APPLE,29,3600.0,,1536.6369318962093,19,2.3056749269305192,0.3157894736842105,0.3157894736842105,False,True,True,False,3
controlled/WtoH/scenarios_Work_to_home_gym__adv1_apple0_google0_samsung0_tile0__20260128_230324/scenario_tx-2s_rot-30s.csv,3,TAG_SAMSUNG,2,3600.0,,338.5737922191611,1,0.0,0.0,0.0,False,False,False,False,3
controlled/WtoH/scenarios_Work_to_home_gym__adv1_apple0_google0_samsung0_tile0__20260128_230324/scenario_tx-2s_rot-30s.csv,4,TAG_SAMSUNG,1,1800.0,,523.2575516700745,1,0.0,0.0,1.0,False,False,False,False,3
controlled/WtoH/scenarios_Work_to_home_gym__adv1_apple0_google0_samsung0_tile0__20260128_230324/scenario_tx-2s_rot-30s.csv,5,TAG_SAMSUNG,1,1800.0,,55.8650877475734,1,0.0,0.0,0.0,False,False,False,False,3
controlled/WtoH/scenarios_Work_to_home_gym__adv1_apple0_google0_samsung0_tile0__20260128_230324/scenario_tx-2s_rot-30s.csv,6,TAG_TILE,1,1800.0,,0.0,1,0.0,0.0,0.0,False,False,False,False,3
controlled/WtoH/scenarios_Work_to_home_gym__adv1_apple0_google0_samsung0_tile0__20260128_230324/scenario_tx-2s_rot-30s.csv,7,TAG_TILE,1,1800.0,,64.79512119293213,1,0.0,0.0,0.0,False,False,False,False,3
controlled/WtoH/scenarios_Work_to_home_gym__adv1_apple0_google0_samsung0_tile0__20260128_230324/scenario_tx-2s_rot-30s.csv,8,TAG_TILE,1,1800.0,,0.0,1,0.0,0.0,0.0,False,False,False,False,3
controlled/WtoH/scenarios_Work_to_home_gym__adv1_apple0_google0_samsung0_tile0__20260128_230324/scenario_tx-10s_rot-30s.csv,0,TAG_APPLE,121,3600.0,,3593.57054066658,114,2.557099953077519,0.12280701754385964,0.4824561403508772,True,True,True,True,3
controlled/WtoH/scenarios_Work_to_home_gym__adv1_apple0_google0_samsung0_tile0__20260128_230324/scenario_tx-10s_rot-30s.csv,1,TAG_APPLE,55,3600.0,,3599.652165342471,43,2.3646547357735614,0.32558139534883723,0.46511627906976744,True,True,True,True,3
controlled/WtoH/scenarios_Work_to_home_gym__adv1_apple0_google0_samsung0_tile0__20260128_230324/scenario_tx-10s_rot-30s.csv,2,TAG_APPLE,92,3600.0,,3599.20579225891,92,2.3514884141416172,1.0,1.0,True,True,True,True,3
controlled/WtoH/scenarios_Work_to_home_gym__adv1_apple0_google0_samsung0_tile0__20260128_230324/scenario_tx-10s_rot-30s.csv,3,TAG_SAMSUNG,2,3600.0,,61.43028473854065,1,0.0,0.0,1.0,False,False,False,False,3
controlled/WtoH/scenarios_Work_to_home_gym__adv1_apple0_google0_samsung0_tile0__20260128_230324/scenario_tx-10s_rot-30s.csv,4,TAG_SAMSUNG,2,3600.0,,3525.150728225708,2,0.0,0.0,1.0,True,False,False,False,3
controlled/WtoH/scenarios_Work_to_home_gym__adv1_apple0_google0_samsung0_tile0__20260128_230324/scenario_tx-10s_rot-30s.csv,5,TAG_SAMSUNG,1,1800.0,,409.46272921562206,1,0.0,0.0,1.0,False,False,False,False,3
controlled/WtoH/scenarios_Work_to_home_gym__adv1_apple0_google0_samsung0_tile0__20260128_230324/scenario_tx-10s_rot-30s.csv,6,TAG_TILE,2,3600.0,,2264.1357231140137,1,0.0,0.0,1.0,True,False,False,False,3
controlled/WtoH/scenarios_Work_to_home_gym__adv1_apple0_google0_samsung0_tile0__20260128_230324/scenario_tx-10s_rot-30s.csv,7,TAG_TILE,1,1800.0,,0.0,1,0.0,0.0,0.0,False,False,False,False,3
controlled/WtoH/scenarios_Work_to_home_gym__adv1_apple0_google0_samsung0_tile0__20260128_230324/scenario_tx-10s_rot-30s.csv,8,TAG_TILE,1,1800.0,,90.08797168731644,1,0.0,0.0,1.0,False,False,False,False,3
controlled/WtoH/scenarios_Work_to_home_gym__adv1_apple0_google0_samsung0_tile0__20260128_230324/scenario_tx-10s_rot-30s.csv,0,TAG_APPLE,52,3600.0,,1533.66211104393,45,2.5209622527849023,0.0,0.13333333333333333,False,True,True,False,3
controlled/WtoH/scenarios_Work_to_home_gym__adv1_apple0_google0_samsung0_tile0__20260128_230324/scenario_tx-10s_rot-30s.csv,2,TAG_APPLE,44,3600.0,,1528.605482339858,44,2.482745549757651,1.0,1.0,False,True,True,False,3
controlled/WtoH/scenarios_Work_to_home_gym__adv1_apple0_google0_samsung0_tile0__20260128_230324/scenario_tx-10s_rot-30s.csv,1,TAG_APPLE,28,3600.0,,1409.1880855560298,18,2.4049752862238756,0.2777777777777778,0.3333333333333333,False,True,True,False,3
controlled/WtoH/scenarios_Work_to_home_gym__adv1_apple0_google0_samsung0_tile0__20260128_230324/scenario_tx-10s_rot-30s.csv,3,TAG_SAMSUNG,2,3600.0,,338.5737922191611,1,0.0,0.0,0.0,False,False,False,False,3
controlled/WtoH/scenarios_Work_to_home_gym__adv1_apple0_google0_samsung0_tile0__20260128_230324/scenario_tx-10s_rot-30s.csv,4,TAG_SAMSUNG,1,1800.0,,523.2575516700745,1,0.0,0.0,1.0,False,False,False,False,3
controlled/WtoH/scenarios_Work_to_home_gym__adv1_apple0_google0_samsung0_tile0__20260128_230324/scenario_tx-10s_rot-30s.csv,5,TAG_SAMSUNG,1,1800.0,,55.8650877475734,1,0.0,0.0,0.0,False,False,False,False,3
controlled/WtoH/scenarios_Work_to_home_gym__adv1_apple0_google0_samsung0_tile0__20260128_230324/scenario_tx-10s_rot-30s.csv,6,TAG_TILE,1,1800.0,,0.0,1,0.0,0.0,1.0,False,False,False,False,3
controlled/WtoH/scenarios_Work_to_home_gym__adv1_apple0_google0_samsung0_tile0__20260128_230324/scenario_tx-10s_rot-30s.csv,7,TAG_TILE,1,1800.0,,64.79512119293213,1,0.0,0.0,0.0,False,False,False,False,3
controlled/WtoH/scenarios_Work_to_home_gym__adv1_apple0_google0_samsung0_tile0__20260128_230324/scenario_tx-10s_rot-30s.csv,8,TAG_TILE,1,1800.0,,0.0,1,0.0,0.0,1.0,False,False,False,False,3
controlled/WtoH/scenarios_Work_to_home_gym__adv1_apple0_google0_samsung0_tile0__20260128_230324/scenario_tx-1min_rot-5min.csv,2,TAG_APPLE,9,3600.0,,3262.530773639679,9,2.1398977842885487,1.0,1.0,True,False,True,True,3
controlled/WtoH/scenarios_Work_to_home_gym__adv1_apple0_google0_samsung0_tile0__20260128_230324/scenario_tx-1min_rot-5min.csv,0,TAG_APPLE,154,3600.0,,3599.20579225891,144,1.3731762700036396,0.013888888888888888,0.027777777777777776,True,True,True,True,3
controlled/WtoH/scenarios_Work_to_home_gym__adv1_apple0_google0_samsung0_tile0__20260128_230324/scenario_tx-1min_rot-5min.csv,1,TAG_APPLE,50,3600.0,,3599.652165342471,39,1.1263461415708167,0.02564102564102564,0.10256410256410256,True,True,True,True,3
controlled/WtoH/scenarios_Work_to_home_gym__adv1_apple0_google0_samsung0_tile0__20260128_230324/scenario_tx-1min_rot-5min.csv,3,TAG_SAMSUNG,2,3600.0,,61.43028473854065,1,0.0,0.0,0.0,False,False,False,False,3
controlled/WtoH/scenarios_Work_to_home_gym__adv1_apple0_google0_samsung0_tile0__20260128_230324/scenario_tx-1min_rot-5min.csv,4,TAG_SAMSUNG,2,3600.0,,3525.150728225708,2,0.0,0.0,0.0,True,False,False,False,3
controlled/WtoH/scenarios_Work_to_home_gym__adv1_apple0_google0_samsung0_tile0__20260128_230324/scenario_tx-1min_rot-5min.csv,5,TAG_SAMSUNG,1,1800.0,,409.46272921562206,1,0.0,0.0,0.0,False,False,False,False,3
controlled/WtoH/scenarios_Work_to_home_gym__adv1_apple0_google0_samsung0_tile0__20260128_230324/scenario_tx-1min_rot-5min.csv,6,TAG_TILE,2,3600.0,,2264.1357231140137,1,0.0,0.0,0.0,True,False,False,False,3
controlled/WtoH/scenarios_Work_to_home_gym__adv1_apple0_google0_samsung0_tile0__20260128_230324/scenario_tx-1min_rot-5min.csv,7,TAG_TILE,1,1800.0,,0.0,1,0.0,0.0,0.0,False,False,False,False,3
controlled/WtoH/scenarios_Work_to_home_gym__adv1_apple0_google0_samsung0_tile0__20260128_230324/scenario_tx-1min_rot-5min.csv,8,TAG_TILE,1,1800.0,,90.08797168731644,1,0.0,0.0,0.0,False,False,False,False,3
controlled/WtoH/scenarios_Work_to_home_gym__adv1_apple0_google0_samsung0_tile0__20260128_230324/scenario_tx-1min_rot-5min.csv,2,TAG_APPLE,6,3600.0,,1514.8811254501343,6,2.130555422147404,1.0,1.0,False,False,True,False,3
controlled/WtoH/scenarios_Work_to_home_gym__adv1_apple0_google0_samsung0_tile0__20260128_230324/scenario_tx-1min_rot-5min.csv,0,TAG_APPLE,57,3600.0,,1533.66211104393,48,1.39729379715092,0.0,0.0,False,True,True,False,3
controlled/WtoH/scenarios_Work_to_home_gym__adv1_apple0_google0_samsung0_tile0__20260128_230324/scenario_tx-1min_rot-5min.csv,1,TAG_APPLE,29,3600.0,,904.0408866405478,19,1.346094772229227,0.0,0.0,False,True,True,False,3
controlled/WtoH/scenarios_Work_to_home_gym__adv1_apple0_google0_samsung0_tile0__20260128_230324/scenario_tx-1min_rot-5min.csv,3,TAG_SAMSUNG,2,3600.0,,338.5737922191611,1,0.0,0.0,0.0,False,False,False,False,3
controlled/WtoH/scenarios_Work_to_home_gym__adv1_apple0_google0_samsung0_tile0__20260128_230324/scenario_tx-1min_rot-5min.csv,4,TAG_SAMSUNG,1,1800.0,,523.2575516700745,1,0.0,0.0,0.0,False,False,False,False,3
controlled/WtoH/scenarios_Work_to_home_gym__adv1_apple0_google0_samsung0_tile0__20260128_230324/scenario_tx-1min_rot-5min.csv,5,TAG_SAMSUNG,1,1800.0,,55.8650877475734,1,0.0,0.0,0.0,False,False,False,False,3
controlled/WtoH/scenarios_Work_to_home_gym__adv1_apple0_google0_samsung0_tile0__20260128_230324/scenario_tx-1min_rot-5min.csv,6,TAG_TILE,1,1800.0,,0.0,1,0.0,0.0,0.0,False,False,False,False,3
controlled/WtoH/scenarios_Work_to_home_gym__adv1_apple0_google0_samsung0_tile0__20260128_230324/scenario_tx-1min_rot-5min.csv,7,TAG_TILE,1,1800.0,,64.79512119293213,1,0.0,0.0,0.0,False,False,False,False,3
controlled/WtoH/scenarios_Work_to_home_gym__adv1_apple0_google0_samsung0_tile0__20260128_230324/scenario_tx-1min_rot-5min.csv,8,TAG_TILE,1,1800.0,,0.0,1,0.0,0.0,0.0,False,False,False,False,3
controlled/WtoH/scenarios_Work_to_home_gym__adv1_apple0_google0_samsung0_tile0__20260128_230324/scenario_tx-30s_rot-15min.csv,0,TAG_APPLE,154,3600.0,,3598.963350092607,142,0.9540181470031043,0.0,0.007042253521126761,True,True,False,False,3
controlled/WtoH/scenarios_Work_to_home_gym__adv1_apple0_google0_samsung0_tile0__20260128_230324/scenario_tx-30s_rot-15min.csv,1,TAG_APPLE,49,3600.0,,3599.652165342471,38,0.7770155861089373,0.02631578947368421,0.02631578947368421,True,True,False,False,3
controlled/WtoH/scenarios_Work_to_home_gym__adv1_apple0_google0_samsung0_tile0__20260128_230324/scenario_tx-30s_rot-15min.csv,2,TAG_APPLE,3,3600.0,,2664.4085812568665,3,0.6110042457244678,1.0,1.0,True,False,False,False,3
controlled/WtoH/scenarios_Work_to_home_gym__adv1_apple0_google0_samsung0_tile0__20260128_230324/scenario_tx-30s_rot-15min.csv,3,TAG_SAMSUNG,2,3600.0,,61.43028473854065,1,0.0,0.0,0.0,False,False,False,False,3
controlled/WtoH/scenarios_Work_to_home_gym__adv1_apple0_google0_samsung0_tile0__20260128_230324/scenario_tx-30s_rot-15min.csv,4,TAG_SAMSUNG,2,3600.0,,3525.150728225708,2,0.0,0.0,0.0,True,False,False,False,3
controlled/WtoH/scenarios_Work_to_home_gym__adv1_apple0_google0_samsung0_tile0__20260128_230324/scenario_tx-30s_rot-15min.csv,5,TAG_SAMSUNG,1,1800.0,,409.46272921562206,1,0.0,0.0,0.0,False,False,False,False,3
controlled/WtoH/scenarios_Work_to_home_gym__adv1_apple0_google0_samsung0_tile0__20260128_230324/scenario_tx-30s_rot-15min.csv,6,TAG_TILE,2,3600.0,,2264.1357231140137,1,0.0,0.0,0.0,True,False,False,False,3
controlled/WtoH/scenarios_Work_to_home_gym__adv1_apple0_google0_samsung0_tile0__20260128_230324/scenario_tx-30s_rot-15min.csv,7,TAG_TILE,1,1800.0,,0.0,1,0.0,0.0,0.0,False,False,False,False,3
controlled/WtoH/scenarios_Work_to_home_gym__adv1_apple0_google0_samsung0_tile0__20260128_230324/scenario_tx-30s_rot-15min.csv,8,TAG_TILE,1,1800.0,,90.08797168731644,1,0.0,0.0,0.0,False,False,False,False,3
controlled/WtoH/scenarios_Work_to_home_gym__adv1_apple0_google0_samsung0_tile0__20260128_230324/scenario_tx-30s_rot-15min.csv,2,TAG_APPLE,3,3600.0,,1520.5051968097687,3,1.1757424386927,1.0,1.0,False,False,True,False,3
controlled/WtoH/scenarios_Work_to_home_gym__adv1_apple0_google0_samsung0_tile0__20260128_230324/scenario_tx-30s_rot-15min.csv,0,TAG_APPLE,43,3600.0,,1403.5953497886653,30,1.0798783379918524,0.0,0.0,False,True,True,False,3
controlled/WtoH/scenarios_Work_to_home_gym__adv1_apple0_google0_samsung0_tile0__20260128_230324/scenario_tx-30s_rot-15min.csv,1,TAG_APPLE,44,3600.0,,1487.4612216949467,40,1.0286211992980947,0.0,0.0,False,True,True,False,3
controlled/WtoH/scenarios_Work_to_home_gym__adv1_apple0_google0_samsung0_tile0__20260128_230324/scenario_tx-30s_rot-15min.csv,3,TAG_SAMSUNG,2,3600.0,,338.5737922191611,1,0.0,0.0,0.0,False,False,False,False,3
controlled/WtoH/scenarios_Work_to_home_gym__adv1_apple0_google0_samsung0_tile0__20260128_230324/scenario_tx-30s_rot-15min.csv,4,TAG_SAMSUNG,1,1800.0,,523.2575516700745,1,0.0,0.0,0.0,False,False,False,False,3
controlled/WtoH/scenarios_Work_to_home_gym__adv1_apple0_google0_samsung0_tile0__20260128_230324/scenario_tx-30s_rot-15min.csv,5,TAG_SAMSUNG,1,1800.0,,55.8650877475734,1,0.0,0.0,0.0,False,False,False,False,3
controlled/WtoH/scenarios_Work_to_home_gym__adv1_apple0_google0_samsung0_tile0__20260128_230324/scenario_tx-30s_rot-15min.csv,6,TAG_TILE,1,1800.0,,0.0,1,0.0,0.0,0.0,False,False,False,False,3
controlled/WtoH/scenarios_Work_to_home_gym__adv1_apple0_google0_samsung0_tile0__20260128_230324/scenario_tx-30s_rot-15min.csv,7,TAG_TILE,1,1800.0,,64.79512119293213,1,0.0,0.0,0.0,False,False,False,False,3
controlled/WtoH/scenarios_Work_to_home_gym__adv1_apple0_google0_samsung0_tile0__20260128_230324/scenario_tx-30s_rot-15min.csv,8,TAG_TILE,1,1800.0,,0.0,1,0.0,0.0,0.0,False,False,False,False,3
controlled/WtoH/scenarios_Work_to_home_gym__adv1_apple0_google0_samsung0_tile0__20260128_230324/scenario_tx-15s_rot-1min.csv,0,TAG_APPLE,138,3600.0,,3595.505590438843,128,2.229432802197704,0.03125,0.203125,True,True,True,True,3
controlled/WtoH/scenarios_Work_to_home_gym__adv1_apple0_google0_samsung0_tile0__20260128_230324/scenario_tx-15s_rot-1min.csv,2,TAG_APPLE,50,3600.0,,3591.332775424651,50,2.1190462875576936,1.0,1.0,True,True,True,True,3
controlled/WtoH/scenarios_Work_to_home_gym__adv1_apple0_google0_samsung0_tile0__20260128_230324/scenario_tx-15s_rot-1min.csv,1,TAG_APPLE,52,3600.0,,3599.652165342471,40,1.6414263030598215,0.15,0.25,True,True,True,True,3
controlled/WtoH/scenarios_Work_to_home_gym__adv1_apple0_google0_samsung0_tile0__20260128_230324/scenario_tx-15s_rot-1min.csv,3,TAG_SAMSUNG,2,3600.0,,61.43028473854065,1,0.0,0.0,0.0,False,False,False,False,3
controlled/WtoH/scenarios_Work_to_home_gym__adv1_apple0_google0_samsung0_tile0__20260128_230324/scenario_tx-15s_rot-1min.csv,4,TAG_SAMSUNG,2,3600.0,,3525.150728225708,2,0.0,0.0,1.0,True,False,False,False,3
controlled/WtoH/scenarios_Work_to_home_gym__adv1_apple0_google0_samsung0_tile0__20260128_230324/scenario_tx-15s_rot-1min.csv,5,TAG_SAMSUNG,1,1800.0,,409.46272921562206,1,0.0,0.0,0.0,False,False,False,False,3
controlled/WtoH/scenarios_Work_to_home_gym__adv1_apple0_google0_samsung0_tile0__20260128_230324/scenario_tx-15s_rot-1min.csv,6,TAG_TILE,2,3600.0,,2264.1357231140137,1,0.0,0.0,0.0,True,False,False,False,3
controlled/WtoH/scenarios_Work_to_home_gym__adv1_apple0_google0_samsung0_tile0__20260128_230324/scenario_tx-15s_rot-1min.csv,7,TAG_TILE,1,1800.0,,0.0,1,0.0,0.0,1.0,False,False,False,False,3
controlled/WtoH/scenarios_Work_to_home_gym__adv1_apple0_google0_samsung0_tile0__20260128_230324/scenario_tx-15s_rot-1min.csv,8,TAG_TILE,1,1800.0,,90.08797168731644,1,0.0,0.0,0.0,False,False,False,False,3
controlled/WtoH/scenarios_Work_to_home_gym__adv1_apple0_google0_samsung0_tile0__20260128_230324/scenario_tx-15s_rot-1min.csv,2,TAG_APPLE,24,3600.0,,1528.605482339858,24,3.7897076587096397,1.0,1.0,False,True,True,False,3
controlled/WtoH/scenarios_Work_to_home_gym__adv1_apple0_google0_samsung0_tile0__20260128_230324/scenario_tx-15s_rot-1min.csv,0,TAG_APPLE,59,3600.0,,1533.66211104393,50,2.2561565204235516,0.0,0.1,False,True,True,False,3
controlled/WtoH/scenarios_Work_to_home_gym__adv1_apple0_google0_samsung0_tile0__20260128_230324/scenario_tx-15s_rot-1min.csv,1,TAG_APPLE,28,3600.0,,1373.4293510913844,18,1.8516046950108755,0.1111111111111111,0.16666666666666666,False,True,True,False,3
controlled/WtoH/scenarios_Work_to_home_gym__adv1_apple0_google0_samsung0_tile0__20260128_230324/scenario_tx-15s_rot-1min.csv,3,TAG_SAMSUNG,2,3600.0,,338.5737922191611,1,0.0,0.0,0.0,False,False,False,False,3
controlled/WtoH/scenarios_Work_to_home_gym__adv1_apple0_google0_samsung0_tile0__20260128_230324/scenario_tx-15s_rot-1min.csv,4,TAG_SAMSUNG,1,1800.0,,523.2575516700745,1,0.0,0.0,0.0,False,False,False,False,3
controlled/WtoH/scenarios_Work_to_home_gym__adv1_apple0_google0_samsung0_tile0__20260128_230324/scenario_tx-15s_rot-1min.csv,5,TAG_SAMSUNG,1,1800.0,,55.8650877475734,1,0.0,0.0,1.0,False,False,False,False,3
controlled/WtoH/scenarios_Work_to_home_gym__adv1_apple0_google0_samsung0_tile0__20260128_230324/scenario_tx-15s_rot-1min.csv,6,TAG_TILE,1,1800.0,,0.0,1,0.0,0.0,0.0,False,False,False,False,3
controlled/WtoH/scenarios_Work_to_home_gym__adv1_apple0_google0_samsung0_tile0__20260128_230324/scenario_tx-15s_rot-1min.csv,7,TAG_TILE,1,1800.0,,64.79512119293213,1,0.0,0.0,0.0,False,False,False,False,3
controlled/WtoH/scenarios_Work_to_home_gym__adv1_apple0_google0_samsung0_tile0__20260128_230324/scenario_tx-15s_rot-1min.csv,8,TAG_TILE,1,1800.0,,0.0,1,0.0,0.0,0.0,False,False,False,False,3
controlled/WtoH/scenarios_Work_to_home_gym__adv1_apple0_google0_samsung0_tile0__20260128_230324/scenario_tx-1min_rot-1min.csv,1,TAG_APPLE,126,3600.0,,3599.20579225891,119,1.894335894085617,0.09243697478991597,0.21008403361344538,True,True,True,True,3
controlled/WtoH/scenarios_Work_to_home_gym__adv1_apple0_google0_samsung0_tile0__20260128_230324/scenario_tx-1min_rot-1min.csv,2,TAG_APPLE,37,3600.0,,3468.631505489349,37,1.8801693556236696,1.0,1.0,True,True,True,True,3
controlled/WtoH/scenarios_Work_to_home_gym__adv1_apple0_google0_samsung0_tile0__20260128_230324/scenario_tx-1min_rot-1min.csv,0,TAG_APPLE,72,3600.0,,3599.652165342471,57,1.6722302898999613,0.17543859649122806,0.2807017543859649,True,True,True,True,3
controlled/WtoH/scenarios_Work_to_home_gym__adv1_apple0_google0_samsung0_tile0__20260128_230324/scenario_tx-1min_rot-1min.csv,3,TAG_SAMSUNG,2,3600.0,,61.43028473854065,1,0.0,0.0,1.0,False,False,False,False,3
controlled/WtoH/scenarios_Work_to_home_gym__adv1_apple0_google0_samsung0_tile0__20260128_230324/scenario_tx-1min_rot-1min.csv,4,TAG_SAMSUNG,2,3600.0,,3525.150728225708,2,0.0,0.0,0.5,True,False,False,False,3
controlled/WtoH/scenarios_Work_to_home_gym__adv1_apple0_google0_samsung0_tile0__20260128_230324/scenario_tx-1min_rot-1min.csv,5,TAG_SAMSUNG,1,1800.0,,409.46272921562206,1,0.0,0.0,0.0,False,False,False,False,3
controlled/WtoH/scenarios_Work_to_home_gym__adv1_apple0_google0_samsung0_tile0__20260128_230324/scenario_tx-1min_rot-1min.csv,6,TAG_TILE,2,3600.0,,2264.1357231140137,1,0.0,0.0,0.0,True,False,False,False,3
controlled/WtoH/scenarios_Work_to_home_gym__adv1_apple0_google0_samsung0_tile0__20260128_230324/scenario_tx-1min_rot-1min.csv,7,TAG_TILE,1,1800.0,,0.0,1,0.0,0.0,1.0,False,False,False,False,3
controlled/WtoH/scenarios_Work_to_home_gym__adv1_apple0_google0_samsung0_tile0__20260128_230324/scenario_tx-1min_rot-1min.csv,8,TAG_TILE,1,1800.0,,90.08797168731644,1,0.0,0.0,1.0,False,False,False,False,3
controlled/WtoH/scenarios_Work_to_home_gym__adv1_apple0_google0_samsung0_tile0__20260128_230324/scenario_tx-1min_rot-1min.csv,1,TAG_APPLE,22,3600.0,,1389.5413265228271,22,2.781413284453089,1.0,1.0,False,True,True,False,3
controlled/WtoH/scenarios_Work_to_home_gym__adv1_apple0_google0_samsung0_tile0__20260128_230324/scenario_tx-1min_rot-1min.csv,0,TAG_APPLE,59,3600.0,,1533.66211104393,50,2.1863458107374703,0.02,0.1,False,True,True,False,3
controlled/WtoH/scenarios_Work_to_home_gym__adv1_apple0_google0_samsung0_tile0__20260128_230324/scenario_tx-1min_rot-1min.csv,2,TAG_APPLE,28,3600.0,,1534.527884483337,18,2.0256762828070123,0.1111111111111111,0.16666666666666666,False,True,True,False,3
controlled/WtoH/scenarios_Work_to_home_gym__adv1_apple0_google0_samsung0_tile0__20260128_230324/scenario_tx-1min_rot-1min.csv,3,TAG_SAMSUNG,2,3600.0,,338.5737922191611,1,0.0,0.0,1.0,False,False,False,False,3
controlled/WtoH/scenarios_Work_to_home_gym__adv1_apple0_google0_samsung0_tile0__20260128_230324/scenario_tx-1min_rot-1min.csv,4,TAG_SAMSUNG,1,1800.0,,523.2575516700745,1,0.0,0.0,1.0,False,False,False,False,3
controlled/WtoH/scenarios_Work_to_home_gym__adv1_apple0_google0_samsung0_tile0__20260128_230324/scenario_tx-1min_rot-1min.csv,5,TAG_SAMSUNG,1,1800.0,,55.8650877475734,1,0.0,0.0,0.0,False,False,False,False,3
controlled/WtoH/scenarios_Work_to_home_gym__adv1_apple0_google0_samsung0_tile0__20260128_230324/scenario_tx-1min_rot-1min.csv,6,TAG_TILE,1,1800.0,,0.0,1,0.0,0.0,0.0,False,False,False,False,3
controlled/WtoH/scenarios_Work_to_home_gym__adv1_apple0_google0_samsung0_tile0__20260128_230324/scenario_tx-1min_rot-1min.csv,7,TAG_TILE,1,1800.0,,64.79512119293213,1,0.0,0.0,0.0,False,False,False,False,3
controlled/WtoH/scenarios_Work_to_home_gym__adv1_apple0_google0_samsung0_tile0__20260128_230324/scenario_tx-1min_rot-1min.csv,8,TAG_TILE,1,1800.0,,0.0,1,0.0,0.0,0.0,False,False,False,False,3
controlled/WtoH/scenarios_Work_to_home_gym__adv0_apple0_google0_samsung0_tile0__20260128_231212/background_only.csv,1,TAG_APPLE,16,3600.0,,3599.652165342471,11,0.7538598123519511,0.0,0.0,True,False,False,False,3
controlled/WtoH/scenarios_Work_to_home_gym__adv0_apple0_google0_samsung0_tile0__20260128_231212/background_only.csv,0,TAG_APPLE,149,3600.0,,3595.505590438843,139,0.7320516926483916,0.0,0.0,True,True,False,False,3
controlled/WtoH/scenarios_Work_to_home_gym__adv0_apple0_google0_samsung0_tile0__20260128_231212/background_only.csv,2,TAG_APPLE,40,3600.0,,3598.964714562135,33,0.7295451121350757,0.0,0.0,True,True,False,False,3
controlled/WtoH/scenarios_Work_to_home_gym__adv0_apple0_google0_samsung0_tile0__20260128_231212/background_only.csv,3,TAG_SAMSUNG,2,3600.0,,61.43028473854065,1,0.0,0.0,0.0,False,False,False,False,3
controlled/WtoH/scenarios_Work_to_home_gym__adv0_apple0_google0_samsung0_tile0__20260128_231212/background_only.csv,4,TAG_SAMSUNG,2,3600.0,,3525.150728225708,2,0.0,0.0,0.0,True,False,False,False,3
controlled/WtoH/scenarios_Work_to_home_gym__adv0_apple0_google0_samsung0_tile0__20260128_231212/background_only.csv,5,TAG_SAMSUNG,1,1800.0,,409.46272921562206,1,0.0,0.0,0.0,False,False,False,False,3
controlled/WtoH/scenarios_Work_to_home_gym__adv0_apple0_google0_samsung0_tile0__20260128_231212/background_only.csv,6,TAG_TILE,2,3600.0,,2264.1357231140137,1,0.0,0.0,0.0,True,False,False,False,3
controlled/WtoH/scenarios_Work_to_home_gym__adv0_apple0_google0_samsung0_tile0__20260128_231212/background_only.csv,7,TAG_TILE,1,1800.0,,0.0,1,0.0,0.0,0.0,False,False,False,False,3
controlled/WtoH/scenarios_Work_to_home_gym__adv0_apple0_google0_samsung0_tile0__20260128_231212/background_only.csv,8,TAG_TILE,1,1800.0,,90.08797168731644,1,0.0,0.0,0.0,False,False,False,False,3
controlled/WtoH/scenarios_Work_to_home_gym__adv0_apple0_google0_samsung0_tile0__20260128_231212/background_only.csv,0,TAG_APPLE,55,3600.0,,1533.66211104393,46,0.6666231181402956,0.0,0.0,False,True,False,False,3
controlled/WtoH/scenarios_Work_to_home_gym__adv0_apple0_google0_samsung0_tile0__20260128_231212/background_only.csv,1,TAG_APPLE,30,3600.0,,927.8968477249141,21,0.5759637551787863,0.0,0.0,False,True,False,False,3
controlled/WtoH/scenarios_Work_to_home_gym__adv0_apple0_google0_samsung0_tile0__20260128_231212/background_only.csv,2,TAG_APPLE,2,3600.0,,865.3496041297913,1,0.0,0.0,0.0,False,False,False,False,3
controlled/WtoH/scenarios_Work_to_home_gym__adv0_apple0_google0_samsung0_tile0__20260128_231212/background_only.csv,3,TAG_SAMSUNG,2,3600.0,,338.5737922191611,1,0.0,0.0,0.0,False,False,False,False,3
controlled/WtoH/scenarios_Work_to_home_gym__adv0_apple0_google0_samsung0_tile0__20260128_231212/background_only.csv,4,TAG_SAMSUNG,1,1800.0,,523.2575516700745,1,0.0,0.0,0.0,False,False,False,False,3
controlled/WtoH/scenarios_Work_to_home_gym__adv0_apple0_google0_samsung0_tile0__20260128_231212/background_only.csv,5,TAG_SAMSUNG,1,1800.0,,55.8650877475734,1,0.0,0.0,0.0,False,False,False,False,3
controlled/WtoH/scenarios_Work_to_home_gym__adv0_apple0_google0_samsung0_tile0__20260128_231212/background_only.csv,6,TAG_TILE,1,1800.0,,0.0,1,0.0,0.0,0.0,False,False,False,False,3
controlled/WtoH/scenarios_Work_to_home_gym__adv0_apple0_google0_samsung0_tile0__20260128_231212/background_only.csv,7,TAG_TILE,1,1800.0,,64.79512119293213,1,0.0,0.0,0.0,False,False,False,False,3
controlled/WtoH/scenarios_Work_to_home_gym__adv0_apple0_google0_samsung0_tile0__20260128_231212/background_only.csv,8,TAG_TILE,1,1800.0,,0.0,1,0.0,0.0,0.0,False,False,False,False,3
controlled/WtoH/scenarios_Work_to_home_gym__adv1_apple0_google0_samsung0_tile0__20260128_230324/scenario_tx-30s_rot-1min.csv,2,TAG_APPLE,31,3600.0,,3451.8954553604126,31,3.3497317426667284,1.0,1.0,True,True,True,True,3
controlled/WtoH/scenarios_Work_to_home_gym__adv1_apple0_google0_samsung0_tile0__20260128_230324/scenario_tx-30s_rot-1min.csv,1,TAG_APPLE,55,3600.0,,3599.652165342471,43,2.0020517607611623,0.18604651162790697,0.32558139534883723,True,True,True,True,3
controlled/WtoH/scenarios_Work_to_home_gym__adv1_apple0_google0_samsung0_tile0__20260128_230324/scenario_tx-30s_rot-1min.csv,0,TAG_APPLE,151,3600.0,,3599.20579225891,141,1.9404338769147673,0.14893617021276595,0.24113475177304963,True,True,True,True,3
controlled/WtoH/scenarios_Work_to_home_gym__adv1_apple0_google0_samsung0_tile0__20260128_230324/scenario_tx-30s_rot-1min.csv,3,TAG_SAMSUNG,2,3600.0,,61.43028473854065,1,0.0,0.0,1.0,False,False,False,False,3
controlled/WtoH/scenarios_Work_to_home_gym__adv1_apple0_google0_samsung0_tile0__20260128_230324/scenario_tx-30s_rot-1min.csv,4,TAG_SAMSUNG,2,3600.0,,3525.150728225708,2,0.0,0.0,0.5,True,False,False,False,3
controlled/WtoH/scenarios_Work_to_home_gym__adv1_apple0_google0_samsung0_tile0__20260128_230324/scenario_tx-30s_rot-1min.csv,5,TAG_SAMSUNG,1,1800.0,,409.46272921562206,1,0.0,0.0,0.0,False,False,False,False,3
controlled/WtoH/scenarios_Work_to_home_gym__adv1_apple0_google0_samsung0_tile0__20260128_230324/scenario_tx-30s_rot-1min.csv,6,TAG_TILE,2,3600.0,,2264.1357231140137,1,0.0,0.0,0.0,True,False,False,False,3
controlled/WtoH/scenarios_Work_to_home_gym__adv1_apple0_google0_samsung0_tile0__20260128_230324/scenario_tx-30s_rot-1min.csv,7,TAG_TILE,1,1800.0,,0.0,1,0.0,0.0,0.0,False,False,False,False,3
controlled/WtoH/scenarios_Work_to_home_gym__adv1_apple0_google0_samsung0_tile0__20260128_230324/scenario_tx-30s_rot-1min.csv,8,TAG_TILE,1,1800.0,,90.08797168731644,1,0.0,0.0,0.0,False,False,False,False,3
controlled/WtoH/scenarios_Work_to_home_gym__adv1_apple0_google0_samsung0_tile0__20260128_230324/scenario_tx-30s_rot-1min.csv,2,TAG_APPLE,24,3600.0,,1427.899740934372,24,3.243402300529361,1.0,1.0,False,True,True,False,3
controlled/WtoH/scenarios_Work_to_home_gym__adv1_apple0_google0_samsung0_tile0__20260128_230324/scenario_tx-30s_rot-1min.csv,0,TAG_APPLE,56,3600.0,,1533.66211104393,48,2.169884681525862,0.0,0.14583333333333334,False,True,True,False,3
controlled/WtoH/scenarios_Work_to_home_gym__adv1_apple0_google0_samsung0_tile0__20260128_230324/scenario_tx-30s_rot-1min.csv,1,TAG_APPLE,28,3600.0,,1534.527884483337,18,1.9919048161383162,0.1111111111111111,0.1111111111111111,False,True,True,False,3
controlled/WtoH/scenarios_Work_to_home_gym__adv1_apple0_google0_samsung0_tile0__20260128_230324/scenario_tx-30s_rot-1min.csv,3,TAG_SAMSUNG,2,3600.0,,338.5737922191611,1,0.0,0.0,0.0,False,False,False,False,3
controlled/WtoH/scenarios_Work_to_home_gym__adv1_apple0_google0_samsung0_tile0__20260128_230324/scenario_tx-30s_rot-1min.csv,4,TAG_SAMSUNG,1,1800.0,,523.2575516700745,1,0.0,0.0,0.0,False,False,False,False,3
controlled/WtoH/scenarios_Work_to_home_gym__adv1_apple0_google0_samsung0_tile0__20260128_230324/scenario_tx-30s_rot-1min.csv,5,TAG_SAMSUNG,1,1800.0,,55.8650877475734,1,0.0,0.0,0.0,False,False,False,False,3
controlled/WtoH/scenarios_Work_to_home_gym__adv1_apple0_google0_samsung0_tile0__20260128_230324/scenario_tx-30s_rot-1min.csv,6,TAG_TILE,1,1800.0,,0.0,1,0.0,0.0,0.0,False,False,False,False,3
controlled/WtoH/scenarios_Work_to_home_gym__adv1_apple0_google0_samsung0_tile0__20260128_230324/scenario_tx-30s_rot-1min.csv,7,TAG_TILE,1,1800.0,,64.79512119293213,1,0.0,0.0,0.0,False,False,False,False,3
controlled/WtoH/scenarios_Work_to_home_gym__adv1_apple0_google0_samsung0_tile0__20260128_230324/scenario_tx-30s_rot-1min.csv,8,TAG_TILE,1,1800.0,,0.0,1,0.0,0.0,0.0,False,False,False,False,3
controlled/WtoH/scenarios_Work_to_home_gym__adv1_apple0_google0_samsung0_tile0__20260128_230324/scenario_tx-15s_rot-15min.csv,0,TAG_APPLE,145,3600.0,,3595.505590438843,135,1.0277517504802989,0.0,0.0,True,True,True,True,3
controlled/WtoH/scenarios_Work_to_home_gym__adv1_apple0_google0_samsung0_tile0__20260128_230324/scenario_tx-15s_rot-15min.csv,1,TAG_APPLE,56,3600.0,,3599.652165342471,44,0.8439792447899628,0.0,0.0,True,True,False,False,3
controlled/WtoH/scenarios_Work_to_home_gym__adv1_apple0_google0_samsung0_tile0__20260128_230324/scenario_tx-15s_rot-15min.csv,2,TAG_APPLE,4,3600.0,,3591.332775424651,4,0.8435642979015865,1.0,1.0,True,False,False,False,3
controlled/WtoH/scenarios_Work_to_home_gym__adv1_apple0_google0_samsung0_tile0__20260128_230324/scenario_tx-15s_rot-15min.csv,3,TAG_SAMSUNG,2,3600.0,,61.43028473854065,1,0.0,0.0,0.0,False,False,False,False,3
controlled/WtoH/scenarios_Work_to_home_gym__adv1_apple0_google0_samsung0_tile0__20260128_230324/scenario_tx-15s_rot-15min.csv,4,TAG_SAMSUNG,2,3600.0,,3525.150728225708,2,0.0,0.0,0.0,True,False,False,False,3
controlled/WtoH/scenarios_Work_to_home_gym__adv1_apple0_google0_samsung0_tile0__20260128_230324/scenario_tx-15s_rot-15min.csv,5,TAG_SAMSUNG,1,1800.0,,409.46272921562206,1,0.0,0.0,0.0,False,False,False,False,3
controlled/WtoH/scenarios_Work_to_home_gym__adv1_apple0_google0_samsung0_tile0__20260128_230324/scenario_tx-15s_rot-15min.csv,6,TAG_TILE,2,3600.0,,2264.1357231140137,1,0.0,0.0,0.0,True,False,False,False,3
controlled/WtoH/scenarios_Work_to_home_gym__adv1_apple0_google0_samsung0_tile0__20260128_230324/scenario_tx-15s_rot-15min.csv,7,TAG_TILE,1,1800.0,,0.0,1,0.0,0.0,0.0,False,False,False,False,3
controlled/WtoH/scenarios_Work_to_home_gym__adv1_apple0_google0_samsung0_tile0__20260128_230324/scenario_tx-15s_rot-15min.csv,8,TAG_TILE,1,1800.0,,90.08797168731644,1,0.0,0.0,0.0,False,False,False,False,3
controlled/WtoH/scenarios_Work_to_home_gym__adv1_apple0_google0_samsung0_tile0__20260128_230324/scenario_tx-15s_rot-15min.csv,1,TAG_APPLE,29,3600.0,,904.0408866405478,19,1.0922065831128953,0.0,0.0,False,True,True,False,3
controlled/WtoH/scenarios_Work_to_home_gym__adv1_apple0_google0_samsung0_tile0__20260128_230324/scenario_tx-15s_rot-15min.csv,0,TAG_APPLE,57,3600.0,,1533.66211104393,48,1.083455532789645,0.0,0.0,False,True,True,False,3
controlled/WtoH/scenarios_Work_to_home_gym__adv1_apple0_google0_samsung0_tile0__20260128_230324/scenario_tx-15s_rot-15min.csv,2,TAG_APPLE,3,3600.0,,1528.605482339858,3,0.310942940620037,1.0,1.0,False,False,False,False,3
controlled/WtoH/scenarios_Work_to_home_gym__adv1_apple0_google0_samsung0_tile0__20260128_230324/scenario_tx-15s_rot-15min.csv,3,TAG_SAMSUNG,2,3600.0,,338.5737922191611,1,0.0,0.0,0.0,False,False,False,False,3
controlled/WtoH/scenarios_Work_to_home_gym__adv1_apple0_google0_samsung0_tile0__20260128_230324/scenario_tx-15s_rot-15min.csv,4,TAG_SAMSUNG,1,1800.0,,523.2575516700745,1,0.0,0.0,0.0,False,False,False,False,3
controlled/WtoH/scenarios_Work_to_home_gym__adv1_apple0_google0_samsung0_tile0__20260128_230324/scenario_tx-15s_rot-15min.csv,5,TAG_SAMSUNG,1,1800.0,,55.8650877475734,1,0.0,0.0,0.0,False,False,False,False,3
controlled/WtoH/scenarios_Work_to_home_gym__adv1_apple0_google0_samsung0_tile0__20260128_230324/scenario_tx-15s_rot-15min.csv,6,TAG_TILE,1,1800.0,,0.0,1,0.0,0.0,0.0,False,False,False,False,3
controlled/WtoH/scenarios_Work_to_home_gym__adv1_apple0_google0_samsung0_tile0__20260128_230324/scenario_tx-15s_rot-15min.csv,7,TAG_TILE,1,1800.0,,64.79512119293213,1,0.0,0.0,0.0,False,False,False,False,3
controlled/WtoH/scenarios_Work_to_home_gym__adv1_apple0_google0_samsung0_tile0__20260128_230324/scenario_tx-15s_rot-15min.csv,8,TAG_TILE,1,1800.0,,0.0,1,0.0,0.0,0.0,False,False,False,False,3
controlled/WtoH/scenarios_Work_to_home_gym__adv1_apple0_google0_samsung0_tile0__20260128_230324/scenario_tx-30s_rot-30s.csv,1,TAG_APPLE,51,3600.0,,3566.818200181655,51,2.7680980113474543,1.0,1.0,True,True,True,True,3
controlled/WtoH/scenarios_Work_to_home_gym__adv1_apple0_google0_samsung0_tile0__20260128_230324/scenario_tx-30s_rot-30s.csv,0,TAG_APPLE,154,3600.0,,3595.505590438843,144,2.0027881145520956,0.3055555555555556,0.5069444444444444,True,True,True,True,3
controlled/WtoH/scenarios_Work_to_home_gym__adv1_apple0_google0_samsung0_tile0__20260128_230324/scenario_tx-30s_rot-30s.csv,2,TAG_APPLE,52,3600.0,,3599.652165342471,40,1.743364647892098,0.4,0.525,True,True,True,True,3
controlled/WtoH/scenarios_Work_to_home_gym__adv1_apple0_google0_samsung0_tile0__20260128_230324/scenario_tx-30s_rot-30s.csv,3,TAG_SAMSUNG,2,3600.0,,61.43028473854065,1,0.0,0.0,0.0,False,False,False,False,3
controlled/WtoH/scenarios_Work_to_home_gym__adv1_apple0_google0_samsung0_tile0__20260128_230324/scenario_tx-30s_rot-30s.csv,4,TAG_SAMSUNG,2,3600.0,,3525.150728225708,2,0.0,0.0,0.5,True,False,False,False,3
controlled/WtoH/scenarios_Work_to_home_gym__adv1_apple0_google0_samsung0_tile0__20260128_230324/scenario_tx-30s_rot-30s.csv,5,TAG_SAMSUNG,1,1800.0,,409.46272921562206,1,0.0,0.0,1.0,False,False,False,False,3
controlled/WtoH/scenarios_Work_to_home_gym__adv1_apple0_google0_samsung0_tile0__20260128_230324/scenario_tx-30s_rot-30s.csv,6,TAG_TILE,2,3600.0,,2264.1357231140137,1,0.0,0.0,0.0,True,False,False,False,3
controlled/WtoH/scenarios_Work_to_home_gym__adv1_apple0_google0_samsung0_tile0__20260128_230324/scenario_tx-30s_rot-30s.csv,7,TAG_TILE,1,1800.0,,0.0,1,0.0,0.0,1.0,False,False,False,False,3
controlled/WtoH/scenarios_Work_to_home_gym__adv1_apple0_google0_samsung0_tile0__20260128_230324/scenario_tx-30s_rot-30s.csv,8,TAG_TILE,1,1800.0,,90.08797168731644,1,0.0,0.0,0.0,False,False,False,False,3
controlled/WtoH/scenarios_Work_to_home_gym__adv1_apple0_google0_samsung0_tile0__20260128_230324/scenario_tx-30s_rot-30s.csv,2,TAG_APPLE,36,3600.0,,1520.5051968097687,36,3.2553210947537083,1.0,1.0,False,True,True,False,3
controlled/WtoH/scenarios_Work_to_home_gym__adv1_apple0_google0_samsung0_tile0__20260128_230324/scenario_tx-30s_rot-30s.csv,0,TAG_APPLE,44,3600.0,,1501.7111580371852,31,2.1476502469349263,0.22580645161290322,0.25806451612903225,False,True,True,False,3
controlled/WtoH/scenarios_Work_to_home_gym__adv1_apple0_google0_samsung0_tile0__20260128_230324/scenario_tx-30s_rot-30s.csv,1,TAG_APPLE,43,3600.0,,1487.4612216949467,39,2.1379443821763933,0.05128205128205128,0.15384615384615385,False,True,True,False,3
controlled/WtoH/scenarios_Work_to_home_gym__adv1_apple0_google0_samsung0_tile0__20260128_230324/scenario_tx-30s_rot-30s.csv,3,TAG_SAMSUNG,2,3600.0,,338.5737922191611,1,0.0,0.0,0.0,False,False,False,False,3
controlled/WtoH/scenarios_Work_to_home_gym__adv1_apple0_google0_samsung0_tile0__20260128_230324/scenario_tx-30s_rot-30s.csv,4,TAG_SAMSUNG,1,1800.0,,523.2575516700745,1,0.0,0.0,0.0,False,False,False,False,3
controlled/WtoH/scenarios_Work_to_home_gym__adv1_apple0_google0_samsung0_tile0__20260128_230324/scenario_tx-30s_rot-30s.csv,5,TAG_SAMSUNG,1,1800.0,,55.8650877475734,1,0.0,0.0,0.0,False,False,False,False,3
controlled/WtoH/scenarios_Work_to_home_gym__adv1_apple0_google0_samsung0_tile0__20260128_230324/scenario_tx-30s_rot-30s.csv,6,TAG_TILE,1,1800.0,,0.0,1,0.0,0.0,0.0,False,False,False,False,3
controlled/WtoH/scenarios_Work_to_home_gym__adv1_apple0_google0_samsung0_tile0__20260128_230324/scenario_tx-30s_rot-30s.csv,7,TAG_TILE,1,1800.0,,64.79512119293213,1,0.0,0.0,0.0,False,False,False,False,3
controlled/WtoH/scenarios_Work_to_home_gym__adv1_apple0_google0_samsung0_tile0__20260128_230324/scenario_tx-30s_rot-30s.csv,8,TAG_TILE,1,1800.0,,0.0,1,0.0,0.0,1.0,False,False,False,False,3
controlled/WtoH/scenarios_Work_to_home_gym__adv1_apple0_google0_samsung0_tile0__20260128_230324/scenario_tx-15s_rot-30s.csv,2,TAG_APPLE,65,3600.0,,3591.332775424651,65,3.0622636326419506,1.0,1.0,True,True,True,True,3
controlled/WtoH/scenarios_Work_to_home_gym__adv1_apple0_google0_samsung0_tile0__20260128_230324/scenario_tx-15s_rot-30s.csv,1,TAG_APPLE,56,3600.0,,3599.652165342471,44,2.284285471034408,0.4318181818181818,0.6818181818181818,True,True,True,True,3
controlled/WtoH/scenarios_Work_to_home_gym__adv1_apple0_google0_samsung0_tile0__20260128_230324/scenario_tx-15s_rot-30s.csv,0,TAG_APPLE,149,3600.0,,3595.505590438843,139,2.22886180072125,0.2589928057553957,0.5539568345323741,True,True,True,True,3
controlled/WtoH/scenarios_Work_to_home_gym__adv1_apple0_google0_samsung0_tile0__20260128_230324/scenario_tx-15s_rot-30s.csv,3,TAG_SAMSUNG,2,3600.0,,61.43028473854065,1,0.0,0.0,0.0,False,False,False,False,3
controlled/WtoH/scenarios_Work_to_home_gym__adv1_apple0_google0_samsung0_tile0__20260128_230324/scenario_tx-15s_rot-30s.csv,4,TAG_SAMSUNG,2,3600.0,,3525.150728225708,2,0.0,0.0,0.5,True,False,False,False,3
controlled/WtoH/scenarios_Work_to_home_gym__adv1_apple0_google0_samsung0_tile0__20260128_230324/scenario_tx-15s_rot-30s.csv,5,TAG_SAMSUNG,1,1800.0,,409.46272921562206,1,0.0,0.0,0.0,False,False,False,False,3
controlled/WtoH/scenarios_Work_to_home_gym__adv1_apple0_google0_samsung0_tile0__20260128_230324/scenario_tx-15s_rot-30s.csv,6,TAG_TILE,2,3600.0,,2264.1357231140137,1,0.0,0.0,1.0,True,False,False,False,3
controlled/WtoH/scenarios_Work_to_home_gym__adv1_apple0_google0_samsung0_tile0__20260128_230324/scenario_tx-15s_rot-30s.csv,7,TAG_TILE,1,1800.0,,0.0,1,0.0,0.0,0.0,False,False,False,False,3
controlled/WtoH/scenarios_Work_to_home_gym__adv1_apple0_google0_samsung0_tile0__20260128_230324/scenario_tx-15s_rot-30s.csv,8,TAG_TILE,1,1800.0,,90.08797168731644,1,0.0,0.0,1.0,False,False,False,False,3
controlled/WtoH/scenarios_Work_to_home_gym__adv1_apple0_google0_samsung0_tile0__20260128_230324/scenario_tx-15s_rot-30s.csv,2,TAG_APPLE,39,3600.0,,1408.1979484558096,39,3.8521654133249417,1.0,1.0,False,True,True,False,3
controlled/WtoH/scenarios_Work_to_home_gym__adv1_apple0_google0_samsung0_tile0__20260128_230324/scenario_tx-15s_rot-30s.csv,0,TAG_APPLE,37,3600.0,,1529.5956194400783,26,2.4604842339744013,0.23076923076923078,0.23076923076923078,False,True,True,False,3
controlled/WtoH/scenarios_Work_to_home_gym__adv1_apple0_google0_samsung0_tile0__20260128_230324/scenario_tx-15s_rot-30s.csv,1,TAG_APPLE,50,3600.0,,1533.350815296173,44,2.154947220387142,0.06818181818181818,0.18181818181818182,False,True,True,False,3
controlled/WtoH/scenarios_Work_to_home_gym__adv1_apple0_google0_samsung0_tile0__20260128_230324/scenario_tx-15s_rot-30s.csv,3,TAG_SAMSUNG,2,3600.0,,338.5737922191611,1,0.0,0.0,0.0,False,False,False,False,3
controlled/WtoH/scenarios_Work_to_home_gym__adv1_apple0_google0_samsung0_tile0__20260128_230324/scenario_tx-15s_rot-30s.csv,4,TAG_SAMSUNG,1,1800.0,,523.2575516700745,1,0.0,0.0,1.0,False,False,False,False,3
controlled/WtoH/scenarios_Work_to_home_gym__adv1_apple0_google0_samsung0_tile0__20260128_230324/scenario_tx-15s_rot-30s.csv,5,TAG_SAMSUNG,1,1800.0,,55.8650877475734,1,0.0,0.0,0.0,False,False,False,False,3
controlled/WtoH/scenarios_Work_to_home_gym__adv1_apple0_google0_samsung0_tile0__20260128_230324/scenario_tx-15s_rot-30s.csv,6,TAG_TILE,1,1800.0,,0.0,1,0.0,0.0,0.0,False,False,False,False,3
controlled/WtoH/scenarios_Work_to_home_gym__adv1_apple0_google0_samsung0_tile0__20260128_230324/scenario_tx-15s_rot-30s.csv,7,TAG_TILE,1,1800.0,,64.79512119293213,1,0.0,0.0,1.0,False,False,False,False,3
controlled/WtoH/scenarios_Work_to_home_gym__adv1_apple0_google0_samsung0_tile0__20260128_230324/scenario_tx-15s_rot-30s.csv,8,TAG_TILE,1,1800.0,,0.0,1,0.0,0.0,0.0,False,False,False,False,3
controlled/WtoH/scenarios_Work_to_home_gym__adv1_apple0_google0_samsung0_tile0__20260128_230324/scenario_tx-15s_rot-5min.csv,2,TAG_APPLE,11,3600.0,,3591.332775424651,11,1.8411223529274787,1.0,1.0,True,False,True,True,3
controlled/WtoH/scenarios_Work_to_home_gym__adv1_apple0_google0_samsung0_tile0__20260128_230324/scenario_tx-15s_rot-5min.csv,0,TAG_APPLE,144,3600.0,,3594.4588239192963,134,1.3789687253839265,0.0,0.029850746268656716,True,True,True,True,3
controlled/WtoH/scenarios_Work_to_home_gym__adv1_apple0_google0_samsung0_tile0__20260128_230324/scenario_tx-15s_rot-5min.csv,1,TAG_APPLE,55,3600.0,,3599.652165342471,43,1.1283078595052818,0.023255813953488372,0.06976744186046512,True,True,True,True,3
controlled/WtoH/scenarios_Work_to_home_gym__adv1_apple0_google0_samsung0_tile0__20260128_230324/scenario_tx-15s_rot-5min.csv,3,TAG_SAMSUNG,2,3600.0,,61.43028473854065,1,0.0,0.0,0.0,False,False,False,False,3
controlled/WtoH/scenarios_Work_to_home_gym__adv1_apple0_google0_samsung0_tile0__20260128_230324/scenario_tx-15s_rot-5min.csv,4,TAG_SAMSUNG,2,3600.0,,3525.150728225708,2,0.0,0.0,0.0,True,False,False,False,3
controlled/WtoH/scenarios_Work_to_home_gym__adv1_apple0_google0_samsung0_tile0__20260128_230324/scenario_tx-15s_rot-5min.csv,5,TAG_SAMSUNG,1,1800.0,,409.46272921562206,1,0.0,0.0,0.0,False,False,False,False,3
controlled/WtoH/scenarios_Work_to_home_gym__adv1_apple0_google0_samsung0_tile0__20260128_230324/scenario_tx-15s_rot-5min.csv,6,TAG_TILE,2,3600.0,,2264.1357231140137,1,0.0,0.0,0.0,True,False,False,False,3
controlled/WtoH/scenarios_Work_to_home_gym__adv1_apple0_google0_samsung0_tile0__20260128_230324/scenario_tx-15s_rot-5min.csv,7,TAG_TILE,1,1800.0,,0.0,1,0.0,0.0,0.0,False,False,False,False,3
controlled/WtoH/scenarios_Work_to_home_gym__adv1_apple0_google0_samsung0_tile0__20260128_230324/scenario_tx-15s_rot-5min.csv,8,TAG_TILE,1,1800.0,,90.08797168731644,1,0.0,0.0,0.0,False,False,False,False,3
controlled/WtoH/scenarios_Work_to_home_gym__adv1_apple0_google0_samsung0_tile0__20260128_230324/scenario_tx-15s_rot-5min.csv,2,TAG_APPLE,6,3600.0,,1528.605482339858,6,2.8935630772083383,1.0,1.0,False,False,True,False,3
controlled/WtoH/scenarios_Work_to_home_gym__adv1_apple0_google0_samsung0_tile0__20260128_230324/scenario_tx-15s_rot-5min.csv,0,TAG_APPLE,43,3600.0,,1403.5953497886653,30,1.3719203179468322,0.0,0.0,False,True,True,False,3
controlled/WtoH/scenarios_Work_to_home_gym__adv1_apple0_google0_samsung0_tile0__20260128_230324/scenario_tx-15s_rot-5min.csv,1,TAG_APPLE,44,3600.0,,1487.4612216949467,40,1.303590917076918,0.0,0.025,False,True,True,False,3
controlled/WtoH/scenarios_Work_to_home_gym__adv1_apple0_google0_samsung0_tile0__20260128_230324/scenario_tx-15s_rot-5min.csv,3,TAG_SAMSUNG,2,3600.0,,338.5737922191611,1,0.0,0.0,0.0,False,False,False,False,3
controlled/WtoH/scenarios_Work_to_home_gym__adv1_apple0_google0_samsung0_tile0__20260128_230324/scenario_tx-15s_rot-5min.csv,4,TAG_SAMSUNG,1,1800.0,,523.2575516700745,1,0.0,0.0,0.0,False,False,False,False,3
controlled/WtoH/scenarios_Work_to_home_gym__adv1_apple0_google0_samsung0_tile0__20260128_230324/scenario_tx-15s_rot-5min.csv,5,TAG_SAMSUNG,1,1800.0,,55.8650877475734,1,0.0,0.0,0.0,False,False,False,False,3
controlled/WtoH/scenarios_Work_to_home_gym__adv1_apple0_google0_samsung0_tile0__20260128_230324/scenario_tx-15s_rot-5min.csv,6,TAG_TILE,1,1800.0,,0.0,1,0.0,0.0,0.0,False,False,False,False,3
controlled/WtoH/scenarios_Work_to_home_gym__adv1_apple0_google0_samsung0_tile0__20260128_230324/scenario_tx-15s_rot-5min.csv,7,TAG_TILE,1,1800.0,,64.79512119293213,1,0.0,0.0,0.0,False,False,False,False,3
controlled/WtoH/scenarios_Work_to_home_gym__adv1_apple0_google0_samsung0_tile0__20260128_230324/scenario_tx-15s_rot-5min.csv,8,TAG_TILE,1,1800.0,,0.0,1,0.0,0.0,0.0,False,False,False,False,3
controlled/WtoH/scenarios_Work_to_home_gym__adv1_apple0_google0_samsung0_tile0__20260128_230324/scenario_tx-2s_rot-2s.csv,1,TAG_APPLE,258,3600.0,,3595.7561609745026,190,2.3190265338349345,1.0,1.0,True,True,True,True,3
controlled/WtoH/scenarios_Work_to_home_gym__adv1_apple0_google0_samsung0_tile0__20260128_230324/scenario_tx-2s_rot-2s.csv,0,TAG_APPLE,120,3600.0,,3599.20579225891,113,1.991341593477737,1.0,1.0,True,True,True,True,3
controlled/WtoH/scenarios_Work_to_home_gym__adv1_apple0_google0_samsung0_tile0__20260128_230324/scenario_tx-2s_rot-2s.csv,2,TAG_APPLE,54,3600.0,,3599.652165342471,42,1.8428552568928027,1.0,1.0,True,True,True,True,3
controlled/WtoH/scenarios_Work_to_home_gym__adv1_apple0_google0_samsung0_tile0__20260128_230324/scenario_tx-2s_rot-2s.csv,3,TAG_SAMSUNG,2,3600.0,,61.43028473854065,1,0.0,0.0,1.0,False,False,False,False,3
controlled/WtoH/scenarios_Work_to_home_gym__adv1_apple0_google0_samsung0_tile0__20260128_230324/scenario_tx-2s_rot-2s.csv,4,TAG_SAMSUNG,2,3600.0,,3525.150728225708,2,0.0,0.0,1.0,True,False,False,False,3
controlled/WtoH/scenarios_Work_to_home_gym__adv1_apple0_google0_samsung0_tile0__20260128_230324/scenario_tx-2s_rot-2s.csv,5,TAG_SAMSUNG,1,1800.0,,409.46272921562206,1,0.0,0.0,1.0,False,False,False,False,3
controlled/WtoH/scenarios_Work_to_home_gym__adv1_apple0_google0_samsung0_tile0__20260128_230324/scenario_tx-2s_rot-2s.csv,6,TAG_TILE,2,3600.0,,2264.1357231140137,1,0.0,0.0,1.0,True,False,False,False,3
controlled/WtoH/scenarios_Work_to_home_gym__adv1_apple0_google0_samsung0_tile0__20260128_230324/scenario_tx-2s_rot-2s.csv,7,TAG_TILE,1,1800.0,,0.0,1,0.0,0.0,1.0,False,False,False,False,3
controlled/WtoH/scenarios_Work_to_home_gym__adv1_apple0_google0_samsung0_tile0__20260128_230324/scenario_tx-2s_rot-2s.csv,8,TAG_TILE,1,1800.0,,90.08797168731644,1,0.0,0.0,1.0,False,False,False,False,3
controlled/WtoH/scenarios_Work_to_home_gym__adv1_apple0_google0_samsung0_tile0__20260128_230324/scenario_tx-2s_rot-2s.csv,1,TAG_APPLE,174,3600.0,,1524.1484827995291,168,2.623932948781675,1.0,1.0,False,True,True,False,3
controlled/WtoH/scenarios_Work_to_home_gym__adv1_apple0_google0_samsung0_tile0__20260128_230324/scenario_tx-2s_rot-2s.csv,2,TAG_APPLE,28,3600.0,,1441.9224286079402,18,2.0325418213652346,0.7777777777777778,1.0,False,True,True,False,3
controlled/WtoH/scenarios_Work_to_home_gym__adv1_apple0_google0_samsung0_tile0__20260128_230324/scenario_tx-2s_rot-2s.csv,0,TAG_APPLE,59,3600.0,,1533.66211104393,50,1.18594949763565,0.7,1.0,False,True,True,False,3
controlled/WtoH/scenarios_Work_to_home_gym__adv1_apple0_google0_samsung0_tile0__20260128_230324/scenario_tx-2s_rot-2s.csv,3,TAG_SAMSUNG,2,3600.0,,338.5737922191611,1,0.0,0.0,1.0,False,False,False,False,3
controlled/WtoH/scenarios_Work_to_home_gym__adv1_apple0_google0_samsung0_tile0__20260128_230324/scenario_tx-2s_rot-2s.csv,4,TAG_SAMSUNG,1,1800.0,,523.2575516700745,1,0.0,0.0,1.0,False,False,False,False,3
controlled/WtoH/scenarios_Work_to_home_gym__adv1_apple0_google0_samsung0_tile0__20260128_230324/scenario_tx-2s_rot-2s.csv,5,TAG_SAMSUNG,1,1800.0,,55.8650877475734,1,0.0,0.0,1.0,False,False,False,False,3
controlled/WtoH/scenarios_Work_to_home_gym__adv1_apple0_google0_samsung0_tile0__20260128_230324/scenario_tx-2s_rot-2s.csv,6,TAG_TILE,1,1800.0,,0.0,1,0.0,0.0,1.0,False,False,False,False,3
controlled/WtoH/scenarios_Work_to_home_gym__adv1_apple0_google0_samsung0_tile0__20260128_230324/scenario_tx-2s_rot-2s.csv,7,TAG_TILE,1,1800.0,,64.79512119293213,1,0.0,0.0,1.0,False,False,False,False,3
controlled/WtoH/scenarios_Work_to_home_gym__adv1_apple0_google0_samsung0_tile0__20260128_230324/scenario_tx-2s_rot-2s.csv,8,TAG_TILE,1,1800.0,,0.0,1,0.0,0.0,1.0,False,False,False,False,3
controlled/WtoH/scenarios_Work_to_home_gym__adv1_apple0_google0_samsung0_tile0__20260128_230324/scenario_tx-10s_rot-10s.csv,1,TAG_APPLE,146,3600.0,,3574.6689275013723,136,2.6297868154397004,1.0,1.0,True,True,True,True,3
controlled/WtoH/scenarios_Work_to_home_gym__adv1_apple0_google0_samsung0_tile0__20260128_230324/scenario_tx-10s_rot-10s.csv,2,TAG_APPLE,55,3600.0,,3599.652165342471,43,2.2335437982043764,0.6046511627906976,1.0,True,True,True,True,3
controlled/WtoH/scenarios_Work_to_home_gym__adv1_apple0_google0_samsung0_tile0__20260128_230324/scenario_tx-10s_rot-10s.csv,0,TAG_APPLE,150,3600.0,,3595.505590438843,140,2.2023402720293137,0.6357142857142857,1.0,True,True,True,True,3
controlled/WtoH/scenarios_Work_to_home_gym__adv1_apple0_google0_samsung0_tile0__20260128_230324/scenario_tx-10s_rot-10s.csv,3,TAG_SAMSUNG,2,3600.0,,61.43028473854065,1,0.0,0.0,1.0,False,False,False,False,3
controlled/WtoH/scenarios_Work_to_home_gym__adv1_apple0_google0_samsung0_tile0__20260128_230324/scenario_tx-10s_rot-10s.csv,4,TAG_SAMSUNG,2,3600.0,,3525.150728225708,2,0.0,0.0,1.0,True,False,False,False,3
controlled/WtoH/scenarios_Work_to_home_gym__adv1_apple0_google0_samsung0_tile0__20260128_230324/scenario_tx-10s_rot-10s.csv,5,TAG_SAMSUNG,1,1800.0,,409.46272921562206,1,0.0,0.0,1.0,False,False,False,False,3
controlled/WtoH/scenarios_Work_to_home_gym__adv1_apple0_google0_samsung0_tile0__20260128_230324/scenario_tx-10s_rot-10s.csv,6,TAG_TILE,2,3600.0,,2264.1357231140137,1,0.0,0.0,1.0,True,False,False,False,3
controlled/WtoH/scenarios_Work_to_home_gym__adv1_apple0_google0_samsung0_tile0__20260128_230324/scenario_tx-10s_rot-10s.csv,7,TAG_TILE,1,1800.0,,0.0,1,0.0,0.0,1.0,False,False,False,False,3
controlled/WtoH/scenarios_Work_to_home_gym__adv1_apple0_google0_samsung0_tile0__20260128_230324/scenario_tx-10s_rot-10s.csv,8,TAG_TILE,1,1800.0,,90.08797168731644,1,0.0,0.0,1.0,False,False,False,False,3
controlled/WtoH/scenarios_Work_to_home_gym__adv1_apple0_google0_samsung0_tile0__20260128_230324/scenario_tx-10s_rot-10s.csv,2,TAG_APPLE,69,3600.0,,1528.605482339858,69,3.4081961309819517,1.0,1.0,False,True,True,False,3
controlled/WtoH/scenarios_Work_to_home_gym__adv1_apple0_google0_samsung0_tile0__20260128_230324/scenario_tx-10s_rot-10s.csv,0,TAG_APPLE,43,3600.0,,1501.7111580371852,30,2.285045398631783,0.26666666666666666,0.4666666666666667,False,True,True,False,3
controlled/WtoH/scenarios_Work_to_home_gym__adv1_apple0_google0_samsung0_tile0__20260128_230324/scenario_tx-10s_rot-10s.csv,1,TAG_APPLE,44,3600.0,,1487.4612216949467,40,2.0910457073571727,0.3,0.525,False,True,True,False,3
controlled/WtoH/scenarios_Work_to_home_gym__adv1_apple0_google0_samsung0_tile0__20260128_230324/scenario_tx-10s_rot-10s.csv,3,TAG_SAMSUNG,2,3600.0,,338.5737922191611,1,0.0,0.0,1.0,False,False,False,False,3
controlled/WtoH/scenarios_Work_to_home_gym__adv1_apple0_google0_samsung0_tile0__20260128_230324/scenario_tx-10s_rot-10s.csv,4,TAG_SAMSUNG,1,1800.0,,523.2575516700745,1,0.0,0.0,0.0,False,False,False,False,3
controlled/WtoH/scenarios_Work_to_home_gym__adv1_apple0_google0_samsung0_tile0__20260128_230324/scenario_tx-10s_rot-10s.csv,5,TAG_SAMSUNG,1,1800.0,,55.8650877475734,1,0.0,0.0,0.0,False,False,False,False,3
controlled/WtoH/scenarios_Work_to_home_gym__adv1_apple0_google0_samsung0_tile0__20260128_230324/scenario_tx-10s_rot-10s.csv,6,TAG_TILE,1,1800.0,,0.0,1,0.0,0.0,0.0,False,False,False,False,3
controlled/WtoH/scenarios_Work_to_home_gym__adv1_apple0_google0_samsung0_tile0__20260128_230324/scenario_tx-10s_rot-10s.csv,7,TAG_TILE,1,1800.0,,64.79512119293213,1,0.0,0.0,1.0,False,False,False,False,3
controlled/WtoH/scenarios_Work_to_home_gym__adv1_apple0_google0_samsung0_tile0__20260128_230324/scenario_tx-10s_rot-10s.csv,8,TAG_TILE,1,1800.0,,0.0,1,0.0,0.0,1.0,False,False,False,False,3
controlled/WtoH/scenarios_Work_to_home_gym__adv1_apple0_google0_samsung0_tile0__20260128_230324/scenario_tx-2s_rot-10s.csv,1,TAG_APPLE,72,3600.0,,3592.3001141548157,70,2.42830728872122,0.6285714285714286,1.0,True,True,True,True,3
controlled/WtoH/scenarios_Work_to_home_gym__adv1_apple0_google0_samsung0_tile0__20260128_230324/scenario_tx-2s_rot-10s.csv,2,TAG_APPLE,51,3600.0,,3599.652165342471,39,1.7989181933123892,0.8717948717948718,1.0,True,True,True,True,3
controlled/WtoH/scenarios_Work_to_home_gym__adv1_apple0_google0_samsung0_tile0__20260128_230324/scenario_tx-2s_rot-10s.csv,0,TAG_APPLE,258,3600.0,,3599.45636279457,183,1.6884085920812562,1.0,1.0,True,True,True,True,3
controlled/WtoH/scenarios_Work_to_home_gym__adv1_apple0_google0_samsung0_tile0__20260128_230324/scenario_tx-2s_rot-10s.csv,3,TAG_SAMSUNG,2,3600.0,,61.43028473854065,1,0.0,0.0,1.0,False,False,False,False,3
controlled/WtoH/scenarios_Work_to_home_gym__adv1_apple0_google0_samsung0_tile0__20260128_230324/scenario_tx-2s_rot-10s.csv,4,TAG_SAMSUNG,2,3600.0,,3525.150728225708,2,0.0,0.0,1.0,True,False,False,False,3
controlled/WtoH/scenarios_Work_to_home_gym__adv1_apple0_google0_samsung0_tile0__20260128_230324/scenario_tx-2s_rot-10s.csv,5,TAG_SAMSUNG,1,1800.0,,409.46272921562206,1,0.0,0.0,1.0,False,False,False,False,3
controlled/WtoH/scenarios_Work_to_home_gym__adv1_apple0_google0_samsung0_tile0__20260128_230324/scenario_tx-2s_rot-10s.csv,6,TAG_TILE,2,3600.0,,2264.1357231140137,1,0.0,0.0,1.0,True,False,False,False,3
controlled/WtoH/scenarios_Work_to_home_gym__adv1_apple0_google0_samsung0_tile0__20260128_230324/scenario_tx-2s_rot-10s.csv,7,TAG_TILE,1,1800.0,,0.0,1,0.0,0.0,1.0,False,False,False,False,3
controlled/WtoH/scenarios_Work_to_home_gym__adv1_apple0_google0_samsung0_tile0__20260128_230324/scenario_tx-2s_rot-10s.csv,8,TAG_TILE,1,1800.0,,90.08797168731644,1,0.0,0.0,1.0,False,False,False,False,3
controlled/WtoH/scenarios_Work_to_home_gym__adv1_apple0_google0_samsung0_tile0__20260128_230324/scenario_tx-2s_rot-10s.csv,1,TAG_APPLE,108,3600.0,,1524.1484827995291,108,3.8691376188229927,1.0,1.0,False,True,True,False,3
controlled/WtoH/scenarios_Work_to_home_gym__adv1_apple0_google0_samsung0_tile0__20260128_230324/scenario_tx-2s_rot-10s.csv,0,TAG_APPLE,51,3600.0,,1533.66211104393,42,2.341085704765869,0.19047619047619047,0.5238095238095238,False,True,True,False,3
controlled/WtoH/scenarios_Work_to_home_gym__adv1_apple0_google0_samsung0_tile0__20260128_230324/scenario_tx-2s_rot-10s.csv,2,TAG_APPLE,28,3600.0,,1467.060765266418,18,2.1740797551845183,0.3333333333333333,0.3888888888888889,False,True,True,False,3
controlled/WtoH/scenarios_Work_to_home_gym__adv1_apple0_google0_samsung0_tile0__20260128_230324/scenario_tx-2s_rot-10s.csv,3,TAG_SAMSUNG,2,3600.0,,338.5737922191611,1,0.0,0.0,1.0,False,False,False,False,3
controlled/WtoH/scenarios_Work_to_home_gym__adv1_apple0_google0_samsung0_tile0__20260128_230324/scenario_tx-2s_rot-10s.csv,4,TAG_SAMSUNG,1,1800.0,,523.2575516700745,1,0.0,0.0,1.0,False,False,False,False,3
controlled/WtoH/scenarios_Work_to_home_gym__adv1_apple0_google0_samsung0_tile0__20260128_230324/scenario_tx-2s_rot-10s.csv,5,TAG_SAMSUNG,1,1800.0,,55.8650877475734,1,0.0,0.0,0.0,False,False,False,False,3
controlled/WtoH/scenarios_Work_to_home_gym__adv1_apple0_google0_samsung0_tile0__20260128_230324/scenario_tx-2s_rot-10s.csv,6,TAG_TILE,1,1800.0,,0.0,1,0.0,0.0,0.0,False,False,False,False,3
controlled/WtoH/scenarios_Work_to_home_gym__adv1_apple0_google0_samsung0_tile0__20260128_230324/scenario_tx-2s_rot-10s.csv,7,TAG_TILE,1,1800.0,,64.79512119293213,1,0.0,0.0,1.0,False,False,False,False,3
controlled/WtoH/scenarios_Work_to_home_gym__adv1_apple0_google0_samsung0_tile0__20260128_230324/scenario_tx-2s_rot-10s.csv,8,TAG_TILE,1,1800.0,,0.0,1,0.0,0.0,1.0,False,False,False,False,3
