n,I,Q,mag,phase
0,-0.0412877947,0.0437617227,0.0601645275,2.3271146
1,-0.0412877947,0.0437617227,0.0601645275,2.3271146
2,-0.0412877947,0.0437617227,0.0601645275,2.3271146
3,-0.0412877947,0.0437617227,0.0601645275,2.3271146
4,-0.0412877947,0.0437617227,0.0601645275,2.3271146
5,-0.0412877947,0.0437617227,0.0601645275,2.3271146
6,-0.0412877947,0.0437617227,0.0601645275,2.3271146
7,-0.0412877947,0.0437617227,0.0601645275,2.3271146
8,-0.0412877947,0.0437617227,0.0601645275,2.3271146
9,-0.0412877947,0.0437617227,0.0601645275,2.3271146
10,-0.0412877947,0.0437617227,0.0601645275,2.3271146
11,-0.0412877947,0.0437617227,0.0601645275,2.3271146
12,-0.0412877947,0.0437617227,0.0601645275,2.3271146
13,-0.0412877947,0.0437617227,0.0601645275,2.3271146
14,-0.0412877947,0.0437617227,0.0601645275,2.3271146
15,-0.0412877947,0.0437617227,0.0601645275,2.3271146
16,-0.0412877947,0.0437617227,0.0601645275,2.3271146
17,-0.0412877947,0.0437617227,0.0601645275,2.3271146
18,-0.0412877947,0.0437617227,0.0601645275,2.3271146
19,-0.0412877947,0.0437617227,0.0601645275,2.3271146
20,-0.0412877947,0.0437617227,0.0601645275,2.3271146
21,-0.0412877947,0.0437617227,0.0601645275,2.3271146
22,-0.0412877947,0.0437617227,0.0601645275,2.3271146
23,-0.0412877947,0.0437617227,0.0601645275,2.3271146
24,-0.0412877947,0.0437617227,0.0601645275,2.3271146
25,-0.0412877947,0.0437617227,0.0601645275,2.3271146
26,-0.0412877947,0.0437617227,0.0601645275,2.3271146
27,-0.0412877947,0.0437617227,0.0601645275,2.3271146
28,-0.0412877947,0.0437617227,0.0601645275,2.3271146
29,-0.0412877947,0.0437617227,0.0601645275,2.3271146
30,-0.0412877947,0.0437617227,0.0601645275,2.3271146
31,-0.0412877947,0.0437617227,0.0601645275,2.3271146
32,-0.0412877947,0.0437617227,0.0601645275,2.3271146
33,-0.0412877947,0.0437617227,0.0601645275,2.3271146
34,-0.0412877947,0.0437617227,0.0601645275,2.3271146
35,-0.0412877947,0.0437617227,0.0601645275,2.3271146
36,-0.0412877947,0.0437617227,0.0601645275,2.3271146
37,-0.0412877947,0.0437617227,0.0601645275,2.3271146
38,-0.0412877947,0.0437617227,0.0601645275,2.3271146
39,-0.0412877947,0.0437617227,0.0601645275,2.3271146
40,-0.0412877947,0.0437617227,0.0601645275,2.3271146
41,-0.0412877947,0.0437617227,0.0601645275,2.3271146
42,-0.0412877947,0.0437617227,0.0601645275,2.3271146
43,-0.0412877947,0.0437617227,0.0601645275,2.3271146
44,-0.0412877947,0.0437617227,0.0601645275,2.3271146
45,-0.0412877947,0.0437617227,0.0601645275,2.3271146
46,-0.0412877947,0.0437617227,0.0601645275,2.3271146
47,-0.0412877947,0.0437617227,0.0601645275,2.3271146
48,-0.0412877947,0.0437617227,0.0601645275,2.3271146
49,-0.0412877947,0.0437617227,0.0601645275,2.3271146
50,-0.0412877947,0.0437617227,0.0601645275,2.3271146
51,-0.0412877947,0.0437617227,0.0601645275,2.3271146
52,-0.0412877947,0.0437617227,0.0601645275,2.3271146
53,-0.0412877947,0.0437617227,0.0601645275,2.3271146
54,-0.0412877947,0.0437617227,0.0601645275,2.3271146
55,-0.0412877947,0.0437617227,0.0601645275,2.3271146
56,-0.0412877947,0.0437617227,0.0601645275,2.3271146
57,-0.0412877947,0.0437617227,0.0601645275,2.3271146
58,-0.0412877947,0.0437617227,0.0601645275,2.3271146
59,-0.0412877947,0.0437617227,0.0601645275,2.3271146
60,-0.0412877947,0.0437617227,0.0601645275,2.3271146
61,-0.0412877947,0.0437617227,0.0601645275,2.3271146
62,-0.0412877947,0.0437617227,0.0601645275,2.3271146
63,-0.0412877947,0.0437617227,0.0601645275,2.3271146
64,-0.0412877947,0.0437617227,0.0601645275,2.3271146
65,-0.0412877947,0.0437617227,0.0601645275,2.3271146
66,-0.0412877947,0.0437617227,0.0601645275,2.3271146
67,-0.0412877947,0.0437617227,0.0601645275,2.3271146
68,-0.0412877947,0.0437617227,0.0601645275,2.3271146
69,-0.0412877947,0.0437617227,0.0601645275,2.3271146
70,-0.0412877947,0.0437617227,0.0601645275,2.3271146
71,-0.0412877947,0.0437617227,0.0601645275,2.3271146
72,-0.0412877947,0.0437617227,0.0601645275,2.3271146
73,-0.0412877947,0.0437617227,0.0601645275,2.3271146
74,-0.0412877947,0.0437617227,0.0601645275,2.3271146
75,-0.0412877947,0.0437617227,0.0601645275,2.3271146
76,-0.0412877947,0.0437617227,0.0601645275,2.3271146
77,-0.0412877947,0.0437617227,0.0601645275,2.3271146
78,-0.0412877947,0.0437617227,0.0601645275,2.3271146
79,-0.0412877947,0.0437617227,0.0601645275,2.3271146
80,-0.0412877947,0.0437617227,0.0601645275,2.3271146
81,-0.0412877947,0.0437617227,0.0601645275,2.3271146
82,-0.0412877947,0.0437617227,0.0601645275,2.3271146
83,-0.0412877947,0.0437617227,0.0601645275,2.3271146
84,-0.0412877947,0.0437617227,0.0601645275,2.3271146
85,-0.0412877947,0.0437617227,0.0601645275,2.3271146
86,-0.0412877947,0.0437617227,0.0601645275,2.3271146
87,-0.0412877947,0.0437617227,0.0601645275,2.3271146
88,-0.0412877947,0.0437617227,0.0601645275,2.3271146
89,-0.0412877947,0.0437617227,0.0601645275,2.3271146
90,-0.0412877947,0.0437617227,0.0601645275,2.3271146
91,-0.0412877947,0.0437617227,0.0601645275,2.3271146
92,-0.0412877947,0.0437617227,0.0601645275,2.3271146
93,-0.0412877947,0.0437617227,0.0601645275,2.3271146
94,-0.0412877947,0.0437617227,0.0601645275,2.3271146
95,-0.0412877947,0.0437617227,0.0601645275,2.3271146
96,-0.0412877947,0.0437617227,0.0601645275,2.3271146
97,-0.0412877947,0.0437617227,0.0601645275,2.3271146
98,-0.0412877947,0.0437617227,0.0601645275,2.3271146
99,-0.0412877947,0.0437617227,0.0601645275,2.3271146
100,-0.0412877947,0.0437617227,0.0601645275,2.3271146
101,-0.0412877947,0.0437617227,0.0601645275,2.3271146
102,-0.0412877947,0.0437617227,0.0601645275,2.3271146
103,-0.0412877947,0.0437617227,0.0601645275,2.3271146
104,-0.0412877947,0.0437617227,0.0601645275,2.3271146
105,-0.0412877947,0.0437617227,0.0601645275,2.3271146
106,-0.0412877947,0.0437617227,0.0601645275,2.3271146
107,-0.0412877947,0.0437617227,0.0601645275,2.3271146
108,-0.0412877947,0.0437617227,0.0601645275,2.3271146
109,-0.0412877947,0.0437617227,0.0601645275,2.3271146
110,-0.0412877947,0.0437617227,0.0601645275,2.3271146
111,-0.0412877947,0.0437617227,0.0601645275,2.3271146
112,-0.0412877947,0.0437617227,0.0601645275,2.3271146
113,-0.0412877947,0.0437617227,0.0601645275,2.3271146
114,-0.0412877947,0.0437617227,0.0601645275,2.3271146
115,-0.0412877947,0.0437617227,0.0601645275,2.3271146
116,-0.0412877947,0.0437617227,0.0601645275,2.3271146
117,-0.0412877947,0.0437617227,0.0601645275,2.3271146
118,-0.0412877947,0.0437617227,0.0601645275,2.3271146
119,-0.0412877947,0.0437617227,0.0601645275,2.3271146
120,-0.0412877947,0.0437617227,0.0601645275,2.3271146
121,-0.0412877947,0.0437617227,0.0601645275,2.3271146
122,-0.0412877947,0.0437617227,0.0601645275,2.3271146
123,-0.0412877947,0.0437617227,0.0601645275,2.3271146
124,-0.0412877947,0.0437617227,0.0601645275,2.3271146
125,-0.0412877947,0.0437617227,0.0601645275,2.3271146
126,-0.0412877947,0.0437617227,0.0601645275,2.3271146
127,-0.0412877947,0.0437617227,0.0601645275,2.3271146
128,-0.0412877947,0.0437617227,0.0601645275,2.3271146
129,-0.0412877947,0.0437617227,0.0601645275,2.3271146
130,-0.0412877947,0.0437617227,0.0601645275,2.3271146
131,-0.0412877947,0.0437617227,0.0601645275,2.3271146
132,-0.0412877947,0.0437617227,0.0601645275,2.3271146
133,-0.0412877947,0.0437617227,0.0601645275,2.3271146
134,-0.0412877947,0.0437617227,0.0601645275,2.3271146
135,-0.0412877947,0.0437617227,0.0601645275,2.3271146
136,-0.0412877947,0.0437617227,0.0601645275,2.3271146
137,-0.0412877947,0.0437617227,0.0601645275,2.3271146
138,-0.0412877947,0.0437617227,0.0601645275,2.3271146
139,-0.0412877947,0.0437617227,0.0601645275,2.3271146
140,-0.0412877947,0.0437617227,0.0601645275,2.3271146
141,-0.0412877947,0.0437617227,0.0601645275,2.3271146
142,-0.0412877947,0.0437617227,0.0601645275,2.3271146
143,-0.0412877947,0.0437617227,0.0601645275,2.3271146
144,-0.0412877947,0.0437617227,0.0601645275,2.3271146
145,-0.0412877947,0.0437617227,0.0601645275,2.3271146
146,-0.0412877947,0.0437617227,0.0601645275,2.3271146
147,-0.0412877947,0.0437617227,0.0601645275,2.3271146
148,-0.0412877947,0.0437617227,0.0601645275,2.3271146
149,-0.0412877947,0.0437617227,0.0601645275,2.3271146
150,-0.0412877947,0.0437617227,0.0601645275,2.3271146
151,-0.0412877947,0.0437617227,0.0601645275,2.3271146
152,-0.0412877947,0.0437617227,0.0601645275,2.3271146
153,-0.0412877947,0.0437617227,0.0601645275,2.3271146
154,-0.0412877947,0.0437617227,0.0601645275,2.3271146
155,-0.0412877947,0.0437617227,0.0601645275,2.3271146
156,-0.0412877947,0.0437617227,0.0601645275,2.3271146
157,-0.0412877947,0.0437617227,0.0601645275,2.3271146
158,-0.0412877947,0.0437617227,0.0601645275,2.3271146
159,-0.0412877947,0.0437617227,0.0601645275,2.3271146
160,-0.0412877947,0.0437617227,0.0601645275,2.3271146
161,-0.0412877947,0.0437617227,0.0601645275,2.3271146
162,-0.0412877947,0.0437617227,0.0601645275,2.3271146
163,-0.0412877947,0.0437617227,0.0601645275,2.3271146
164,-0.0412877947,0.0437617227,0.0601645275,2.3271146
165,-0.0412877947,0.0437617227,0.0601645275,2.3271146
166,-0.0412877947,0.0437617227,0.0601645275,2.3271146
167,-0.0412877947,0.0437617227,0.0601645275,2.3271146
168,-0.0412877947,0.0437617227,0.0601645275,2.3271146
169,-0.0412877947,0.0437617227,0.0601645275,2.3271146
170,-0.0412877947,0.0437617227,0.0601645275,2.3271146
171,-0.0412877947,0.0437617227,0.0601645275,2.3271146
172,-0.0412877947,0.0437617227,0.0601645275,2.3271146
173,-0.0412877947,0.0437617227,0.0601645275,2.3271146
174,-0.0412877947,0.0437617227,0.0601645275,2.3271146
175,-0.0412877947,0.0437617227,0.0601645275,2.3271146
176,-0.0412877947,0.0437617227,0.0601645275,2.3271146
177,-0.0412877947,0.0437617227,0.0601645275,2.3271146
178,-0.0412877947,0.0437617227,0.0601645275,2.3271146
179,-0.0412877947,0.0437617227,0.0601645275,2.3271146
180,-0.0412877947,0.0437617227,0.0601645275,2.3271146
181,-0.0412877947,0.0437617227,0.0601645275,2.3271146
182,-0.0412877947,0.0437617227,0.0601645275,2.3271146
183,-0.0412877947,0.0437617227,0.0601645275,2.3271146
184,-0.0412877947,0.0437617227,0.0601645275,2.3271146
185,-0.0412877947,0.0437617227,0.0601645275,2.3271146
186,-0.0412877947,0.0437617227,0.0601645275,2.3271146
187,-0.0412877947,0.0437617227,0.0601645275,2.3271146
188,-0.0412877947,0.0437617227,0.0601645275,2.3271146
189,-0.0412877947,0.0437617227,0.0601645275,2.3271146
190,-0.0412877947,0.0437617227,0.0601645275,2.3271146
191,-0.0412877947,0.0437617227,0.0601645275,2.3271146
192,-0.0412877947,0.0437617227,0.0601645275,2.3271146
193,-0.0412877947,0.0437617227,0.0601645275,2.3271146
194,-0.0412877947,0.0437617227,0.0601645275,2.3271146
195,-0.0412877947,0.0437617227,0.0601645275,2.3271146
196,-0.0412877947,0.0437617227,0.0601645275,2.3271146
197,-0.0412877947,0.0437617227,0.0601645275,2.3271146
198,-0.0412877947,0.0437617227,0.0601645275,2.3271146
199,-0.0412877947,0.0437617227,0.0601645275,2.3271146
200,-0.0412877947,0.0437617227,0.0601645275,2.3271146
201,-0.0412877947,0.0437617227,0.0601645275,2.3271146
202,-0.0412877947,0.0437617227,0.0601645275,2.3271146
203,-0.0412877947,0.0437617227,0.0601645275,2.3271146
204,-0.0412877947,0.0437617227,0.0601645275,2.3271146
205,-0.0412877947,0.0437617227,0.0601645275,2.3271146
206,-0.0412877947,0.0437617227,0.0601645275,2.3271146
207,-0.0412877947,0.0437617227,0.0601645275,2.3271146
208,-0.0412877947,0.0437617227,0.0601645275,2.3271146
209,-0.0412877947,0.0437617227,0.0601645275,2.3271146
210,-0.0412877947,0.0437617227,0.0601645275,2.3271146
211,-0.0412877947,0.0437617227,0.0601645275,2.3271146
212,-0.0412877947,0.0437617227,0.0601645275,2.3271146
213,-0.0412877947,0.0437617227,0.0601645275,2.3271146
214,-0.0412877947,0.0437617227,0.0601645275,2.3271146
215,-0.0412877947,0.0437617227,0.0601645275,2.3271146
216,-0.0412877947,0.0437617227,0.0601645275,2.3271146
217,-0.0412877947,0.0437617227,0.0601645275,2.3271146
218,-0.0412877947,0.0437617227,0.0601645275,2.3271146
219,-0.0412877947,0.0437617227,0.0601645275,2.3271146
220,-0.0412877947,0.0437617227,0.0601645275,2.3271146
221,-0.0412877947,0.0437617227,0.0601645275,2.3271146
222,-0.0412877947,0.0437617227,0.0601645275,2.3271146
223,-0.0412877947,0.0437617227,0.0601645275,2.3271146
224,-0.0412877947,0.0437617227,0.0601645275,2.3271146
225,-0.0412877947,0.0437617227,0.0601645275,2.3271146
226,-0.0412877947,0.0437617227,0.0601645275,2.3271146
227,-0.0412877947,0.0437617227,0.0601645275,2.3271146
228,-0.0412877947,0.0437617227,0.0601645275,2.3271146
229,-0.0412877947,0.0437617227,0.0601645275,2.3271146
230,-0.0412877947,0.0437617227,0.0601645275,2.3271146
231,-0.0412877947,0.0437617227,0.0601645275,2.3271146
232,-0.0412877947,0.0437617227,0.0601645275,2.3271146
233,-0.0412877947,0.0437617227,0.0601645275,2.3271146
234,-0.0412877947,0.0437617227,0.0601645275,2.3271146
235,-0.0412877947,0.0437617227,0.0601645275,2.3271146
236,-0.0412877947,0.0437617227,0.0601645275,2.3271146
237,-0.0412877947,0.0437617227,0.0601645275,2.3271146
238,-0.0412877947,0.0437617227,0.0601645275,2.3271146
239,-0.0412877947,0.0437617227,0.0601645275,2.3271146
240,-0.0412877947,0.0437617227,0.0601645275,2.3271146
241,-0.0412877947,0.0437617227,0.0601645275,2.3271146
242,-0.0412877947,0.0437617227,0.0601645275,2.3271146
243,-0.0412877947,0.0437617227,0.0601645275,2.3271146
244,-0.0412877947,0.0437617227,0.0601645275,2.3271146
245,-0.0412877947,0.0437617227,0.0601645275,2.3271146
246,-0.0412877947,0.0437617227,0.0601645275,2.3271146
247,-0.0412877947,0.0437617227,0.0601645275,2.3271146
248,-0.0412877947,0.0437617227,0.0601645275,2.3271146
249,-0.0412877947,0.0437617227,0.0601645275,2.3271146
250,-0.0412877947,0.0437617227,0.0601645275,2.3271146
251,-0.0412877947,0.0437617227,0.0601645275,2.3271146
252,-0.0412877947,0.0437617227,0.0601645275,2.3271146
253,-0.0412877947,0.0437617227,0.0601645275,2.3271146
254,-0.0412877947,0.0437617227,0.0601645275,2.3271146
255,-0.0412877947,0.0437617227,0.0601645275,2.3271146
256,-0.0412877947,0.0437617227,0.0601645275,2.3271146
257,-0.0412877947,0.0437617227,0.0601645275,2.3271146
258,-0.0412877947,0.0437617227,0.0601645275,2.3271146
259,-0.0412877947,0.0437617227,0.0601645275,2.3271146
260,-0.0412877947,0.0437617227,0.0601645275,2.3271146
261,-0.0412877947,0.0437617227,0.0601645275,2.3271146
262,-0.0412877947,0.0437617227,0.0601645275,2.3271146
263,-0.0412877947,0.0437617227,0.0601645275,2.3271146
264,-0.0412877947,0.0437617227,0.0601645275,2.3271146
265,-0.0412877947,0.0437617227,0.0601645275,2.3271146
266,-0.0412877947,0.0437617227,0.0601645275,2.3271146
267,-0.0412877947,0.0437617227,0.0601645275,2.3271146
268,-0.0412877947,0.0437617227,0.0601645275,2.3271146
269,-0.0412877947,0.0437617227,0.0601645275,2.3271146
270,-0.0412877947,0.0437617227,0.0601645275,2.3271146
271,-0.0412877947,0.0437617227,0.0601645275,2.3271146
272,-0.0412877947,0.0437617227,0.0601645275,2.3271146
273,-0.0412877947,0.0437617227,0.0601645275,2.3271146
274,-0.0412877947,0.0437617227,0.0601645275,2.3271146
275,-0.0412877947,0.0437617227,0.0601645275,2.3271146
276,-0.0412877947,0.0437617227,0.0601645275,2.3271146
277,-0.0412877947,0.0437617227,0.0601645275,2.3271146
278,-0.0412877947,0.0437617227,0.0601645275,2.3271146
279,-0.0412877947,0.0437617227,0.0601645275,2.3271146
280,-0.0412877947,0.0437617227,0.0601645275,2.3271146
281,-0.0412877947,0.0437617227,0.0601645275,2.3271146
282,-0.0412877947,0.0437617227,0.0601645275,2.3271146
283,-0.0412877947,0.0437617227,0.0601645275,2.3271146
284,-0.0412877947,0.0437617227,0.0601645275,2.3271146
285,-0.0412877947,0.0437617227,0.0601645275,2.3271146
286,-0.0412877947,0.0437617227,0.0601645275,2.3271146
287,-0.0412877947,0.0437617227,0.0601645275,2.3271146
288,-0.0412877947,0.0437617227,0.0601645275,2.3271146
289,-0.0412877947,0.0437617227,0.0601645275,2.3271146
290,-0.0412877947,0.0437617227,0.0601645275,2.3271146
291,-0.0412877947,0.0437617227,0.0601645275,2.3271146
292,-0.0412877947,0.0437617227,0.0601645275,2.3271146
293,-0.0412877947,0.0437617227,0.0601645275,2.3271146
294,-0.0412877947,0.0437617227,0.0601645275,2.3271146
295,-0.0412877947,0.0437617227,0.0601645275,2.3271146
296,-0.0412877947,0.0437617227,0.0601645275,2.3271146
297,-0.0412877947,0.0437617227,0.0601645275,2.3271146
298,-0.0412877947,0.0437617227,0.0601645275,2.3271146
299,-0.0412877947,0.0437617227,0.0601645275,2.3271146
300,-0.0412877947,0.0437617227,0.0601645275,2.3271146
301,-0.0412877947,0.0437617227,0.0601645275,2.3271146
302,-0.0412877947,0.0437617227,0.0601645275,2.3271146
303,-0.0412877947,0.0437617227,0.0601645275,2.3271146
304,-0.0412877947,0.0437617227,0.0601645275,2.3271146
305,-0.0412877947,0.0437617227,0.0601645275,2.3271146
306,-0.0412877947,0.0437617227,0.0601645275,2.3271146
307,-0.0412877947,0.0437617227,0.0601645275,2.3271146
308,-0.0412877947,0.0437617227,0.0601645275,2.3271146
309,-0.0412877947,0.0437617227,0.0601645275,2.3271146
310,-0.0412877947,0.0437617227,0.0601645275,2.3271146
311,-0.0412877947,0.0437617227,0.0601645275,2.3271146
312,-0.0412877947,0.0437617227,0.0601645275,2.3271146
313,-0.0412877947,0.0437617227,0.0601645275,2.3271146
314,-0.0412877947,0.0437617227,0.0601645275,2.3271146
315,-0.0412877947,0.0437617227,0.0601645275,2.3271146
316,-0.0412877947,0.0437617227,0.0601645275,2.3271146
317,-0.0412877947,0.0437617227,0.0601645275,2.3271146
318,-0.0412877947,0.0437617227,0.0601645275,2.3271146
319,-0.0412877947,0.0437617227,0.0601645275,2.3271146
320,-0.0412877947,0.0437617227,0.0601645275,2.3271146
321,-0.0412877947,0.0437617227,0.0601645275,2.3271146
322,-0.0412877947,0.0437617227,0.0601645275,2.3271146
323,-0.0412877947,0.0437617227,0.0601645275,2.3271146
324,-0.0412877947,0.0437617227,0.0601645275,2.3271146
325,-0.0412877947,0.0437617227,0.0601645275,2.3271146
326,-0.0412877947,0.0437617227,0.0601645275,2.3271146
327,-0.0412877947,0.0437617227,0.0601645275,2.3271146
328,-0.0412877947,0.0437617227,0.0601645275,2.3271146
329,-0.0412877947,0.0437617227,0.0601645275,2.3271146
330,-0.0412877947,0.0437617227,0.0601645275,2.3271146
331,-0.0412877947,0.0437617227,0.0601645275,2.3271146
332,-0.0412877947,0.0437617227,0.0601645275,2.3271146
333,-0.0412877947,0.0437617227,0.0601645275,2.3271146
334,-0.0412877947,0.0437617227,0.0601645275,2.3271146
335,-0.0412877947,0.0437617227,0.0601645275,2.3271146
336,-0.0412877947,0.0437617227,0.0601645275,2.3271146
337,-0.0412877947,0.0437617227,0.0601645275,2.3271146
338,-0.0412877947,0.0437617227,0.0601645275,2.3271146
339,-0.0412877947,0.0437617227,0.0601645275,2.3271146
340,-0.0412877947,0.0437617227,0.0601645275,2.3271146
341,-0.0412877947,0.0437617227,0.0601645275,2.3271146
342,-0.0412877947,0.0437617227,0.0601645275,2.3271146
343,-0.0412877947,0.0437617227,0.0601645275,2.3271146
344,-0.0412877947,0.0437617227,0.0601645275,2.3271146
345,-0.0412877947,0.0437617227,0.0601645275,2.3271146
346,-0.0412877947,0.0437617227,0.0601645275,2.3271146
347,-0.0412877947,0.0437617227,0.0601645275,2.3271146
348,-0.0412877947,0.0437617227,0.0601645275,2.3271146
349,-0.0412877947,0.0437617227,0.0601645275,2.3271146
350,-0.0412877947,0.0437617227,0.0601645275,2.3271146
351,-0.0412877947,0.0437617227,0.0601645275,2.3271146
352,-0.0412877947,0.0437617227,0.0601645275,2.3271146
353,-0.0412877947,0.0437617227,0.0601645275,2.3271146
354,-0.0412877947,0.0437617227,0.0601645275,2.3271146
355,-0.0412877947,0.0437617227,0.0601645275,2.3271146
356,-0.0412877947,0.0437617227,0.0601645275,2.3271146
357,-0.0412877947,0.0437617227,0.0601645275,2.3271146
358,-0.0412877947,0.0437617227,0.0601645275,2.3271146
359,-0.0412877947,0.0437617227,0.0601645275,2.3271146
360,-0.0412877947,0.0437617227,0.0601645275,2.3271146
361,-0.0412877947,0.0437617227,0.0601645275,2.3271146
362,-0.0412877947,0.0437617227,0.0601645275,2.3271146
363,-0.0412877947,0.0437617227,0.0601645275,2.3271146
364,-0.0412877947,0.0437617227,0.0601645275,2.3271146
365,-0.0412877947,0.0437617227,0.0601645275,2.3271146
366,-0.0412877947,0.0437617227,0.0601645275,2.3271146
367,-0.0412877947,0.0437617227,0.0601645275,2.3271146
368,-0.0412877947,0.0437617227,0.0601645275,2.3271146
369,-0.0412877947,0.0437617227,0.0601645275,2.3271146
370,-0.0412877947,0.0437617227,0.0601645275,2.3271146
371,-0.0412877947,0.0437617227,0.0601645275,2.3271146
372,-0.0412877947,0.0437617227,0.0601645275,2.3271146
373,-0.0412877947,0.0437617227,0.0601645275,2.3271146
374,-0.0412877947,0.0437617227,0.0601645275,2.3271146
375,-0.0412877947,0.0437617227,0.0601645275,2.3271146
376,-0.0412877947,0.0437617227,0.0601645275,2.3271146
377,-0.0412877947,0.0437617227,0.0601645275,2.3271146
378,-0.0412877947,0.0437617227,0.0601645275,2.3271146
379,-0.0412877947,0.0437617227,0.0601645275,2.3271146
380,-0.0412877947,0.0437617227,0.0601645275,2.3271146
381,-0.0412877947,0.0437617227,0.0601645275,2.3271146
382,-0.0412877947,0.0437617227,0.0601645275,2.3271146
383,-0.0412877947,0.0437617227,0.0601645275,2.3271146
384,-0.0412877947,0.0437617227,0.0601645275,2.3271146
385,-0.0412877947,0.0437617227,0.0601645275,2.3271146
386,-0.0412877947,0.0437617227,0.0601645275,2.3271146
387,-0.0412877947,0.0437617227,0.0601645275,2.3271146
388,-0.0412877947,0.0437617227,0.0601645275,2.3271146
389,-0.0412877947,0.0437617227,0.0601645275,2.3271146
390,-0.0412877947,0.0437617227,0.0601645275,2.3271146
391,-0.0412877947,0.0437617227,0.0601645275,2.3271146
392,-0.0412877947,0.0437617227,0.0601645275,2.3271146
393,-0.0412877947,0.0437617227,0.0601645275,2.3271146
394,-0.0412877947,0.0437617227,0.0601645275,2.3271146
395,-0.0412877947,0.0437617227,0.0601645275,2.3271146
396,-0.0412877947,0.0437617227,0.0601645275,2.3271146
397,-0.0412877947,0.0437617227,0.0601645275,2.3271146
398,-0.0412877947,0.0437617227,0.0601645275,2.3271146
399,-0.0412877947,0.0437617227,0.0601645275,2.3271146
400,-0.0412877947,0.0437617227,0.0601645275,2.3271146
401,-0.0412877947,0.0437617227,0.0601645275,2.3271146
402,-0.0412877947,0.0437617227,0.0601645275,2.3271146
403,-0.0412877947,0.0437617227,0.0601645275,2.3271146
404,-0.0412877947,0.0437617227,0.0601645275,2.3271146
405,-0.0412877947,0.0437617227,0.0601645275,2.3271146
406,-0.0412877947,0.0437617227,0.0601645275,2.3271146
407,-0.0412877947,0.0437617227,0.0601645275,2.3271146
408,-0.0412877947,0.0437617227,0.0601645275,2.3271146
409,-0.0412877947,0.0437617227,0.0601645275,2.3271146
410,-0.0412877947,0.0437617227,0.0601645275,2.3271146
411,-0.0412877947,0.0437617227,0.0601645275,2.3271146
412,-0.0412877947,0.0437617227,0.0601645275,2.3271146
413,-0.0412877947,0.0437617227,0.0601645275,2.3271146
414,-0.0412877947,0.0437617227,0.0601645275,2.3271146
415,-0.0412877947,0.0437617227,0.0601645275,2.3271146
416,-0.0412877947,0.0437617227,0.0601645275,2.3271146
417,-0.0412877947,0.0437617227,0.0601645275,2.3271146
418,-0.0412877947,0.0437617227,0.0601645275,2.3271146
419,-0.0412877947,0.0437617227,0.0601645275,2.3271146
420,-0.0412877947,0.0437617227,0.0601645275,2.3271146
421,-0.0412877947,0.0437617227,0.0601645275,2.3271146
422,-0.0412877947,0.0437617227,0.0601645275,2.3271146
423,-0.0412877947,0.0437617227,0.0601645275,2.3271146
424,-0.0412877947,0.0437617227,0.0601645275,2.3271146
425,-0.0412877947,0.0437617227,0.0601645275,2.3271146
426,-0.0412877947,0.0437617227,0.0601645275,2.3271146
427,-0.0412877947,0.0437617227,0.0601645275,2.3271146
428,-0.0412877947,0.0437617227,0.0601645275,2.3271146
429,-0.0412877947,0.0437617227,0.0601645275,2.3271146
430,-0.0412877947,0.0437617227,0.0601645275,2.3271146
431,-0.0412877947,0.0437617227,0.0601645275,2.3271146
432,-0.0412877947,0.0437617227,0.0601645275,2.3271146
433,-0.0412877947,0.0437617227,0.0601645275,2.3271146
434,-0.0412877947,0.0437617227,0.0601645275,2.3271146
435,-0.0412877947,0.0437617227,0.0601645275,2.3271146
436,-0.0412877947,0.0437617227,0.0601645275,2.3271146
437,-0.0412877947,0.0437617227,0.0601645275,2.3271146
438,-0.0412877947,0.0437617227,0.0601645275,2.3271146
439,-0.0412877947,0.0437617227,0.0601645275,2.3271146
440,-0.0412877947,0.0437617227,0.0601645275,2.3271146
441,-0.0412877947,0.0437617227,0.0601645275,2.3271146
442,-0.0412877947,0.0437617227,0.0601645275,2.3271146
443,-0.0412877947,0.0437617227,0.0601645275,2.3271146
444,-0.0412877947,0.0437617227,0.0601645275,2.3271146
445,-0.0412877947,0.0437617227,0.0601645275,2.3271146
446,-0.0412877947,0.0437617227,0.0601645275,2.3271146
447,-0.0412877947,0.0437617227,0.0601645275,2.3271146
448,-0.0412877947,0.0437617227,0.0601645275,2.3271146
449,-0.0412877947,0.0437617227,0.0601645275,2.3271146
450,-0.0412877947,0.0437617227,0.0601645275,2.3271146
451,-0.0412877947,0.0437617227,0.0601645275,2.3271146
452,-0.0412877947,0.0437617227,0.0601645275,2.3271146
453,-0.0412877947,0.0437617227,0.0601645275,2.3271146
454,-0.0412877947,0.0437617227,0.0601645275,2.3271146
455,-0.0412877947,0.0437617227,0.0601645275,2.3271146
456,-0.0412877947,0.0437617227,0.0601645275,2.3271146
457,-0.0412877947,0.0437617227,0.0601645275,2.3271146
458,-0.0412877947,0.0437617227,0.0601645275,2.3271146
459,-0.0412877947,0.0437617227,0.0601645275,2.3271146
460,-0.0412877947,0.0437617227,0.0601645275,2.3271146
461,-0.0412877947,0.0437617227,0.0601645275,2.3271146
462,-0.0412877947,0.0437617227,0.0601645275,2.3271146
463,-0.0412877947,0.0437617227,0.0601645275,2.3271146
464,-0.0412877947,0.0437617227,0.0601645275,2.3271146
465,-0.0412877947,0.0437617227,0.0601645275,2.3271146
466,-0.0412877947,0.0437617227,0.0601645275,2.3271146
467,-0.0412877947,0.0437617227,0.0601645275,2.3271146
468,-0.0412877947,0.0437617227,0.0601645275,2.3271146
469,-0.0412877947,0.0437617227,0.0601645275,2.3271146
470,-0.0412877947,0.0437617227,0.0601645275,2.3271146
471,-0.0412877947,0.0437617227,0.0601645275,2.3271146
472,-0.0412877947,0.0437617227,0.0601645275,2.3271146
473,-0.0412877947,0.0437617227,0.0601645275,2.3271146
474,-0.0412877947,0.0437617227,0.0601645275,2.3271146
475,-0.0412877947,0.0437617227,0.0601645275,2.3271146
476,-0.0412877947,0.0437617227,0.0601645275,2.3271146
477,-0.0412877947,0.0437617227,0.0601645275,2.3271146
478,-0.0412877947,0.0437617227,0.0601645275,2.3271146
479,-0.0412877947,0.0437617227,0.0601645275,2.3271146
480,-0.0412877947,0.0437617227,0.0601645275,2.3271146
481,-0.0412877947,0.0437617227,0.0601645275,2.3271146
482,-0.0412877947,0.0437617227,0.0601645275,2.3271146
483,-0.0412877947,0.0437617227,0.0601645275,2.3271146
484,-0.0412877947,0.0437617227,0.0601645275,2.3271146
485,-0.0412877947,0.0437617227,0.0601645275,2.3271146
486,-0.0412877947,0.0437617227,0.0601645275,2.3271146
487,-0.0412877947,0.0437617227,0.0601645275,2.3271146
488,-0.0412877947,0.0437617227,0.0601645275,2.3271146
489,-0.0412877947,0.0437617227,0.0601645275,2.3271146
490,-0.0412877947,0.0437617227,0.0601645275,2.3271146
491,-0.0412877947,0.0437617227,0.0601645275,2.3271146
492,-0.0412877947,0.0437617227,0.0601645275,2.3271146
493,-0.0412877947,0.0437617227,0.0601645275,2.3271146
494,-0.0412877947,0.0437617227,0.0601645275,2.3271146
495,-0.0412877947,0.0437617227,0.0601645275,2.3271146
496,-0.0412877947,0.0437617227,0.0601645275,2.3271146
497,-0.0412877947,0.0437617227,0.0601645275,2.3271146
498,-0.0412877947,0.0437617227,0.0601645275,2.3271146
499,-0.0412877947,0.0437617227,0.0601645275,2.3271146
500,-0.0412877947,0.0437617227,0.0601645275,2.3271146
501,-0.0412877947,0.0437617227,0.0601645275,2.3271146
502,-0.0412877947,0.0437617227,0.0601645275,2.3271146
503,-0.0412877947,0.0437617227,0.0601645275,2.3271146
504,-0.0412877947,0.0437617227,0.0601645275,2.3271146
505,-0.0412877947,0.0437617227,0.0601645275,2.3271146
506,-0.0412877947,0.0437617227,0.0601645275,2.3271146
507,-0.0412877947,0.0437617227,0.0601645275,2.3271146
508,-0.0412877947,0.0437617227,0.0601645275,2.3271146
509,-0.0412877947,0.0437617227,0.0601645275,2.3271146
510,-0.0412877947,0.0437617227,0.0601645275,2.3271146
511,-0.0412877947,0.0437617227,0.0601645275,2.3271146
512,-0.0412877947,0.0437617227,0.0601645275,2.3271146
513,-0.0412877947,0.0437617227,0.0601645275,2.3271146
514,-0.0412877947,0.0437617227,0.0601645275,2.3271146
515,-0.0412877947,0.0437617227,0.0601645275,2.3271146
516,-0.0412877947,0.0437617227,0.0601645275,2.3271146
517,-0.0412877947,0.0437617227,0.0601645275,2.3271146
518,-0.0412877947,0.0437617227,0.0601645275,2.3271146
519,-0.0412877947,0.0437617227,0.0601645275,2.3271146
520,-0.0412877947,0.0437617227,0.0601645275,2.3271146
521,-0.0412877947,0.0437617227,0.0601645275,2.3271146
522,-0.0412877947,0.0437617227,0.0601645275,2.3271146
523,-0.0412877947,0.0437617227,0.0601645275,2.3271146
524,-0.0412877947,0.0437617227,0.0601645275,2.3271146
525,-0.0412877947,0.0437617227,0.0601645275,2.3271146
526,-0.0412877947,0.0437617227,0.0601645275,2.3271146
527,-0.0412877947,0.0437617227,0.0601645275,2.3271146
528,-0.0412877947,0.0437617227,0.0601645275,2.3271146
529,-0.0412877947,0.0437617227,0.0601645275,2.3271146
530,-0.0412877947,0.0437617227,0.0601645275,2.3271146
531,-0.0412877947,0.0437617227,0.0601645275,2.3271146
532,-0.0412877947,0.0437617227,0.0601645275,2.3271146
533,-0.0412877947,0.0437617227,0.0601645275,2.3271146
534,-0.0412877947,0.0437617227,0.0601645275,2.3271146
535,-0.0412877947,0.0437617227,0.0601645275,2.3271146
536,-0.0412877947,0.0437617227,0.0601645275,2.3271146
537,-0.0412877947,0.0437617227,0.0601645275,2.3271146
538,-0.0412877947,0.0437617227,0.0601645275,2.3271146
539,-0.0412877947,0.0437617227,0.0601645275,2.3271146
540,-0.0412877947,0.0437617227,0.0601645275,2.3271146
541,-0.0412877947,0.0437617227,0.0601645275,2.3271146
542,-0.0412877947,0.0437617227,0.0601645275,2.3271146
543,-0.0412877947,0.0437617227,0.0601645275,2.3271146
544,-0.0412877947,0.0437617227,0.0601645275,2.3271146
545,-0.0412877947,0.0437617227,0.0601645275,2.3271146
546,-0.0412877947,0.0437617227,0.0601645275,2.3271146
547,-0.0412877947,0.0437617227,0.0601645275,2.3271146
548,-0.0412877947,0.0437617227,0.0601645275,2.3271146
549,-0.0412877947,0.0437617227,0.0601645275,2.3271146
550,-0.0412877947,0.0437617227,0.0601645275,2.3271146
551,-0.0412877947,0.0437617227,0.0601645275,2.3271146
552,-0.0412877947,0.0437617227,0.0601645275,2.3271146
553,-0.0412877947,0.0437617227,0.0601645275,2.3271146
554,-0.0412877947,0.0437617227,0.0601645275,2.3271146
555,-0.0412877947,0.0437617227,0.0601645275,2.3271146
556,-0.0412877947,0.0437617227,0.0601645275,2.3271146
557,-0.0412877947,0.0437617227,0.0601645275,2.3271146
558,-0.0412877947,0.0437617227,0.0601645275,2.3271146
559,-0.0412877947,0.0437617227,0.0601645275,2.3271146
560,-0.0412877947,0.0437617227,0.0601645275,2.3271146
561,-0.0412877947,0.0437617227,0.0601645275,2.3271146
562,-0.0412877947,0.0437617227,0.0601645275,2.3271146
563,-0.0412877947,0.0437617227,0.0601645275,2.3271146
564,-0.0412877947,0.0437617227,0.0601645275,2.3271146
565,-0.0412877947,0.0437617227,0.0601645275,2.3271146
566,-0.0412877947,0.0437617227,0.0601645275,2.3271146
567,-0.0412877947,0.0437617227,0.0601645275,2.3271146
568,-0.0412877947,0.0437617227,0.0601645275,2.3271146
569,-0.0412877947,0.0437617227,0.0601645275,2.3271146
570,-0.0412877947,0.0437617227,0.0601645275,2.3271146
571,-0.0412877947,0.0437617227,0.0601645275,2.3271146
572,-0.0412877947,0.0437617227,0.0601645275,2.3271146
573,-0.0412877947,0.0437617227,0.0601645275,2.3271146
574,-0.0412877947,0.0437617227,0.0601645275,2.3271146
575,-0.0412877947,0.0437617227,0.0601645275,2.3271146
576,-0.0412877947,0.0437617227,0.0601645275,2.3271146
577,-0.0412877947,0.0437617227,0.0601645275,2.3271146
578,-0.0412877947,0.0437617227,0.0601645275,2.3271146
579,-0.0412877947,0.0437617227,0.0601645275,2.3271146
580,-0.0412877947,0.0437617227,0.0601645275,2.3271146
581,-0.0412877947,0.0437617227,0.0601645275,2.3271146
582,-0.0412877947,0.0437617227,0.0601645275,2.3271146
583,-0.0412877947,0.0437617227,0.0601645275,2.3271146
584,-0.0412877947,0.0437617227,0.0601645275,2.3271146
585,-0.0412877947,0.0437617227,0.0601645275,2.3271146
586,-0.0412877947,0.0437617227,0.0601645275,2.3271146
587,-0.0412877947,0.0437617227,0.0601645275,2.3271146
588,-0.0412877947,0.0437617227,0.0601645275,2.3271146
589,-0.0412877947,0.0437617227,0.0601645275,2.3271146
590,-0.0412877947,0.0437617227,0.0601645275,2.3271146
591,-0.0412877947,0.0437617227,0.0601645275,2.3271146
592,-0.0412877947,0.0437617227,0.0601645275,2.3271146
593,-0.0412877947,0.0437617227,0.0601645275,2.3271146
594,-0.0412877947,0.0437617227,0.0601645275,2.3271146
595,-0.0412877947,0.0437617227,0.0601645275,2.3271146
596,-0.0412877947,0.0437617227,0.0601645275,2.3271146
597,-0.0412877947,0.0437617227,0.0601645275,2.3271146
598,-0.0412877947,0.0437617227,0.0601645275,2.3271146
599,-0.0412877947,0.0437617227,0.0601645275,2.3271146
600,-0.0412877947,0.0437617227,0.0601645275,2.3271146
601,-0.0412877947,0.0437617227,0.0601645275,2.3271146
602,-0.0412877947,0.0437617227,0.0601645275,2.3271146
603,-0.0412877947,0.0437617227,0.0601645275,2.3271146
604,-0.0412877947,0.0437617227,0.0601645275,2.3271146
605,-0.0412877947,0.0437617227,0.0601645275,2.3271146
606,-0.0412877947,0.0437617227,0.0601645275,2.3271146
607,-0.0412877947,0.0437617227,0.0601645275,2.3271146
608,-0.0412877947,0.0437617227,0.0601645275,2.3271146
609,-0.0412877947,0.0437617227,0.0601645275,2.3271146
610,-0.0412877947,0.0437617227,0.0601645275,2.3271146
611,-0.0412877947,0.0437617227,0.0601645275,2.3271146
612,-0.0412877947,0.0437617227,0.0601645275,2.3271146
613,-0.0412877947,0.0437617227,0.0601645275,2.3271146
614,-0.0412877947,0.0437617227,0.0601645275,2.3271146
615,-0.0412877947,0.0437617227,0.0601645275,2.3271146
616,-0.0412877947,0.0437617227,0.0601645275,2.3271146
617,-0.0412877947,0.0437617227,0.0601645275,2.3271146
618,-0.0412877947,0.0437617227,0.0601645275,2.3271146
619,-0.0412877947,0.0437617227,0.0601645275,2.3271146
620,-0.0412877947,0.0437617227,0.0601645275,2.3271146
621,-0.0412877947,0.0437617227,0.0601645275,2.3271146
622,-0.0412877947,0.0437617227,0.0601645275,2.3271146
623,-0.0412877947,0.0437617227,0.0601645275,2.3271146
624,-0.0412877947,0.0437617227,0.0601645275,2.3271146
625,-0.0412877947,0.0437617227,0.0601645275,2.3271146
626,-0.0412877947,0.0437617227,0.0601645275,2.3271146
627,-0.0412877947,0.0437617227,0.0601645275,2.3271146
628,-0.0412877947,0.0437617227,0.0601645275,2.3271146
629,-0.0412877947,0.0437617227,0.0601645275,2.3271146
630,-0.0412877947,0.0437617227,0.0601645275,2.3271146
631,-0.0412877947,0.0437617227,0.0601645275,2.3271146
632,-0.0412877947,0.0437617227,0.0601645275,2.3271146
633,-0.0412877947,0.0437617227,0.0601645275,2.3271146
634,-0.0412877947,0.0437617227,0.0601645275,2.3271146
635,-0.0412877947,0.0437617227,0.0601645275,2.3271146
636,-0.0412877947,0.0437617227,0.0601645275,2.3271146
637,-0.0412877947,0.0437617227,0.0601645275,2.3271146
638,-0.0412877947,0.0437617227,0.0601645275,2.3271146
639,-0.0412877947,0.0437617227,0.0601645275,2.3271146
640,-0.0412877947,0.0437617227,0.0601645275,2.3271146
641,-0.0412877947,0.0437617227,0.0601645275,2.3271146
642,-0.0412877947,0.0437617227,0.0601645275,2.3271146
643,-0.0412877947,0.0437617227,0.0601645275,2.3271146
644,-0.0412877947,0.0437617227,0.0601645275,2.3271146
645,-0.0412877947,0.0437617227,0.0601645275,2.3271146
646,-0.0412877947,0.0437617227,0.0601645275,2.3271146
647,-0.0412877947,0.0437617227,0.0601645275,2.3271146
648,-0.0412877947,0.0437617227,0.0601645275,2.3271146
649,-0.0412877947,0.0437617227,0.0601645275,2.3271146
650,-0.0412877947,0.0437617227,0.0601645275,2.3271146
651,-0.0412877947,0.0437617227,0.0601645275,2.3271146
652,-0.0412877947,0.0437617227,0.0601645275,2.3271146
653,-0.0412877947,0.0437617227,0.0601645275,2.3271146
654,-0.0412877947,0.0437617227,0.0601645275,2.3271146
655,-0.0412877947,0.0437617227,0.0601645275,2.3271146
656,-0.0412877947,0.0437617227,0.0601645275,2.3271146
657,-0.0412877947,0.0437617227,0.0601645275,2.3271146
658,-0.0412877947,0.0437617227,0.0601645275,2.3271146
659,-0.0412877947,0.0437617227,0.0601645275,2.3271146
660,-0.0412877947,0.0437617227,0.0601645275,2.3271146
661,-0.0412877947,0.0437617227,0.0601645275,2.3271146
662,-0.0412877947,0.0437617227,0.0601645275,2.3271146
663,-0.0412877947,0.0437617227,0.0601645275,2.3271146
664,-0.0412877947,0.0437617227,0.0601645275,2.3271146
665,-0.0412877947,0.0437617227,0.0601645275,2.3271146
666,-0.0412877947,0.0437617227,0.0601645275,2.3271146
667,-0.0412877947,0.0437617227,0.0601645275,2.3271146
668,-0.0412877947,0.0437617227,0.0601645275,2.3271146
669,-0.0412877947,0.0437617227,0.0601645275,2.3271146
670,-0.0412877947,0.0437617227,0.0601645275,2.3271146
671,-0.0412877947,0.0437617227,0.0601645275,2.3271146
672,-0.0412877947,0.0437617227,0.0601645275,2.3271146
673,-0.0412877947,0.0437617227,0.0601645275,2.3271146
674,-0.0412877947,0.0437617227,0.0601645275,2.3271146
675,-0.0412877947,0.0437617227,0.0601645275,2.3271146
676,-0.0412877947,0.0437617227,0.0601645275,2.3271146
677,-0.0412877947,0.0437617227,0.0601645275,2.3271146
678,-0.0412877947,0.0437617227,0.0601645275,2.3271146
679,-0.0412877947,0.0437617227,0.0601645275,2.3271146
680,-0.0412877947,0.0437617227,0.0601645275,2.3271146
681,-0.0412877947,0.0437617227,0.0601645275,2.3271146
682,-0.0412877947,0.0437617227,0.0601645275,2.3271146
683,-0.0412877947,0.0437617227,0.0601645275,2.3271146
684,-0.0412877947,0.0437617227,0.0601645275,2.3271146
685,-0.0412877947,0.0437617227,0.0601645275,2.3271146
686,-0.0412877947,0.0437617227,0.0601645275,2.3271146
687,-0.0412877947,0.0437617227,0.0601645275,2.3271146
688,-0.0412877947,0.0437617227,0.0601645275,2.3271146
689,-0.0412877947,0.0437617227,0.0601645275,2.3271146
690,-0.0412877947,0.0437617227,0.0601645275,2.3271146
691,-0.0412877947,0.0437617227,0.0601645275,2.3271146
692,-0.0412877947,0.0437617227,0.0601645275,2.3271146
693,-0.0412877947,0.0437617227,0.0601645275,2.3271146
694,-0.0412877947,0.0437617227,0.0601645275,2.3271146
695,-0.0412877947,0.0437617227,0.0601645275,2.3271146
696,-0.0412877947,0.0437617227,0.0601645275,2.3271146
697,-0.0412877947,0.0437617227,0.0601645275,2.3271146
698,-0.0412877947,0.0437617227,0.0601645275,2.3271146
699,-0.0412877947,0.0437617227,0.0601645275,2.3271146
700,-0.0412877947,0.0437617227,0.0601645275,2.3271146
701,-0.0412877947,0.0437617227,0.0601645275,2.3271146
702,-0.0412877947,0.0437617227,0.0601645275,2.3271146
703,-0.0412877947,0.0437617227,0.0601645275,2.3271146
704,-0.0412877947,0.0437617227,0.0601645275,2.3271146
705,-0.0412877947,0.0437617227,0.0601645275,2.3271146
706,-0.0412877947,0.0437617227,0.0601645275,2.3271146
707,-0.0412877947,0.0437617227,0.0601645275,2.3271146
708,-0.0412877947,0.0437617227,0.0601645275,2.3271146
709,-0.0412877947,0.0437617227,0.0601645275,2.3271146
710,-0.0412877947,0.0437617227,0.0601645275,2.3271146
711,-0.0412877947,0.0437617227,0.0601645275,2.3271146
712,-0.0412877947,0.0437617227,0.0601645275,2.3271146
713,-0.0412877947,0.0437617227,0.0601645275,2.3271146
714,-0.0412877947,0.0437617227,0.0601645275,2.3271146
715,-0.0412877947,0.0437617227,0.0601645275,2.3271146
716,-0.0412877947,0.0437617227,0.0601645275,2.3271146
717,-0.0412877947,0.0437617227,0.0601645275,2.3271146
718,-0.0412877947,0.0437617227,0.0601645275,2.3271146
719,-0.0412877947,0.0437617227,0.0601645275,2.3271146
720,-0.0412877947,0.0437617227,0.0601645275,2.3271146
721,-0.0412877947,0.0437617227,0.0601645275,2.3271146
722,-0.0412877947,0.0437617227,0.0601645275,2.3271146
723,-0.0412877947,0.0437617227,0.0601645275,2.3271146
724,-0.0412877947,0.0437617227,0.0601645275,2.3271146
725,-0.0412877947,0.0437617227,0.0601645275,2.3271146
726,-0.0412877947,0.0437617227,0.0601645275,2.3271146
727,-0.0412877947,0.0437617227,0.0601645275,2.3271146
728,-0.0412877947,0.0437617227,0.0601645275,2.3271146
729,-0.0412877947,0.0437617227,0.0601645275,2.3271146
730,-0.0412877947,0.0437617227,0.0601645275,2.3271146
731,-0.0412877947,0.0437617227,0.0601645275,2.3271146
732,-0.0412877947,0.0437617227,0.0601645275,2.3271146
733,-0.0412877947,0.0437617227,0.0601645275,2.3271146
734,-0.0412877947,0.0437617227,0.0601645275,2.3271146
735,-0.0412877947,0.0437617227,0.0601645275,2.3271146
736,-0.0412877947,0.0437617227,0.0601645275,2.3271146
737,-0.0412877947,0.0437617227,0.0601645275,2.3271146
738,-0.0412877947,0.0437617227,0.0601645275,2.3271146
739,-0.0412877947,0.0437617227,0.0601645275,2.3271146
740,-0.0412877947,0.0437617227,0.0601645275,2.3271146
741,-0.0412877947,0.0437617227,0.0601645275,2.3271146
742,-0.0412877947,0.0437617227,0.0601645275,2.3271146
743,-0.0412877947,0.0437617227,0.0601645275,2.3271146
744,-0.0412877947,0.0437617227,0.0601645275,2.3271146
745,-0.0412877947,0.0437617227,0.0601645275,2.3271146
746,-0.0412877947,0.0437617227,0.0601645275,2.3271146
747,-0.0412877947,0.0437617227,0.0601645275,2.3271146
748,-0.0412877947,0.0437617227,0.0601645275,2.3271146
749,-0.0412877947,0.0437617227,0.0601645275,2.3271146
750,-0.0412877947,0.0437617227,0.0601645275,2.3271146
751,-0.0412877947,0.0437617227,0.0601645275,2.3271146
752,-0.0412877947,0.0437617227,0.0601645275,2.3271146
753,-0.0412877947,0.0437617227,0.0601645275,2.3271146
754,-0.0412877947,0.0437617227,0.0601645275,2.3271146
755,-0.0412877947,0.0437617227,0.0601645275,2.3271146
756,-0.0412877947,0.0437617227,0.0601645275,2.3271146
757,-0.0412877947,0.0437617227,0.0601645275,2.3271146
758,-0.0412877947,0.0437617227,0.0601645275,2.3271146
759,-0.0412877947,0.0437617227,0.0601645275,2.3271146
760,-0.0412877947,0.0437617227,0.0601645275,2.3271146
761,-0.0412877947,0.0437617227,0.0601645275,2.3271146
762,-0.0412877947,0.0437617227,0.0601645275,2.3271146
763,-0.0412877947,0.0437617227,0.0601645275,2.3271146
764,-0.0412877947,0.0437617227,0.0601645275,2.3271146
765,-0.0412877947,0.0437617227,0.0601645275,2.3271146
766,-0.0412877947,0.0437617227,0.0601645275,2.3271146
767,-0.0412877947,0.0437617227,0.0601645275,2.3271146
768,-0.0412877947,0.0437617227,0.0601645275,2.3271146
769,-0.0412877947,0.0437617227,0.0601645275,2.3271146
770,-0.0412877947,0.0437617227,0.0601645275,2.3271146
771,-0.0412877947,0.0437617227,0.0601645275,2.3271146
772,-0.0412877947,0.0437617227,0.0601645275,2.3271146
773,-0.0412877947,0.0437617227,0.0601645275,2.3271146
774,-0.0412877947,0.0437617227,0.0601645275,2.3271146
775,-0.0412877947,0.0437617227,0.0601645275,2.3271146
776,-0.0412877947,0.0437617227,0.0601645275,2.3271146
777,-0.0412877947,0.0437617227,0.0601645275,2.3271146
778,-0.0412877947,0.0437617227,0.0601645275,2.3271146
779,-0.0412877947,0.0437617227,0.0601645275,2.3271146
780,-0.0412877947,0.0437617227,0.0601645275,2.3271146
781,-0.0412877947,0.0437617227,0.0601645275,2.3271146
782,-0.0412877947,0.0437617227,0.0601645275,2.3271146
783,-0.0412877947,0.0437617227,0.0601645275,2.3271146
784,-0.0412877947,0.0437617227,0.0601645275,2.3271146
785,-0.0412877947,0.0437617227,0.0601645275,2.3271146
786,-0.0412877947,0.0437617227,0.0601645275,2.3271146
787,-0.0412877947,0.0437617227,0.0601645275,2.3271146
788,-0.0412877947,0.0437617227,0.0601645275,2.3271146
789,-0.0412877947,0.0437617227,0.0601645275,2.3271146
790,-0.0412877947,0.0437617227,0.0601645275,2.3271146
791,-0.0412877947,0.0437617227,0.0601645275,2.3271146
792,-0.0412877947,0.0437617227,0.0601645275,2.3271146
793,-0.0412877947,0.0437617227,0.0601645275,2.3271146
794,-0.0412877947,0.0437617227,0.0601645275,2.3271146
795,-0.0412877947,0.0437617227,0.0601645275,2.3271146
796,-0.0412877947,0.0437617227,0.0601645275,2.3271146
797,-0.0412877947,0.0437617227,0.0601645275,2.3271146
798,-0.0412877947,0.0437617227,0.0601645275,2.3271146
799,-0.0412877947,0.0437617227,0.0601645275,2.3271146
800,-0.0412877947,0.0437617227,0.0601645275,2.3271146
801,-0.0412877947,0.0437617227,0.0601645275,2.3271146
802,-0.0412877947,0.0437617227,0.0601645275,2.3271146
803,-0.0412877947,0.0437617227,0.0601645275,2.3271146
804,-0.0412877947,0.0437617227,0.0601645275,2.3271146
805,-0.0412877947,0.0437617227,0.0601645275,2.3271146
806,-0.0412877947,0.0437617227,0.0601645275,2.3271146
807,-0.0412877947,0.0437617227,0.0601645275,2.3271146
808,-0.0412877947,0.0437617227,0.0601645275,2.3271146
809,-0.0412877947,0.0437617227,0.0601645275,2.3271146
810,-0.0412877947,0.0437617227,0.0601645275,2.3271146
811,-0.0412877947,0.0437617227,0.0601645275,2.3271146
812,-0.0412877947,0.0437617227,0.0601645275,2.3271146
813,-0.0412877947,0.0437617227,0.0601645275,2.3271146
814,-0.0412877947,0.0437617227,0.0601645275,2.3271146
815,-0.0412877947,0.0437617227,0.0601645275,2.3271146
816,-0.0412877947,0.0437617227,0.0601645275,2.3271146
817,-0.0412877947,0.0437617227,0.0601645275,2.3271146
818,-0.0412877947,0.0437617227,0.0601645275,2.3271146
819,-0.0412877947,0.0437617227,0.0601645275,2.3271146
820,-0.0412877947,0.0437617227,0.0601645275,2.3271146
821,-0.0412877947,0.0437617227,0.0601645275,2.3271146
822,-0.0412877947,0.0437617227,0.0601645275,2.3271146
823,-0.0412877947,0.0437617227,0.0601645275,2.3271146
824,-0.0412877947,0.0437617227,0.0601645275,2.3271146
825,-0.0412877947,0.0437617227,0.0601645275,2.3271146
826,-0.0412877947,0.0437617227,0.0601645275,2.3271146
827,-0.0412877947,0.0437617227,0.0601645275,2.3271146
828,-0.0412877947,0.0437617227,0.0601645275,2.3271146
829,-0.0412877947,0.0437617227,0.0601645275,2.3271146
830,-0.0412877947,0.0437617227,0.0601645275,2.3271146
831,-0.0412877947,0.0437617227,0.0601645275,2.3271146
832,-0.0412877947,0.0437617227,0.0601645275,2.3271146
833,-0.0412877947,0.0437617227,0.0601645275,2.3271146
834,-0.0412877947,0.0437617227,0.0601645275,2.3271146
835,-0.0412877947,0.0437617227,0.0601645275,2.3271146
836,-0.0412877947,0.0437617227,0.0601645275,2.3271146
837,-0.0412877947,0.0437617227,0.0601645275,2.3271146
838,-0.0412877947,0.0437617227,0.0601645275,2.3271146
839,-0.0412877947,0.0437617227,0.0601645275,2.3271146
840,-0.0412877947,0.0437617227,0.0601645275,2.3271146
841,-0.0412877947,0.0437617227,0.0601645275,2.3271146
842,-0.0412877947,0.0437617227,0.0601645275,2.3271146
843,-0.0412877947,0.0437617227,0.0601645275,2.3271146
844,-0.0412877947,0.0437617227,0.0601645275,2.3271146
845,-0.0412877947,0.0437617227,0.0601645275,2.3271146
846,-0.0412877947,0.0437617227,0.0601645275,2.3271146
847,-0.0412877947,0.0437617227,0.0601645275,2.3271146
848,-0.0412877947,0.0437617227,0.0601645275,2.3271146
849,-0.0412877947,0.0437617227,0.0601645275,2.3271146
850,-0.0412877947,0.0437617227,0.0601645275,2.3271146
851,-0.0412877947,0.0437617227,0.0601645275,2.3271146
852,-0.0412877947,0.0437617227,0.0601645275,2.3271146
853,-0.0412877947,0.0437617227,0.0601645275,2.3271146
854,-0.0412877947,0.0437617227,0.0601645275,2.3271146
855,-0.0412877947,0.0437617227,0.0601645275,2.3271146
856,-0.0412877947,0.0437617227,0.0601645275,2.3271146
857,-0.0412877947,0.0437617227,0.0601645275,2.3271146
858,-0.0412877947,0.0437617227,0.0601645275,2.3271146
859,-0.0412877947,0.0437617227,0.0601645275,2.3271146
860,-0.0412877947,0.0437617227,0.0601645275,2.3271146
861,-0.0412877947,0.0437617227,0.0601645275,2.3271146
862,-0.0412877947,0.0437617227,0.0601645275,2.3271146
863,-0.0412877947,0.0437617227,0.0601645275,2.3271146
