file,adv_addr,pdu_type,access_address,pcap_ts,bw_3db_hz,cfo_centroid_hz,cfo_hz,cfo_preaa_hz,cfo_std_hz,cfo_std_hz_sym,cfo_two_stage_coarse_hz,cfo_two_stage_hz,cfo_two_stage_score,gated_len_us,i_std,iq_gain_alpha,iq_phase_deg,mag_mean,psd_centroid_hz,psd_pnr_db,q_std,rise_time_us
pkt_000000.fc32,df:62:ef:89:f6:2f,0,8E89BED6,1761613508.343572,1102040.8163265307,18179.258339692566,-32083.853130782863,-37771.19987067093,570553.5625,392243.15251011506,5208.029869451908,nan,0.4999999999998418,392.0,0.6742352247238159,0.9129586815834045,81.59944969123418,0.8820784687995911,-16043.901177231028,11.87870052052656,0.7385166883468628,1.5
pkt_000001.fc32,df:62:ef:89:f6:2f,0,8E89BED6,1761613508.343801,1102040.8163265307,18179.258339692566,-32083.853130782863,-37771.19987067093,570553.5625,392243.15251011506,5208.029869451908,nan,0.4999999999998418,392.0,0.6742352247238159,0.9129586815834045,81.59944969123418,0.8820784687995911,-16043.901177231028,11.87870052052656,0.7385166883468628,1.5
pkt_000002.fc32,df:62:ef:89:f6:2f,0,8E89BED6,1761613508.953578,683673.4693877551,9016.134900375275,-7940.253806901765,21786.546101585474,560644.4375,398376.93402449833,3683.246898039879,nan,0.5999999999998101,392.0,0.7265992760658264,1.0575462579727173,10.342247870538566,0.885932445526123,13484.921557277188,12.408362893565958,0.6870614290237427,0.5
pkt_000003.fc32,df:62:ef:89:f6:2f,0,8E89BED6,1761613508.954585,683673.4693877551,9016.134900375275,-7940.253806901765,21786.546101585474,560644.4375,398376.93402449833,3683.246898039879,nan,0.5999999999998101,392.0,0.7265992760658264,1.0575462579727173,10.342247870538566,0.885932445526123,13484.921557277188,12.408362893565958,0.6870614290237427,0.5
pkt_000004.fc32,df:62:ef:89:f6:2f,4,8E89BED6,1761613508.955110,1749999.9999999998,8725.02061638839,-19169.230655400628,2781.689996124531,564196.375,404455.0482958237,1598.772128533581,nan,0.5999999999998101,328.0,0.7257776856422424,1.0550178289413452,8.045871162872357,0.8896734714508057,22921.373943805906,10.385592755342486,0.6879293322563171,0.5
pkt_000005.fc32,df:62:ef:89:f6:2f,4,8E89BED6,1761613508.955496,1749999.9999999998,8725.02061638839,-19169.230655400628,2781.689996124531,564196.375,404455.0482958237,1598.772128533581,nan,0.5999999999998101,328.0,0.7257776856422424,1.0550178289413452,8.045871162872357,0.8896734714508057,22921.373943805906,10.385592755342486,0.6879293322563171,0.5
pkt_000006.fc32,df:62:ef:89:f6:2f,0,8E89BED6,1761613509.534150,2551.0204081632655,1592.666064616538,9794.009243427172,-41314.66643817162,545969.625,370006.7789853336,-290.1175703591032,nan,0.4499999999998576,392.0,0.7117396593093872,1.013234257698059,41.48946090794215,0.8785739541053772,-48302.01821766613,16.550150711939615,0.7024433016777039,0.0
pkt_000007.fc32,df:62:ef:89:f6:2f,0,8E89BED6,1761613509.534252,2551.0204081632655,1592.666064616538,9794.009243427172,-41314.66643817162,545969.625,370006.7789853336,-290.1175703591032,nan,0.4499999999998576,392.0,0.7117396593093872,1.013234257698059,41.48946090794215,0.8785739541053772,-48302.01821766613,16.550150711939615,0.7024433016777039,0.0
pkt_000008.fc32,df:62:ef:89:f6:2f,0,8E89BED6,1761613510.078291,1775510.2040816327,-2076.630990664291,35523.785414114776,16705.391694300084,560417.0625,389884.5376617437,-5130.906274868412,nan,0.39999999999987346,392.0,0.7297077775001526,1.0672000646591187,-9.896162230072266,0.889508843421936,9643.0792933078,10.012636822755312,0.6837591528892517,1.0
pkt_000009.fc32,df:62:ef:89:f6:2f,0,8E89BED6,1761613510.541728,1732142.8571428573,-3498.40802783219,27467.930655510547,-47804.37067805923,553298.9375,391985.3179541831,11956.276505494043,nan,0.4499999999998576,392.0,0.695111870765686,0.9669080972671509,-63.204022003330955,0.8816937804222107,30567.915252779116,10.613730450203192,0.7189016342163086,0.0
pkt_000010.fc32,df:62:ef:89:f6:2f,0,8E89BED6,1761613511.010376,1086734.6938775512,-16624.28524312915,10593.19533006992,95318.96109420682,559088.625,400796.19829301524,-9750.284177560534,nan,0.4499999999998576,392.0,0.6965959072113037,0.9709144830703735,87.20334515458116,0.8858871459960938,-8562.223080776075,11.621330454233632,0.7174637317657471,0.0
pkt_000011.fc32,df:62:ef:89:f6:2f,0,8E89BED6,1761613511.010556,1086734.6938775512,-16624.28524312915,10593.19533006992,95318.96109420682,559088.625,400796.19829301524,-9750.284177560534,nan,0.4499999999998576,392.0,0.6965959072113037,0.9709144830703735,87.20334515458116,0.8858871459960938,-8562.223080776075,11.621330454233632,0.7174637317657471,0.0
pkt_000012.fc32,df:62:ef:89:f6:2f,0,8E89BED6,1761613511.493171,1599489.7959183673,-10232.250944605928,16696.587153573113,3613.198530058287,579195.4375,393233.7088702126,-10263.219283971075,nan,0.39999999999987346,392.0,0.6838497519493103,0.9372646808624268,-71.03521116682677,0.890472948551178,24508.04385710516,11.29397328913802,0.7296228408813477,0.0
pkt_000013.fc32,df:62:ef:89:f6:2f,0,8E89BED6,1761613512.033636,1686224.4897959186,nan,nan,nan,nan,nan,nan,nan,nan,392.0,0.7038068771362305,0.9907312989234924,-64.49041758165048,0.892399251461029,-63244.42491656087,9.393146790139253,0.7103912830352783,0.0
pkt_000014.fc32,df:62:ef:89:f6:2f,0,8E89BED6,1761613512.033769,1686224.4897959186,nan,nan,nan,nan,nan,nan,nan,nan,392.0,0.7038068771362305,0.9907312989234924,-64.49041758165048,0.892399251461029,-63244.42491656087,9.393146790139253,0.7103912830352783,0.0
pkt_000015.fc32,df:62:ef:89:f6:2f,0,8E89BED6,1761613512.617867,821428.5714285715,-16942.14138973323,-9581.555379236213,nan,570894.1875,388765.128538731,-19531.938453750554,4572.842208223898,0.549999999999826,392.0,0.7202146649360657,1.0381454229354858,1.4537706733841242,0.8905512094497681,-31928.563225247704,14.04323452486819,0.6937511563301086,0.0
pkt_000016.fc32,df:62:ef:89:f6:2f,0,8E89BED6,1761613512.618050,821428.5714285715,-16942.14138973323,-9581.555379236213,nan,570894.1875,388765.128538731,-19531.938453750554,4572.842208223898,0.549999999999826,392.0,0.7202146649360657,1.0381454229354858,1.4537706733841242,0.8905512094497681,-31928.563225247704,14.04323452486819,0.6937511563301086,0.0
pkt_000017.fc32,df:62:ef:89:f6:2f,0,8E89BED6,1761613513.191621,1910714.285714286,15186.373349709676,7290.122369333773,114483.13432655015,577829.0,410414.68046486337,13132.913876445453,nan,0.4999999999998418,392.0,0.7037355303764343,0.9905323386192322,-50.846845586918086,0.8881426453590393,-37592.73290484376,11.193934492242366,0.7104619741439819,0.0
pkt_000018.fc32,df:62:ef:89:f6:2f,4,8E89BED6,1761613513.191833,1923780.487804878,14346.294077821358,-6955.208905148796,37405.00686741977,578221.0625,413394.31039402005,15594.29679933876,nan,0.39999999999987346,328.0,0.6985204815864563,0.9761461019515991,-59.22782774266813,0.8907424211502075,-39012.623565029986,10.407108406514505,0.7155900597572327,0.0
pkt_000019.fc32,df:62:ef:89:f6:2f,4,8E89BED6,1761613513.191870,1923780.487804878,14346.294077821358,-6955.208905148796,37405.00686741977,578221.0625,413394.31039402005,15594.29679933876,nan,0.39999999999987346,328.0,0.6985204815864563,0.9761461019515991,-59.22782774266813,0.8907424211502075,-39012.623565029986,10.407108406514505,0.7155900597572327,0.0
pkt_000020.fc32,df:62:ef:89:f6:2f,0,8E89BED6,1761613513.684340,1923469.3877551022,-119.56528269610953,22604.23358172217,nan,570795.625,401555.43356525316,8538.393436126578,35407.28591290963,0.549999999999826,392.0,0.6845033764839172,0.9389496445655823,80.80220406579937,0.8850265145301819,16295.231735655294,10.395623349790785,0.7290096879005432,0.0
pkt_000021.fc32,df:62:ef:89:f6:2f,0,8E89BED6,1761613513.684454,1923469.3877551022,-119.56528269610953,22604.23358172217,nan,570795.625,401555.43356525316,8538.393436126578,35407.28591290963,0.549999999999826,392.0,0.6845033764839172,0.9389496445655823,80.80220406579937,0.8850265145301819,16295.231735655294,10.395623349790785,0.7290096879005432,0.0
pkt_000022.fc32,df:62:ef:89:f6:2f,0,8E89BED6,1761613514.171788,10204.081632653062,-123.21115963261366,11683.60182875399,60916.512500705045,568968.3125,399306.68856243085,-12722.378833816854,nan,0.4499999999998576,392.0,0.7087745070457458,1.0047340393066406,-29.924985896103173,0.8866007328033447,6891.005886848715,12.184992050815307,0.7054349184036255,0.5
pkt_000023.fc32,df:62:ef:89:f6:2f,0,8E89BED6,1761613514.660146,1887755.1020408166,851.6403283437762,-44693.33809079151,-32407.900546624194,571158.0625,381670.2812595695,7557.701994684663,nan,0.3499999999998893,392.0,0.7005914449691772,0.9818218350410461,-75.28513439935665,0.8951929807662964,-55131.12076516323,10.467696239596194,0.7135627269744873,0.5
pkt_000024.fc32,df:62:ef:89:f6:2f,4,8E89BED6,1761613514.660338,1887195.1219512194,nan,nan,nan,nan,nan,nan,nan,nan,328.0,0.7000547647476196,0.9803464412689209,-69.9836415938419,0.8956429362297058,-55022.80445293678,9.687961345121412,0.7140891551971436,0.0
pkt_000025.fc32,df:62:ef:89:f6:2f,0,8E89BED6,1761613515.130930,1823979.591836735,-7807.53543742711,-26028.90228953387,-112122.01382146751,567598.875,399031.8211798089,-10991.013406626065,nan,0.39999999999987346,392.0,0.7064434289932251,0.9981263875961304,47.35962464137551,0.8888770937919617,43007.677618289665,10.604382359659695,0.707769513130188,1.0
pkt_000026.fc32,df:62:ef:89:f6:2f,0,8E89BED6,1761613515.131042,1823979.591836735,-7807.53543742711,-26028.90228953387,-112122.01382146751,567598.875,399031.8211798089,-10991.013406626065,nan,0.39999999999987346,392.0,0.7064434289932251,0.9981263875961304,47.35962464137551,0.8888770937919617,43007.677618289665,10.604382359659695,0.707769513130188,1.0
pkt_000027.fc32,df:62:ef:89:f6:2f,0,8E89BED6,1761613515.609894,1153061.224489796,8697.91759960139,-26201.827026801744,71423.61068753415,561611.0,401353.0361100189,9273.638847625569,nan,0.4999999999998418,392.0,0.7090964317321777,1.0056514739990234,21.271847068749263,0.8837979435920715,25587.744661618082,10.481348466369898,0.7051115036010742,0.5
pkt_000028.fc32,df:62:ef:89:f6:2f,0,8E89BED6,1761613515.610001,1153061.224489796,8697.91759960139,-26201.827026801744,71423.61068753415,561611.0,401353.0361100189,9273.638847625569,nan,0.4999999999998418,392.0,0.7090964317321777,1.0056514739990234,21.271847068749263,0.8837979435920715,25587.744661618082,10.481348466369898,0.7051115036010742,0.5
pkt_000029.fc32,df:62:ef:89:f6:2f,0,8E89BED6,1761613516.121447,1780612.2448979593,-1856.9916273729607,-4671.77201905203,18053.89040885582,563599.3125,383721.20375857374,1395.7798349570946,nan,0.39999999999987346,392.0,0.7047656178474426,0.9934108257293701,-50.44041960213621,0.8752894401550293,1818.5713132374547,11.310660576715252,0.709440290927887,0.5
pkt_000030.fc32,df:62:ef:89:f6:2f,0,8E89BED6,1761613516.781742,1413265.3061224492,-8580.010159465684,-23880.029912909387,nan,577532.3125,400869.9568178103,-1012.572469974406,26436.585065038395,0.4999999999998418,392.0,0.7187341451644897,1.0337259769439697,21.44370271935266,0.8845410943031311,16917.590209328864,10.14200810349612,0.6952849626541138,0.5
pkt_000031.fc32,df:62:ef:89:f6:2f,0,8E89BED6,1761613516.781834,1413265.3061224492,-8580.010159465684,-23880.029912909387,nan,577532.3125,400869.9568178103,-1012.572469974406,26436.585065038395,0.4999999999998418,392.0,0.7187341451644897,1.0337259769439697,21.44370271935266,0.8845410943031311,16917.590209328864,10.14200810349612,0.6952849626541138,0.5
pkt_000032.fc32,df:62:ef:89:f6:2f,0,8E89BED6,1761613517.387900,0.0,-6326.656325575837,100.60646866383955,nan,553345.5625,382536.6432656311,-13318.515573577108,-6022.82707501076,0.4999999999998418,392.0,0.7102000713348389,1.0088069438934326,-41.122030758184366,0.8871904611587524,-14417.547523283281,14.693119362068332,0.7039999961853027,0.5
pkt_000033.fc32,df:62:ef:89:f6:2f,0,8E89BED6,1761613517.388056,0.0,-6326.656325575837,100.60646866383955,nan,553345.5625,382536.6432656311,-13318.515573577108,-6022.82707501076,0.4999999999998418,392.0,0.7102000713348389,1.0088069438934326,-41.122030758184366,0.8871904611587524,-14417.547523283281,14.693119362068332,0.7039999961853027,0.5
pkt_000034.fc32,df:62:ef:89:f6:2f,0,8E89BED6,1761613517.969597,2551.0204081632655,-3526.760387431641,30988.50185973092,24221.399447395775,556999.875,379613.7923284641,-7407.407790676512,nan,0.39999999999987346,392.0,0.7025409936904907,0.9872094392776489,78.36135277185599,0.8857523202896118,35017.425538113326,13.57989509766554,0.7116432785987854,0.0
pkt_000035.fc32,df:62:ef:89:f6:2f,0,8E89BED6,1761613518.490693,0.0,-935.2189732516641,-22539.372872135125,-153082.99978349247,560406.5,395973.6715301353,-6273.789200427855,nan,0.4499999999998576,392.0,0.7284550666809082,1.0632927417755127,-29.17235050756142,0.8945719599723816,17866.918772824694,13.558325411202173,0.6850936412811279,0.5
pkt_000036.fc32,df:62:ef:89:f6:2f,0,8E89BED6,1761613518.490832,0.0,-935.2189732516641,-22539.372872135125,-153082.99978349247,560406.5,395973.6715301353,-6273.789200427855,nan,0.4499999999998576,392.0,0.7284550666809082,1.0632927417755127,-29.17235050756142,0.8945719599723816,17866.918772824694,13.558325411202173,0.6850936412811279,0.5
pkt_000037.fc32,df:62:ef:89:f6:2f,0,8E89BED6,1761613518.969004,2551.0204081632655,-2293.3738064807644,-13951.99302947985,-87238.3160691463,546051.125,374432.14978420903,-2638.731269582583,nan,0.4499999999998576,392.0,0.7158225178718567,1.0251190662384033,-13.495012259781864,0.883558452129364,-27704.645573519763,17.19858454544398,0.6982823610305786,1.5
pkt_000038.fc32,df:62:ef:89:f6:2f,0,8E89BED6,1761613518.969124,2551.0204081632655,-2293.3738064807644,-13951.99302947985,-87238.3160691463,546051.125,374432.14978420903,-2638.731269582583,nan,0.4499999999998576,392.0,0.7158225178718567,1.0251190662384033,-13.495012259781864,0.883558452129364,-27704.645573519763,17.19858454544398,0.6982823610305786,1.5
pkt_000039.fc32,df:62:ef:89:f6:2f,0,8E89BED6,1761613519.453717,1584183.673469388,3829.4616361304547,52272.41007142692,-23374.36824135611,557644.5625,396768.9476496807,867.2645336799847,nan,0.4499999999998576,392.0,0.7016115784645081,0.9846357107162476,58.42359805633298,0.8918942809104919,10339.639397985236,10.422417234052585,0.7125595808029175,0.0
pkt_000040.fc32,df:62:ef:89:f6:2f,0,8E89BED6,1761613519.453862,1584183.673469388,3829.4616361304547,52272.41007142692,-23374.36824135611,557644.5625,396768.9476496807,867.2645336799847,nan,0.4499999999998576,392.0,0.7016115784645081,0.9846357107162476,58.42359805633298,0.8918942809104919,10339.639397985236,10.422417234052585,0.7125595808029175,0.0
pkt_000041.fc32,df:62:ef:89:f6:2f,0,8E89BED6,1761613519.928881,783163.2653061226,-2402.219001534471,-5889.969163383087,24249.130489744723,558468.0,404670.8962654836,-4628.723463126489,nan,0.39999999999987346,392.0,0.7193171381950378,1.035462498664856,7.40860881155947,0.8851302862167358,-5736.6977415084,11.604880738333492,0.6946819424629211,0.0
pkt_000042.fc32,df:62:ef:89:f6:2f,0,8E89BED6,1761613519.928976,783163.2653061226,-2402.219001534471,-5889.969163383087,24249.130489744723,558468.0,404670.8962654836,-4628.723463126489,nan,0.39999999999987346,392.0,0.7193171381950378,1.035462498664856,7.40860881155947,0.8851302862167358,-5736.6977415084,11.604880738333492,0.6946819424629211,0.0
pkt_000043.fc32,df:62:ef:89:f6:2f,4,8E89BED6,1761613519.929114,161585.36585365853,-10620.703048011947,4987.543463059193,41393.05234527136,561161.625,419686.5648252311,-6960.382550654353,nan,0.39999999999987346,328.0,0.7229127883911133,1.0462753772735596,-8.305855398120118,0.8820160627365112,-28118.784503725772,12.273382461958562,0.6909393668174744,1.0
pkt_000044.fc32,df:62:ef:89:f6:2f,4,8E89BED6,1761613519.929157,161585.36585365853,-10620.703048011947,4987.543463059193,41393.05234527136,561161.625,419686.5648252311,-6960.382550654353,nan,0.39999999999987346,328.0,0.7229127883911133,1.0462753772735596,-8.305855398120118,0.8820160627365112,-28118.784503725772,12.273382461958562,0.6909393668174744,1.0
pkt_000045.fc32,df:62:ef:89:f6:2f,0,8E89BED6,1761613520.426768,1900510.2040816327,-5553.069685829611,-13529.796032424783,92254.23624087441,554319.0,379522.3142189138,-8371.359132013593,nan,0.4499999999998576,392.0,0.7111884951591492,1.0116459131240845,39.07424281876386,0.8813677430152893,-42940.743687683345,10.149606899255577,0.7030014395713806,0.0
pkt_000046.fc32,df:62:ef:89:f6:2f,0,8E89BED6,1761613520.426985,1900510.2040816327,-5553.069685829611,-13529.796032424783,92254.23624087441,554319.0,379522.3142189138,-8371.359132013593,nan,0.4499999999998576,392.0,0.7111884951591492,1.0116459131240845,39.07424281876386,0.8813677430152893,-42940.743687683345,10.149606899255577,0.7030014395713806,0.0
pkt_000047.fc32,df:62:ef:89:f6:2f,4,8E89BED6,1761613520.427192,1637195.1219512194,-2874.1605802506137,-63489.79575688119,-16812.840293477577,545616.1875,378569.2725565858,-6865.939028056785,nan,0.4499999999998576,328.0,0.707160234451294,1.0001510381698608,44.92010740697863,0.8859327435493469,-34730.846561742495,11.344544796456116,0.7070534229278564,0.5
pkt_000048.fc32,df:62:ef:89:f6:2f,4,8E89BED6,1761613520.427239,1637195.1219512194,-2874.1605802506137,-63489.79575688119,-16812.840293477577,545616.1875,378569.2725565858,-6865.939028056785,nan,0.4499999999998576,328.0,0.707160234451294,1.0001510381698608,44.92010740697863,0.8859327435493469,-34730.846561742495,11.344544796456116,0.7070534229278564,0.5
pkt_000049.fc32,df:62:ef:89:f6:2f,0,8E89BED6,1761613520.933979,1729591.836734694,-15772.92338037933,-9013.071975574687,nan,556467.6875,374292.9849825436,-17374.68370845022,-40876.202440475914,0.549999999999826,392.0,0.7226886749267578,1.0455962419509888,19.962028325418327,0.8925307989120483,3575.213796782581,10.581745656595334,0.6911736726760864,0.0
pkt_000050.fc32,df:62:ef:89:f6:2f,0,8E89BED6,1761613520.934139,1729591.836734694,-15772.92338037933,-9013.071975574687,nan,556467.6875,374292.9849825436,-17374.68370845022,-40876.202440475914,0.549999999999826,392.0,0.7226886749267578,1.0455962419509888,19.962028325418327,0.8925307989120483,3575.213796782581,10.581745656595334,0.6911736726760864,0.0
pkt_000051.fc32,df:62:ef:89:f6:2f,0,8E89BED6,1761613521.417592,1326530.612244898,nan,nan,nan,nan,nan,nan,nan,nan,392.0,0.6937856078147888,0.9633482694625854,65.37737213383508,0.8928791880607605,16405.089961498947,9.85071501042741,0.7201815247535706,6.0
pkt_000052.fc32,df:62:ef:89:f6:2f,0,8E89BED6,1761613521.417964,1326530.612244898,nan,nan,nan,nan,nan,nan,nan,nan,392.0,0.6937856078147888,0.9633482694625854,65.37737213383508,0.8928791880607605,16405.089961498947,9.85071501042741,0.7201815247535706,6.0
pkt_000053.fc32,df:62:ef:89:f6:2f,0,8E89BED6,1761613522.105379,7653.061224489797,2951.3991588503986,27161.65358947856,56727.519537240834,566633.0625,394615.6373584582,1002.7568157944277,nan,0.4499999999998576,392.0,0.7220727205276489,1.0437335968017578,-35.351313293201265,0.8809189796447754,12466.057554618723,13.837759419426792,0.6918171048164368,0.5
pkt_000054.fc32,df:62:ef:89:f6:2f,0,8E89BED6,1761613522.105563,7653.061224489797,2951.3991588503986,27161.65358947856,56727.519537240834,566633.0625,394615.6373584582,1002.7568157944277,nan,0.4499999999998576,392.0,0.7220727205276489,1.0437335968017578,-35.351313293201265,0.8809189796447754,12466.057554618723,13.837759419426792,0.6918171048164368,0.5
pkt_000055.fc32,df:62:ef:89:f6:2f,0,8E89BED6,1761613522.720773,1456632.6530612246,2019.3984079777283,1687.9949866564782,17595.09616729483,562102.8125,402137.9644310355,-6635.333656766951,nan,0.4499999999998576,392.0,0.7092644572257996,1.0061309337615967,29.415249954664805,0.8821942210197449,20834.01775272266,12.136651914716383,0.7049424648284912,1.0
pkt_000056.fc32,df:62:ef:89:f6:2f,0,8E89BED6,1761613523.290863,0.0,-13656.933479037301,-40217.410777569836,-7038.193331970989,545857.625,379340.06213772506,-7588.3878041285325,nan,0.39999999999987346,392.0,0.7159751653671265,1.0255677700042725,-31.394192270043963,0.8951925039291382,-43591.232675992964,13.926983164297921,0.6981256604194641,0.5
pkt_000057.fc32,df:62:ef:89:f6:2f,0,8E89BED6,1761613523.291256,0.0,-13656.933479037301,-40217.410777569836,-7038.193331970989,545857.625,379340.06213772506,-7588.3878041285325,nan,0.39999999999987346,392.0,0.7159751653671265,1.0255677700042725,-31.394192270043963,0.8951925039291382,-43591.232675992964,13.926983164297921,0.6981256604194641,0.5
pkt_000059.fc32,df:62:ef:89:f6:2f,0,8E89BED6,1761613523.825249,7653.061224489797,-266.27824360227214,-41363.990838990336,-5371.701879681924,554489.75,378984.0776529726,4527.093006999607,nan,0.4499999999998576,392.0,0.7103614807128906,1.0092698335647583,-40.99476234000339,0.8767197132110596,28850.534618159934,12.97666824256513,0.7038370966911316,0.5
pkt_000060.fc32,df:62:ef:89:f6:2f,0,8E89BED6,1761613523.825453,7653.061224489797,-266.27824360227214,-41363.990838990336,-5371.701879681924,554489.75,378984.0776529726,4527.093006999607,nan,0.4499999999998576,392.0,0.7103614807128906,1.0092698335647583,-40.99476234000339,0.8767197132110596,28850.534618159934,12.97666824256513,0.7038370966911316,0.5
pkt_000061.fc32,df:62:ef:89:f6:2f,0,8E89BED6,1761613524.338035,1535714.285714286,16526.819150428924,-51052.08768290491,nan,566247.4375,386872.63439599186,8956.943794008746,-55991.95221164711,0.4999999999998418,392.0,0.726694643497467,1.0578404664993286,5.603345095004377,0.8848352432250977,-22465.28765759916,10.116099117595606,0.6869605779647827,0.5
pkt_000062.fc32,df:62:ef:89:f6:2f,0,8E89BED6,1761613524.844409,0.0,-6724.7552805716705,8157.444336134323,nan,556726.125,375708.83247117285,3489.5923705743908,-25228.388359756984,0.4999999999998418,392.0,0.7316112518310547,1.0731812715530396,15.01290431684592,0.8858879208564758,-14968.841675845017,13.86357437493711,0.6817219853401184,0.0
pkt_000063.fc32,df:62:ef:89:f6:2f,0,8E89BED6,1761613524.844528,0.0,-6724.7552805716705,8157.444336134323,nan,556726.125,375708.83247117285,3489.5923705743908,-25228.388359756984,0.4999999999998418,392.0,0.7316112518310547,1.0731812715530396,15.01290431684592,0.8858879208564758,-14968.841675845017,13.86357437493711,0.6817219853401184,0.0
pkt_000064.fc32,df:62:ef:89:f6:2f,0,8E89BED6,1761613525.327248,1691326.5306122452,-3305.0434514091003,-7582.223828346158,nan,571099.4375,405087.78239311813,-3362.5202638902524,40673.467097281326,0.4999999999998418,392.0,0.7191781997680664,1.035048246383667,-3.39119202050117,0.8748659491539001,-6118.901693560171,10.802685855342641,0.6948257684707642,0.5
pkt_000065.fc32,df:62:ef:89:f6:2f,4,8E89BED6,1761613525.327448,1881097.5609756096,nan,nan,nan,nan,nan,nan,nan,nan,328.0,0.7255377769470215,1.054281234741211,2.471266056668405,0.876811146736145,-18628.01355195517,9.221159361780138,0.6881823539733887,0.0
pkt_000066.fc32,df:62:ef:89:f6:2f,4,8E89BED6,1761613525.327489,1881097.5609756096,nan,nan,nan,nan,nan,nan,nan,nan,328.0,0.7255377769470215,1.054281234741211,2.471266056668405,0.876811146736145,-18628.01355195517,9.221159361780138,0.6881823539733887,0.0
pkt_000067.fc32,df:62:ef:89:f6:2f,0,8E89BED6,1761613525.827670,1658163.2653061226,nan,nan,nan,nan,nan,nan,nan,nan,392.0,0.6726915836334229,0.9091373085975647,82.61226788895935,0.8782505989074707,45291.264931602804,9.48769183964754,0.7399230003356934,1.0
pkt_000068.fc32,df:62:ef:89:f6:2f,0,8E89BED6,1761613525.827791,1658163.2653061226,nan,nan,nan,nan,nan,nan,nan,nan,392.0,0.6726915836334229,0.9091373085975647,82.61226788895935,0.8782505989074707,45291.264931602804,9.48769183964754,0.7399230003356934,1.0
pkt_000069.fc32,df:62:ef:89:f6:2f,0,8E89BED6,1761613526.332584,849489.7959183675,7149.253923970458,-50726.13113432682,nan,544557.125,362493.5887303621,-500.0191714024377,-30044.780291236013,0.549999999999826,392.0,0.6975027918815613,0.9733747243881226,-53.475648081099045,0.8850736021995544,-27965.66460951943,12.093314087104234,0.7165820002555847,0.0
pkt_000070.fc32,df:62:ef:89:f6:2f,0,8E89BED6,1761613526.332761,849489.7959183675,7149.253923970458,-50726.13113432682,nan,544557.125,362493.5887303621,-500.0191714024377,-30044.780291236013,0.549999999999826,392.0,0.6975027918815613,0.9733747243881226,-53.475648081099045,0.8850736021995544,-27965.66460951943,12.093314087104234,0.7165820002555847,0.0
pkt_000071.fc32,df:62:ef:89:f6:2f,0,8E89BED6,1761613526.923248,1459183.673469388,-17057.554316789905,-4943.355044331201,-24638.391982598903,576354.5,409220.3693132158,-14212.06777810251,nan,0.4499999999998576,392.0,0.6988574266433716,0.9770663976669312,-58.13947618985888,0.8789871335029602,-41774.75409138304,10.298550864250073,0.715260922908783,0.0
pkt_000072.fc32,df:62:ef:89:f6:2f,0,8E89BED6,1761613526.923605,1459183.673469388,-17057.554316789905,-4943.355044331201,-24638.391982598903,576354.5,409220.3693132158,-14212.06777810251,nan,0.4499999999998576,392.0,0.6988574266433716,0.9770663976669312,-58.13947618985888,0.8789871335029602,-41774.75409138304,10.298550864250073,0.715260922908783,0.0
pkt_000073.fc32,df:62:ef:89:f6:2f,0,8E89BED6,1761613527.577942,2551.0204081632655,-6204.57967593012,37584.44637192724,55793.121199661546,551429.4375,401354.5698371428,3834.9067103163134,nan,0.39999999999987346,392.0,0.6965887546539307,0.9708951115608215,61.301737799128745,0.8978338241577148,33765.0678433396,14.092277137404617,0.717470645904541,2.0
pkt_000074.fc32,df:62:ef:89:f6:2f,0,8E89BED6,1761613528.138301,1640306.1224489799,-1002.5986600315345,31069.35896721787,nan,563255.25,399102.1956106641,-4843.423804549208,-43674.862846700606,0.4999999999998418,392.0,0.690997302532196,0.9559248089790344,-72.04090498076772,0.8812070488929749,30088.78438645347,10.60662234212128,0.7228573560714722,1.5
pkt_000075.fc32,df:62:ef:89:f6:2f,0,8E89BED6,1761613528.138427,1640306.1224489799,-1002.5986600315345,31069.35896721787,nan,563255.25,399102.1956106641,-4843.423804549208,-43674.862846700606,0.4999999999998418,392.0,0.690997302532196,0.9559248089790344,-72.04090498076772,0.8812070488929749,30088.78438645347,10.60662234212128,0.7228573560714722,1.5
pkt_000076.fc32,df:62:ef:89:f6:2f,4,8E89BED6,1761613528.138582,1826219.5121951217,nan,nan,nan,nan,nan,nan,nan,nan,328.0,0.6987729668617249,0.9768357276916504,-55.299281472651124,0.882988691329956,7672.495363815971,9.820072683609117,0.7153433561325073,0.0
pkt_000077.fc32,df:62:ef:89:f6:2f,4,8E89BED6,1761613528.138629,1826219.5121951217,nan,nan,nan,nan,nan,nan,nan,nan,328.0,0.6987729668617249,0.9768357276916504,-55.299281472651124,0.882988691329956,7672.495363815971,9.820072683609117,0.7153433561325073,0.0
pkt_000078.fc32,df:62:ef:89:f6:2f,0,8E89BED6,1761613528.624403,1719387.755102041,721.78859217966,24096.995140763072,54410.49169780017,553879.625,396354.82735469576,-988.6320831204945,nan,0.39999999999987346,392.0,0.7186782360076904,1.0335596799850464,1.3087425777896542,0.8874168992042542,-17791.077134155068,10.568893040817894,0.6953427791595459,1.0
pkt_000079.fc32,df:62:ef:89:f6:2f,4,8E89BED6,1761613528.624617,1405487.8048780486,-3937.8029694231927,-1600.122853934086,-112363.21436290743,559944.125,404590.49289411015,1134.6258085571371,nan,0.39999999999987346,328.0,0.733232319355011,1.0783175230026245,10.971588332324803,0.8888617753982544,-10669.45598037078,10.288310890124478,0.6799781322479248,0.5
pkt_000080.fc32,df:62:ef:89:f6:2f,0,8E89BED6,1761613529.098490,1303571.4285714286,7480.441877793899,-14085.915726471529,nan,588876.4375,393523.1849718401,12644.452853803024,8453.684949602059,0.549999999999826,392.0,0.7047908306121826,0.9934815168380737,-55.927195696679114,0.8833918571472168,-26273.674168457364,11.892395447144231,0.7094151377677917,1.0
pkt_000081.fc32,df:62:ef:89:f6:2f,0,8E89BED6,1761613529.098618,1303571.4285714286,7480.441877793899,-14085.915726471529,nan,588876.4375,393523.1849718401,12644.452853803024,8453.684949602059,0.549999999999826,392.0,0.7047908306121826,0.9934815168380737,-55.927195696679114,0.8833918571472168,-26273.674168457364,11.892395447144231,0.7094151377677917,1.0
pkt_000082.fc32,df:62:ef:89:f6:2f,0,8E89BED6,1761613529.600636,2551.0204081632655,21754.41409268968,29013.38902127287,-102641.37923040516,554085.0625,390965.19351362926,22512.888980639826,nan,0.4499999999998576,392.0,0.6830778121948242,0.9352802038192749,79.92743035909753,0.8738850355148315,22650.480326133325,14.033647652606906,0.7303456664085388,0.0
pkt_000083.fc32,df:62:ef:89:f6:2f,0,8E89BED6,1761613529.600741,2551.0204081632655,21754.41409268968,29013.38902127287,-102641.37923040516,554085.0625,390965.19351362926,22512.888980639826,nan,0.4499999999998576,392.0,0.6830778121948242,0.9352802038192749,79.92743035909753,0.8738850355148315,22650.480326133325,14.033647652606906,0.7303456664085388,0.0
pkt_000084.fc32,df:62:ef:89:f6:2f,0,8E89BED6,1761613530.164560,1948979.5918367347,nan,nan,nan,nan,nan,nan,nan,nan,392.0,0.6840599179267883,0.9378058910369873,-79.72480451979307,0.8957046866416931,-22375.94290476797,9.59386360690517,0.7294259071350098,0.0
pkt_000085.fc32,df:62:ef:89:f6:2f,0,8E89BED6,1761613530.164709,1948979.5918367347,nan,nan,nan,nan,nan,nan,nan,nan,392.0,0.6840599179267883,0.9378058910369873,-79.72480451979307,0.8957046866416931,-22375.94290476797,9.59386360690517,0.7294259071350098,0.0
pkt_000086.fc32,df:62:ef:89:f6:2f,4,8E89BED6,1761613530.165046,1917682.9268292682,15721.807398281506,25884.472247709644,143877.78308433705,567038.5625,379955.3970276767,13483.551154707216,nan,0.39999999999987346,328.0,0.686764657497406,0.944811999797821,-71.98342697288311,0.8937351703643799,-7912.773597260625,10.183550582569453,0.7268797159194946,1.0
pkt_000087.fc32,df:62:ef:89:f6:2f,4,8E89BED6,1761613530.165647,1917682.9268292682,15721.807398281506,25884.472247709644,143877.78308433705,567038.5625,379955.3970276767,13483.551154707216,nan,0.39999999999987346,328.0,0.686764657497406,0.944811999797821,-71.98342697288311,0.8937351703643799,-7912.773597260625,10.183550582569453,0.7268797159194946,1.0
pkt_000088.fc32,df:62:ef:89:f6:2f,0,8E89BED6,1761613530.787369,1316326.530612245,-6536.084092596933,18275.652184486014,30722.060449076955,560726.125,397496.1789805403,-775.7212098469963,nan,0.4499999999998576,392.0,0.7192539572715759,1.0352742671966553,5.472544540843975,0.8978611826896667,2354.0222243062663,10.780308258578511,0.694747269153595,0.0
pkt_000089.fc32,df:62:ef:89:f6:2f,4,8E89BED6,1761613530.787669,1841463.4146341463,nan,nan,nan,nan,nan,nan,nan,nan,328.0,0.7232356667518616,1.0472549200057983,3.9642629965343406,0.8967381119728088,5949.951221316782,9.22426008381515,0.6906012892723083,0.0
pkt_000090.fc32,df:62:ef:89:f6:2f,0,8E89BED6,1761613531.352946,1875000.0,-6020.781373339077,19045.28169471259,nan,579990.25,433758.3101145466,-5390.535795024936,-14369.357990704648,0.4999999999998418,392.0,0.6825149655342102,0.9338371157646179,-82.0629100999678,0.8925193548202515,5328.19803770928,10.369311346391044,0.7308714985847473,0.0
pkt_000091.fc32,df:62:ef:89:f6:2f,0,8E89BED6,1761613531.353083,1875000.0,-6020.781373339077,19045.28169471259,nan,579990.25,433758.3101145466,-5390.535795024936,-14369.357990704648,0.4999999999998418,392.0,0.6825149655342102,0.9338371157646179,-82.0629100999678,0.8925193548202515,5328.19803770928,10.369311346391044,0.7308714985847473,0.0
pkt_000092.fc32,df:62:ef:89:f6:2f,4,8E89BED6,1761613531.353276,1871951.2195121949,nan,nan,nan,nan,nan,nan,nan,nan,328.0,0.6935343146324158,0.9626758694648743,-83.50091255304312,0.8908431529998779,9626.255658447071,9.777247244977032,0.7204235196113586,1.0
pkt_000093.fc32,df:62:ef:89:f6:2f,4,8E89BED6,1761613531.353326,1871951.2195121949,nan,nan,nan,nan,nan,nan,nan,nan,328.0,0.6935343146324158,0.9626758694648743,-83.50091255304312,0.8908431529998779,9626.255658447071,9.777247244977032,0.7204235196113586,1.0
pkt_000094.fc32,df:62:ef:89:f6:2f,0,8E89BED6,1761613531.845536,1877551.0204081633,-21794.657679351774,63062.51050605381,-19562.951929759744,564197.25,386892.8736786634,-23779.77846751119,nan,0.4499999999998576,392.0,0.7138832807540894,1.0194478034973145,30.792629023681304,0.8883399963378906,-715.8583515047185,10.127245901736583,0.7002646923065186,1.0
pkt_000095.fc32,df:62:ef:89:f6:2f,0,8E89BED6,1761613531.845646,1877551.0204081633,-21794.657679351774,63062.51050605381,-19562.951929759744,564197.25,386892.8736786634,-23779.77846751119,nan,0.4499999999998576,392.0,0.7138832807540894,1.0194478034973145,30.792629023681304,0.8883399963378906,-715.8583515047185,10.127245901736583,0.7002646923065186,1.0
pkt_000096.fc32,df:62:ef:89:f6:2f,0,8E89BED6,1761613532.322393,1410714.285714286,-8159.798092794979,22780.73231033699,nan,556334.9375,393904.98747644876,-9361.547201313173,6480.065916870182,0.4999999999998418,392.0,0.7082862854003906,1.0033444166183472,-41.88750238166736,0.8795247673988342,-18623.828659053248,11.446605194138264,0.7059254050254822,0.0
pkt_000097.fc32,df:62:ef:89:f6:2f,0,8E89BED6,1761613532.322509,1410714.285714286,-8159.798092794979,22780.73231033699,nan,556334.9375,393904.98747644876,-9361.547201313173,6480.065916870182,0.4999999999998418,392.0,0.7082862854003906,1.0033444166183472,-41.88750238166736,0.8795247673988342,-18623.828659053248,11.446605194138264,0.7059254050254822,0.0
pkt_000098.fc32,df:62:ef:89:f6:2f,0,8E89BED6,1761613532.828323,989795.9183673471,8974.130683577418,-43316.718206762365,-3377.906813728464,537873.875,355283.01089541084,8627.074752906377,nan,0.4499999999998576,392.0,0.702387809753418,0.9867846369743347,53.09688314090886,0.8864275813102722,-55973.204168275755,12.272848803549767,0.7117944359779358,0.5
pkt_000099.fc32,df:62:ef:89:f6:2f,0,8E89BED6,1761613533.303583,1551020.4081632653,5576.308995453036,16913.52273650853,nan,572504.375,401010.5232743437,5186.9578343201965,-6736.322083538552,0.4999999999998418,392.0,0.7143132090568542,1.0207009315490723,-2.9970592399083187,0.8923250436782837,30757.42617938446,10.033130558783832,0.699826180934906,0.0
pkt_000100.fc32,df:62:ef:89:f6:2f,4,8E89BED6,1761613533.303775,1402439.0243902437,8261.446275766622,12388.669450169713,53224.396146119,571655.25,404881.6761348475,5483.541973523223,nan,0.4499999999998576,328.0,0.7099405527114868,1.0080636739730835,-23.946080005174267,0.8919966220855713,13076.989177827883,10.008719983622967,0.7042615413665771,0.0
pkt_000101.fc32,df:62:ef:89:f6:2f,0,8E89BED6,1761613533.764757,1959183.673469388,16399.210187949273,39944.07988790931,39944.07988790931,552621.3125,389852.91677800147,29609.879114585136,nan,0.4499999999998576,392.0,0.6912916898727417,0.9567046165466309,-62.23580468034012,0.8849393725395203,41339.61746713078,10.405873590688605,0.722575843334198,0.0
pkt_000102.fc32,df:62:ef:89:f6:2f,0,8E89BED6,1761613534.232473,392857.1428571429,163.1160978100651,-37304.73115266752,nan,579897.375,396842.5674045307,1630.7879756863272,-75499.09728543492,0.4999999999998418,392.0,0.694811224937439,0.9660995602607727,61.97383101947013,0.8879883289337158,-17822.68925553681,12.297851979337848,0.7191921472549438,1.5
pkt_000103.fc32,df:62:ef:89:f6:2f,0,8E89BED6,1761613534.695943,1283163.2653061226,-1618.8345762692477,-49562.570463719756,-122833.0121277692,571669.0625,392913.1845908709,7953.630161803891,nan,0.4499999999998576,392.0,0.730548083782196,1.0698336362838745,8.604743778595312,0.8837084174156189,-49108.049986406135,10.307383707004412,0.6828613877296448,0.0
pkt_000104.fc32,df:62:ef:89:f6:2f,0,8E89BED6,1761613534.696234,1283163.2653061226,-1618.8345762692477,-49562.570463719756,-122833.0121277692,571669.0625,392913.1845908709,7953.630161803891,nan,0.4499999999998576,392.0,0.730548083782196,1.0698336362838745,8.604743778595312,0.8837084174156189,-49108.049986406135,10.307383707004412,0.6828613877296448,0.0
pkt_000105.fc32,df:62:ef:89:f6:2f,0,8E89BED6,1761613535.141582,1252551.0204081633,-8341.418500681852,21211.859202326217,7131.655458707458,558183.6875,386567.6692638132,-2474.005649330623,nan,0.39999999999987346,392.0,0.6980178356170654,0.9747759103775024,-53.70374623164017,0.8862813711166382,-25781.55914957305,11.369020170724092,0.716080367565155,0.0
pkt_000106.fc32,df:62:ef:89:f6:2f,0,8E89BED6,1761613535.141695,1252551.0204081633,-8341.418500681852,21211.859202326217,7131.655458707458,558183.6875,386567.6692638132,-2474.005649330623,nan,0.39999999999987346,392.0,0.6980178356170654,0.9747759103775024,-53.70374623164017,0.8862813711166382,-25781.55914957305,11.369020170724092,0.716080367565155,0.0
pkt_000107.fc32,df:62:ef:89:f6:2f,0,8E89BED6,1761613535.623674,1852040.8163265307,nan,nan,nan,nan,nan,nan,nan,nan,392.0,0.7198061347007751,1.0369229316711426,-6.7476100626989455,0.8903213739395142,-6113.1177564325035,9.972625150721303,0.6941751837730408,2.0
pkt_000108.fc32,df:62:ef:89:f6:2f,0,8E89BED6,1761613535.623805,1852040.8163265307,nan,nan,nan,nan,nan,nan,nan,nan,392.0,0.7198061347007751,1.0369229316711426,-6.7476100626989455,0.8903213739395142,-6113.1177564325035,9.972625150721303,0.6941751837730408,2.0
pkt_000109.fc32,df:62:ef:89:f6:2f,0,8E89BED6,1761613536.097965,1867346.9387755103,8266.958277095782,-97553.38159018572,-39553.957506628496,566473.1875,391610.3672425155,-971.629768886407,nan,0.39999999999987346,392.0,0.7225316762924194,1.0451208353042603,7.171623125035159,0.8872268795967102,-7176.749327494448,10.115530395943361,0.6913378834724426,0.5
pkt_000110.fc32,df:62:ef:89:f6:2f,0,8E89BED6,1761613536.578156,5102.040816326531,2517.47258027237,-3280.669406649976,-29818.06356808461,554973.0,377238.8842281708,-6269.033807129883,nan,0.4499999999998576,392.0,0.7287765741348267,1.0642935037612915,-15.09392989194307,0.8838424682617188,-12313.019940475433,13.532526303629961,0.6847515106201172,0.0
pkt_000111.fc32,df:62:ef:89:f6:2f,0,8E89BED6,1761613536.578262,5102.040816326531,2517.47258027237,-3280.669406649976,-29818.06356808461,554973.0,377238.8842281708,-6269.033807129883,nan,0.4499999999998576,392.0,0.7287765741348267,1.0642935037612915,-15.09392989194307,0.8838424682617188,-12313.019940475433,13.532526303629961,0.6847515106201172,0.0
pkt_000112.fc32,df:62:ef:89:f6:2f,4,8E89BED6,1761613536.578437,1411585.3658536584,-5343.35375945955,-1702.3137786313387,104611.45243275687,556267.1875,391206.9641678029,-19134.52835813403,nan,0.39999999999987346,328.0,0.7296739816665649,1.067094326019287,-9.270941660968388,0.8820996284484863,-31783.425329522353,11.448605613378906,0.683795154094696,0.5
pkt_000113.fc32,df:62:ef:89:f6:2f,0,8E89BED6,1761613537.054182,1734693.8775510206,-6544.129656777162,20220.87938793507,nan,556128.3125,395284.5357242103,-15237.400137507793,-30500.30273719212,0.549999999999826,392.0,0.7051584720611572,0.994512140750885,55.189321144264326,0.8895297646522522,27596.310842741128,10.238106728531095,0.709049642086029,0.5
pkt_000114.fc32,df:62:ef:89:f6:2f,0,8E89BED6,1761613537.054323,1734693.8775510206,-6544.129656777162,20220.87938793507,nan,556128.3125,395284.5357242103,-15237.400137507793,-30500.30273719212,0.549999999999826,392.0,0.7051584720611572,0.994512140750885,55.189321144264326,0.8895297646522522,27596.310842741128,10.238106728531095,0.709049642086029,0.5
pkt_000115.fc32,df:62:ef:89:f6:2f,0,8E89BED6,1761613537.523295,1635204.0816326533,-12271.901579725947,-37818.34952028517,nan,557730.75,398647.577904332,-6240.327497300462,16700.749674467163,0.4999999999998418,392.0,0.7166247963905334,1.027479648590088,1.5217964038040774,0.8838427066802979,-26198.241693953936,10.58853804614875,0.6974588632583618,0.0
pkt_000116.fc32,df:62:ef:89:f6:2f,0,8E89BED6,1761613537.523448,1635204.0816326533,-12271.901579725947,-37818.34952028517,nan,557730.75,398647.577904332,-6240.327497300462,16700.749674467163,0.4999999999998418,392.0,0.7166247963905334,1.027479648590088,1.5217964038040774,0.8838427066802979,-26198.241693953936,10.58853804614875,0.6974588632583618,0.0
pkt_000117.fc32,df:62:ef:89:f6:2f,4,8E89BED6,1761613537.523652,1634146.3414634145,-8211.876933284453,-40708.57726988453,73946.25568011373,554997.0625,389831.0414690824,9014.766855941838,nan,0.4499999999998576,328.0,0.7202558517456055,1.038268804550171,-8.109739364729943,0.8811982274055481,-23246.186748287877,10.541672955154688,0.6937084794044495,0.5
pkt_000118.fc32,df:62:ef:89:f6:2f,4,8E89BED6,1761613537.523717,1634146.3414634145,-8211.876933284453,-40708.57726988453,73946.25568011373,554997.0625,389831.0414690824,9014.766855941838,nan,0.4499999999998576,328.0,0.7202558517456055,1.038268804550171,-8.109739364729943,0.8811982274055481,-23246.186748287877,10.541672955154688,0.6937084794044495,0.5
pkt_000119.fc32,df:62:ef:89:f6:2f,0,8E89BED6,1761613537.968261,5102.040816326531,8888.282737027785,8492.484680569509,10397.140441769012,545217.3125,395025.4320356692,12857.114503771985,nan,0.549999999999826,392.0,0.6780931949615479,0.9226059913635254,64.49993236872447,0.8811028003692627,14183.801219992802,15.078343102635731,0.7349759340286255,0.0
pkt_000121.fc32,df:62:ef:89:f6:2f,0,8E89BED6,1761613538.563267,1872448.9795918367,4682.327610905209,19148.85511017349,nan,540848.125,381090.35187217133,5519.647816234089,-30611.216883613768,0.549999999999826,392.0,0.6870309114456177,0.9455054998397827,81.84811997001158,0.8947036266326904,18452.26583916803,11.610443853963446,0.7266281843185425,0.5
pkt_000122.fc32,df:62:ef:89:f6:2f,0,8E89BED6,1761613538.563737,1872448.9795918367,4682.327610905209,19148.85511017349,nan,540848.125,381090.35187217133,5519.647816234089,-30611.216883613768,0.549999999999826,392.0,0.6870309114456177,0.9455054998397827,81.84811997001158,0.8947036266326904,18452.26583916803,11.610443853963446,0.7266281843185425,0.5
pkt_000123.fc32,df:62:ef:89:f6:2f,0,8E89BED6,1761613539.192576,1650510.2040816327,-3582.642487663202,-31951.235995991912,17143.212749081555,571509.75,395266.7624095154,-6188.484339980574,nan,0.4499999999998576,392.0,0.6946598887443542,0.9656929969787598,-76.90984621825214,0.8866221904754639,-7779.045812714298,10.899622949346178,0.7193382382392883,0.5
pkt_000124.fc32,df:62:ef:89:f6:2f,0,8E89BED6,1761613539.771650,1852040.8163265307,2956.519614959684,-3105.191056122097,17497.91419621351,593958.0,421133.9022879925,-1121.6149895964695,nan,0.4499999999998576,392.0,0.6903907656669617,0.954321026802063,-87.83590608313114,0.8847307562828064,-9328.83290996363,10.55223371146595,0.7234366536140442,0.5
pkt_000125.fc32,df:62:ef:89:f6:2f,4,8E89BED6,1761613539.772005,1484756.0975609755,-9689.138091926252,14475.795019422512,-46018.04853712856,588450.6875,404590.93238958466,-16586.897039583386,nan,0.4999999999998418,328.0,0.6880666613578796,0.9482107758522034,-88.24402695605204,0.8838639855384827,-14127.031180296302,10.859683087744825,0.7256474494934082,0.0
pkt_000126.fc32,df:62:ef:89:f6:2f,4,8E89BED6,1761613539.772068,1484756.0975609755,-9689.138091926252,14475.795019422512,-46018.04853712856,588450.6875,404590.93238958466,-16586.897039583386,nan,0.4999999999998418,328.0,0.6880666613578796,0.9482107758522034,-88.24402695605204,0.8838639855384827,-14127.031180296302,10.859683087744825,0.7256474494934082,0.0
pkt_000127.fc32,df:62:ef:89:f6:2f,0,8E89BED6,1761613540.266194,1931122.448979592,nan,nan,nan,nan,nan,nan,nan,nan,392.0,0.7100370526313782,1.0083398818969727,31.353425771010706,0.8998182415962219,11099.54253544401,9.597875847301799,0.7041643261909485,0.0
pkt_000128.fc32,df:62:ef:89:f6:2f,0,8E89BED6,1761613540.266325,1931122.448979592,nan,nan,nan,nan,nan,nan,nan,nan,392.0,0.7100370526313782,1.0083398818969727,31.353425771010706,0.8998182415962219,11099.54253544401,9.597875847301799,0.7041643261909485,0.0
pkt_000129.fc32,df:62:ef:89:f6:2f,0,8E89BED6,1761613540.749713,2551.0204081632655,-6778.100097254157,11825.933010364517,nan,555411.75,396325.8199970328,-1618.1798284855186,15986.224060679615,0.4999999999998418,392.0,0.720636248588562,1.0394092798233032,26.576542468223526,0.8837226033210754,-5059.912216661869,15.797319728558126,0.6933133006095886,0.5
pkt_000130.fc32,df:62:ef:89:f6:2f,0,8E89BED6,1761613540.749851,2551.0204081632655,-6778.100097254157,11825.933010364517,nan,555411.75,396325.8199970328,-1618.1798284855186,15986.224060679615,0.4999999999998418,392.0,0.720636248588562,1.0394092798233032,26.576542468223526,0.8837226033210754,-5059.912216661869,15.797319728558126,0.6933133006095886,0.5
pkt_000131.fc32,df:62:ef:89:f6:2f,0,8E89BED6,1761613541.234244,1609693.8775510206,-1443.7408314205256,7400.996142368487,-53257.34232249046,546894.875,401891.18930769415,-4557.341766764362,nan,0.4499999999998576,392.0,0.697052538394928,0.9721521735191345,-88.03642968750015,0.8859886527061462,16210.688675063375,10.872203215238825,0.7170200347900391,0.0
pkt_000132.fc32,df:62:ef:89:f6:2f,0,8E89BED6,1761613541.234449,1609693.8775510206,-1443.7408314205256,7400.996142368487,-53257.34232249046,546894.875,401891.18930769415,-4557.341766764362,nan,0.4499999999998576,392.0,0.697052538394928,0.9721521735191345,-88.03642968750015,0.8859886527061462,16210.688675063375,10.872203215238825,0.7170200347900391,0.0
pkt_000133.fc32,df:62:ef:89:f6:2f,0,8E89BED6,1761613541.726369,12755.102040816328,11550.535421554852,-64533.31585282528,nan,546261.9375,393747.9635906805,3110.6165017445546,-31467.962548621683,0.6999999999997786,392.0,0.6842226386070251,0.9382255673408508,-75.16305937572126,0.8849678635597229,-47462.73411321501,13.516161428520896,0.7292730808258057,0.5
pkt_000134.fc32,df:62:ef:89:f6:2f,0,8E89BED6,1761613541.726466,12755.102040816328,11550.535421554852,-64533.31585282528,nan,546261.9375,393747.9635906805,3110.6165017445546,-31467.962548621683,0.6999999999997786,392.0,0.6842226386070251,0.9382255673408508,-75.16305937572126,0.8849678635597229,-47462.73411321501,13.516161428520896,0.7292730808258057,0.5
pkt_000135.fc32,df:62:ef:89:f6:2f,0,8E89BED6,1761613542.227958,719387.755102041,12888.294029745712,39878.81837902722,5482.987124182261,554011.625,372667.3686629885,8724.386043903163,nan,0.4499999999998576,392.0,0.7210931777954102,1.0407816171646118,4.6300177525458714,0.889042317867279,44645.822471177205,12.20749768402708,0.6928380727767944,0.5
pkt_000136.fc32,df:62:ef:89:f6:2f,0,8E89BED6,1761613542.228111,719387.755102041,12888.294029745712,39878.81837902722,5482.987124182261,554011.625,372667.3686629885,8724.386043903163,nan,0.4499999999998576,392.0,0.7210931777954102,1.0407816171646118,4.6300177525458714,0.889042317867279,44645.822471177205,12.20749768402708,0.6928380727767944,0.5
pkt_000137.fc32,df:62:ef:89:f6:2f,0,8E89BED6,1761613542.813323,1849489.7959183676,nan,nan,nan,nan,nan,nan,nan,nan,392.0,0.7093076109886169,1.0062540769577026,17.05583495820493,0.8902930617332458,-36142.37120347389,9.95740577412964,0.7048990726470947,0.0
pkt_000138.fc32,df:62:ef:89:f6:2f,0,8E89BED6,1761613542.813748,1849489.7959183676,nan,nan,nan,nan,nan,nan,nan,nan,392.0,0.7093076109886169,1.0062540769577026,17.05583495820493,0.8902930617332458,-36142.37120347389,9.95740577412964,0.7048990726470947,0.0
pkt_000139.fc32,df:62:ef:89:f6:2f,4,8E89BED6,1761613542.813933,1981707.3170731706,nan,nan,nan,nan,nan,nan,nan,nan,328.0,0.7037474513053894,0.9905655980110168,-68.9308083866405,0.89327472448349,-31309.887021866223,9.31591477924021,0.7104501128196716,0.0
pkt_000140.fc32,df:62:ef:89:f6:2f,4,8E89BED6,1761613542.813998,1981707.3170731706,nan,nan,nan,nan,nan,nan,nan,nan,328.0,0.7037474513053894,0.9905655980110168,-68.9308083866405,0.89327472448349,-31309.887021866223,9.31591477924021,0.7104501128196716,0.0
pkt_000141.fc32,df:62:ef:89:f6:2f,0,8E89BED6,1761613543.446812,0.0,-4686.414629339544,21753.00939844202,5153.794536325534,571528.1875,403260.6260196869,-3864.0381696602044,nan,0.4499999999998576,392.0,0.7004950642585754,0.9815565943717957,58.350388042049495,0.8852806091308594,33609.12647487007,16.045786942421035,0.7136573195457458,1.5
pkt_000142.fc32,df:62:ef:89:f6:2f,0,8E89BED6,1761613543.447448,0.0,-4686.414629339544,21753.00939844202,5153.794536325534,571528.1875,403260.6260196869,-3864.0381696602044,nan,0.4499999999998576,392.0,0.7004950642585754,0.9815565943717957,58.350388042049495,0.8852806091308594,33609.12647487007,16.045786942421035,0.7136573195457458,1.5
pkt_000143.fc32,df:62:ef:89:f6:2f,0,8E89BED6,1761613544.009290,1448979.5918367347,-18672.469939164217,-28564.34202883992,nan,551670.125,379305.2588007061,-16707.280480285153,-20600.64169724393,0.549999999999826,392.0,0.7092373967170715,1.0060538053512573,38.44702388432133,0.8837775588035583,39404.239909507654,10.498805374402902,0.7049696445465088,0.5
pkt_000144.fc32,df:62:ef:89:f6:2f,0,8E89BED6,1761613544.483742,2551.0204081632655,-5068.364275401992,-22135.307892892328,nan,571110.75,409938.2464095872,-14864.309843261926,-36646.60424391359,0.549999999999826,392.0,0.7302694320678711,1.0689592361450195,-13.238299360604827,0.8868281841278076,-28114.307280958463,13.522871114594778,0.6831592917442322,3.0
pkt_000145.fc32,df:62:ef:89:f6:2f,0,8E89BED6,1761613544.972775,10204.081632653062,-8721.38533660481,-12491.979618756348,-84175.17544024637,552652.3125,394126.111414534,-9061.782842829805,nan,0.4499999999998576,392.0,0.7244507670402527,1.0509543418884277,-4.188034551539218,0.8825811147689819,-49318.78650886913,14.59620777388173,0.6893265843391418,1.5
pkt_000146.fc32,df:62:ef:89:f6:2f,0,8E89BED6,1761613544.972902,10204.081632653062,-8721.38533660481,-12491.979618756348,-84175.17544024637,552652.3125,394126.111414534,-9061.782842829805,nan,0.4499999999998576,392.0,0.7244507670402527,1.0509543418884277,-4.188034551539218,0.8825811147689819,-49318.78650886913,14.59620777388173,0.6893265843391418,1.5
pkt_000147.fc32,df:62:ef:89:f6:2f,0,8E89BED6,1761613545.449932,581632.6530612246,6489.992376197599,23515.24800776801,34614.644546903764,563319.875,370047.9592326933,11043.8970013496,nan,0.4499999999998576,392.0,0.6875271797180176,0.9468001127243042,-77.6655821290615,0.8863576054573059,-15957.853403446346,12.226839014486753,0.7261587381362915,1.0
pkt_000148.fc32,df:62:ef:89:f6:2f,0,8E89BED6,1761613545.450042,581632.6530612246,6489.992376197599,23515.24800776801,34614.644546903764,563319.875,370047.9592326933,11043.8970013496,nan,0.4499999999998576,392.0,0.6875271797180176,0.9468001127243042,-77.6655821290615,0.8863576054573059,-15957.853403446346,12.226839014486753,0.7261587381362915,1.0
pkt_000149.fc32,df:62:ef:89:f6:2f,0,8E89BED6,1761613545.986711,239795.91836734695,-389.18717741264754,-154.77727630599404,nan,580169.875,404020.8062612371,-5806.141184968642,-30373.77681854464,0.4999999999998418,392.0,0.7285259962081909,1.0635133981704712,-20.853457133874905,0.8869364261627197,-31374.321517155528,12.200255115050087,0.6850181818008423,0.0
pkt_000150.fc32,df:62:ef:89:f6:2f,0,8E89BED6,1761613545.987141,239795.91836734695,-389.18717741264754,-154.77727630599404,nan,580169.875,404020.8062612371,-5806.141184968642,-30373.77681854464,0.4999999999998418,392.0,0.7285259962081909,1.0635133981704712,-20.853457133874905,0.8869364261627197,-31374.321517155528,12.200255115050087,0.6850181818008423,0.0
pkt_000151.fc32,df:62:ef:89:f6:2f,4,8E89BED6,1761613545.987566,237804.87804878046,1401.2072301551805,16492.577940801297,143829.9622737731,575691.125,405574.2122338351,553.040736182457,nan,0.4499999999998576,328.0,0.7314015626907349,1.0725197792053223,-19.763208667805984,0.8854752779006958,-15124.095583086408,12.272022856247478,0.6819469332695007,1.0
pkt_000152.fc32,df:62:ef:89:f6:2f,0,8E89BED6,1761613546.554237,2551.0204081632655,-13556.150619818594,-13220.285298707617,14294.923072464113,558557.6875,408386.1124683502,-7022.126809080365,nan,0.39999999999987346,392.0,0.7070295214653015,0.9997814893722534,-45.54879418818815,0.8868722915649414,-15576.002806835006,14.187542348506717,0.7071840763092041,0.0
pkt_000153.fc32,df:62:ef:89:f6:2f,4,8E89BED6,1761613546.554540,3048.7804878048782,-17160.425664729093,-20420.626847256015,-122775.17370642256,561267.5625,405486.4463239895,-10262.730406719227,nan,0.39999999999987346,328.0,0.7135298848152161,1.0184192657470703,-11.614479237334493,0.8864616751670837,-13399.392689068387,14.55500071066172,0.7006248235702515,0.0
pkt_000154.fc32,df:62:ef:89:f6:2f,0,8E89BED6,1761613547.164761,1897959.1836734693,nan,nan,nan,nan,nan,nan,nan,nan,392.0,0.7038904428482056,0.9909644722938538,-49.43786752678513,0.8881607055664062,-19117.925148759594,8.555128913174046,0.7103084921836853,0.5
pkt_000155.fc32,df:62:ef:89:f6:2f,0,8E89BED6,1761613547.165421,1897959.1836734693,nan,nan,nan,nan,nan,nan,nan,nan,392.0,0.7038904428482056,0.9909644722938538,-49.43786752678513,0.8881607055664062,-19117.925148759594,8.555128913174046,0.7103084921836853,0.5
pkt_000156.fc32,df:62:ef:89:f6:2f,0,8E89BED6,1761613547.701622,642857.142857143,-8615.201301275942,-92288.08362276136,-152262.55176856625,567508.25,400223.07885545905,-2735.414296164423,nan,0.3499999999998893,392.0,0.7064042687416077,0.9980160593986511,-46.46616010837188,0.8925166130065918,-97269.35179150983,11.758933269548324,0.7078084945678711,0.5
pkt_000157.fc32,df:62:ef:89:f6:2f,0,8E89BED6,1761613547.701754,642857.142857143,-8615.201301275942,-92288.08362276136,-152262.55176856625,567508.25,400223.07885545905,-2735.414296164423,nan,0.3499999999998893,392.0,0.7064042687416077,0.9980160593986511,-46.46616010837188,0.8925166130065918,-97269.35179150983,11.758933269548324,0.7078084945678711,0.5
pkt_000158.fc32,df:62:ef:89:f6:2f,4,8E89BED6,1761613547.701962,1521341.463414634,nan,nan,nan,nan,nan,nan,nan,nan,328.0,0.7032435536384583,0.9891618490219116,-65.64676075277578,0.8911474347114563,-99276.45103065466,9.37084920370767,0.7109489440917969,2.0
pkt_000159.fc32,df:62:ef:89:f6:2f,4,8E89BED6,1761613547.702015,1521341.463414634,nan,nan,nan,nan,nan,nan,nan,nan,328.0,0.7032435536384583,0.9891618490219116,-65.64676075277578,0.8911474347114563,-99276.45103065466,9.37084920370767,0.7109489440917969,2.0
pkt_000160.fc32,df:62:ef:89:f6:2f,0,8E89BED6,1761613548.178956,1188775.5102040817,5106.6603132127675,5961.552747535994,3266.9633751358106,574770.4375,405351.5878487245,4892.450393043661,nan,0.3499999999998893,392.0,0.7245444655418396,1.0512404441833496,10.594818571621142,0.88487708568573,29833.862975276686,11.238683678010661,0.6892280578613281,0.0
pkt_000161.fc32,df:62:ef:89:f6:2f,0,8E89BED6,1761613548.179095,1188775.5102040817,5106.6603132127675,5961.552747535994,3266.9633751358106,574770.4375,405351.5878487245,4892.450393043661,nan,0.3499999999998893,392.0,0.7245444655418396,1.0512404441833496,10.594818571621142,0.88487708568573,29833.862975276686,11.238683678010661,0.6892280578613281,0.0
pkt_000162.fc32,df:62:ef:89:f6:2f,0,8E89BED6,1761613548.645814,30612.244897959186,1320.6962477120248,-3759.8365253954603,56590.34657140975,564621.0,394494.12904436496,-5060.6224253736855,nan,0.4499999999998576,392.0,0.7010456323623657,0.9830731749534607,71.98680568266533,0.893648624420166,-38069.607202907915,12.683780328762841,0.7131164073944092,0.0
pkt_000163.fc32,df:62:ef:89:f6:2f,0,8E89BED6,1761613548.645953,30612.244897959186,1320.6962477120248,-3759.8365253954603,56590.34657140975,564621.0,394494.12904436496,-5060.6224253736855,nan,0.4499999999998576,392.0,0.7010456323623657,0.9830731749534607,71.98680568266533,0.893648624420166,-38069.607202907915,12.683780328762841,0.7131164073944092,0.0
pkt_000164.fc32,df:62:ef:89:f6:2f,0,8E89BED6,1761613549.120091,40816.32653061225,6354.474140085494,-16459.962601717754,-64039.682903310306,553176.4375,400454.56941826397,3751.151647684301,nan,0.39999999999987346,392.0,0.7170624136924744,1.0287705659866333,20.175777394274473,0.8859450817108154,51588.91637104021,12.901982545030235,0.6970090866088867,0.5
pkt_000165.fc32,df:62:ef:89:f6:2f,0,8E89BED6,1761613549.120234,40816.32653061225,6354.474140085494,-16459.962601717754,-64039.682903310306,553176.4375,400454.56941826397,3751.151647684301,nan,0.39999999999987346,392.0,0.7170624136924744,1.0287705659866333,20.175777394274473,0.8859450817108154,51588.91637104021,12.901982545030235,0.6970090866088867,0.5
pkt_000166.fc32,df:62:ef:89:f6:2f,0,8E89BED6,1761613549.600205,1451530.612244898,-8974.805357028898,-18792.73426435464,-38109.315578927715,573414.375,399270.0071678527,-7401.519139051787,nan,0.4499999999998576,392.0,0.7293668985366821,1.0661345720291138,0.655280560205396,0.8873417973518372,15744.376135899682,12.603009416393505,0.6841227412223816,0.0
pkt_000167.fc32,df:62:ef:89:f6:2f,0,8E89BED6,1761613549.600302,1451530.612244898,-8974.805357028898,-18792.73426435464,-38109.315578927715,573414.375,399270.0071678527,-7401.519139051787,nan,0.4499999999998576,392.0,0.7293668985366821,1.0661345720291138,0.655280560205396,0.8873417973518372,15744.376135899682,12.603009416393505,0.6841227412223816,0.0
pkt_000168.fc32,df:62:ef:89:f6:2f,4,8E89BED6,1761613549.600449,1451219.512195122,-8412.205361449265,-7316.068787602706,94526.22277728838,568259.0625,391307.7419339736,-6458.376092779568,nan,0.4499999999998576,328.0,0.7440399527549744,1.1136070489883423,-1.2509693214079518,0.8901609182357788,27789.367720528477,12.361810251177994,0.6681351065635681,2.5
pkt_000169.fc32,df:62:ef:89:f6:2f,4,8E89BED6,1761613549.600491,1451219.512195122,-8412.205361449265,-7316.068787602706,94526.22277728838,568259.0625,391307.7419339736,-6458.376092779568,nan,0.4499999999998576,328.0,0.7440399527549744,1.1136070489883423,-1.2509693214079518,0.8901609182357788,27789.367720528477,12.361810251177994,0.6681351065635681,2.5
