pkt_idx,pcap_ts,rf_channel,pdu_type,adv_addr,access_address,cfo_quick_hz,cfo_centroid_hz,cfo_two_stage_hz,cfo_std_hz,cfo_std_sym_hz,iq_gain_alpha,iq_phase_deg_deg,rise_time_us,psd_centroid_hz,psd_pnr_db,bw_3db_hz,gated_len_us,cfo_two_stage_coarse_hz,cfo_quick_hz_fixed,cfo_centroid_hz_fixed,cfo_two_stage_hz_fixed,cfo_coarse_hz_fixed,cfo_consensus_hz
0,1761665670.706113,37,0,d3:aa:11:c3:69:90,8E89BED6,31896.388672,-686.972412,10694.869141,567586.562500,395292.343750,0.994278,-62.346720,0.500000,-20221.865687,12.022052,729166.666667,576.000000,-2756.040527,31896.388672,686.972412,10694.869141,2756.040527,6725.454834
1,1761665670.804936,37,0,d3:aa:11:c3:69:90,8E89BED6,31896.388672,-686.972412,10694.869141,567586.562500,395292.343750,0.994278,-62.346720,0.500000,-20221.865687,12.022052,729166.666667,576.000000,-2756.040527,31896.388672,686.972412,10694.869141,2756.040527,6725.454834
2,1761665671.396721,37,0,d3:aa:11:c3:69:90,8E89BED6,-2456.406006,15033.607422,4351.515625,556311.187500,392353.781250,1.032167,0.163012,0.000000,12425.712551,11.013250,1680555.555556,576.000000,23507.117188,2456.406006,15033.607422,4351.515625,23507.117188,9692.561524
3,1761665671.951464,37,0,d3:aa:11:c3:69:90,8E89BED6,-21063.566406,3236.342773,-9011.619141,572405.437500,401843.500000,0.958100,78.770829,0.000000,-27396.357824,10.517351,1951388.888889,576.000000,14884.291016,-21063.566406,-3236.342773,-9011.619141,-14884.291016,-11947.955078
4,1761665672.508661,37,0,d3:aa:11:c3:69:90,8E89BED6,33649.937500,8541.957031,38259.312500,566533.500000,385656.625000,1.037087,-18.524257,1.000000,13770.360686,10.432571,1569444.444444,576.000000,23939.017578,33649.937500,8541.957031,38259.312500,23939.017578,28794.477539
5,1761665672.611626,37,0,d3:aa:11:c3:69:90,8E89BED6,33649.937500,8541.957031,38259.312500,566533.500000,385656.625000,1.037087,-18.524257,1.000000,13770.360686,10.432571,1569444.444444,576.000000,23939.017578,33649.937500,8541.957031,38259.312500,23939.017578,28794.477539
6,1761665673.148023,37,0,d3:aa:11:c3:69:90,8E89BED6,-24712.072266,4007.247559,-16025.549805,565626.625000,396055.937500,0.956053,65.136104,3.000000,512.109434,11.858253,1171875.000000,576.000000,3380.996826,-24712.072266,-4007.247559,-16025.549805,-3380.996826,-10016.398682
7,1761665673.253496,37,0,d3:aa:11:c3:69:90,8E89BED6,-24712.072266,4007.247559,-16025.549805,565626.625000,396055.937500,0.956053,65.136104,3.000000,512.109434,11.858253,1171875.000000,576.000000,3380.996826,-24712.072266,-4007.247559,-16025.549805,-3380.996826,-10016.398682
8,1761665673.789540,37,0,d3:aa:11:c3:69:90,8E89BED6,22428.097656,-3375.049561,1538.691406,558078.187500,388181.750000,1.005453,-32.166905,0.000000,7516.656887,11.412003,1954861.111111,576.000000,-7534.706055,-22428.097656,-3375.049561,-1538.691406,-7534.706055,-5454.877808
9,1761665674.348197,37,0,d3:aa:11:c3:69:90,8E89BED6,-31286.261719,1533.882812,-8247.122070,566217.562500,414190.125000,1.047071,9.585904,0.500000,27325.076349,10.837171,1657986.111111,576.000000,2275.619141,-31286.261719,-1533.882812,-8247.122070,-2275.619141,-5261.370606
10,1761665675.042628,37,0,d3:aa:11:c3:69:90,8E89BED6,-11864.169922,2958.621582,-8040.842773,576610.062500,397396.125000,0.967358,-72.455225,0.000000,-19984.771803,14.468277,1736.111111,576.000000,2147.082031,-11864.169922,-2958.621582,-8040.842773,-2147.082031,-5499.732178
11,1761665675.166523,37,0,d3:aa:11:c3:69:90,8E89BED6,-11864.169922,2958.621582,-8040.842773,576610.062500,397396.125000,0.967358,-72.455225,0.000000,-19984.771803,14.468277,1736.111111,576.000000,2147.082031,-11864.169922,-2958.621582,-8040.842773,-2147.082031,-5499.732178
12,1761665675.823279,37,0,d3:aa:11:c3:69:90,8E89BED6,29031.462891,113.090996,25903.642578,560064.125000,375627.937500,1.020478,35.771856,0.000000,24144.880097,12.691818,197916.666667,576.000000,7815.794434,29031.462891,113.090996,25903.642578,7815.794434,16859.718506
13,1761665675.930488,37,0,d3:aa:11:c3:69:90,8E89BED6,29031.462891,113.090996,25903.642578,560064.125000,375627.937500,1.020478,35.771856,0.000000,24144.880097,12.691818,197916.666667,576.000000,7815.794434,29031.462891,113.090996,25903.642578,7815.794434,16859.718506
14,1761665676.492789,37,0,d3:aa:11:c3:69:90,8E89BED6,44836.226562,-1033.772949,40681.765625,559990.937500,392718.625000,0.964849,-66.494532,0.000000,-12886.062000,15.108471,12152.777778,576.000000,-1342.938232,44836.226562,1033.772949,40681.765625,1342.938232,21012.351929
15,1761665676.591194,37,0,d3:aa:11:c3:69:90,8E89BED6,44836.226562,-1033.772949,40681.765625,559990.937500,392718.625000,0.964849,-66.494532,0.000000,-12886.062000,15.108471,12152.777778,576.000000,-1342.938232,44836.226562,1033.772949,40681.765625,1342.938232,21012.351929
16,1761665677.151937,37,0,d3:aa:11:c3:69:90,8E89BED6,53290.871094,-11204.300781,26911.636719,560418.062500,382066.687500,0.964519,-76.220628,0.000000,-26801.758930,10.791799,1805555.555556,576.000000,-6776.424805,53290.871094,11204.300781,26911.636719,6776.424805,19057.968750
17,1761665677.260826,37,0,d3:aa:11:c3:69:90,8E89BED6,53290.871094,-11204.300781,26911.636719,560418.062500,382066.687500,0.964519,-76.220628,0.000000,-26801.758930,10.791799,1805555.555556,576.000000,-6776.424805,53290.871094,11204.300781,26911.636719,6776.424805,19057.968750
18,1761665677.793001,37,0,d3:aa:11:c3:69:90,8E89BED6,17884.722656,577.720154,8953.789062,551978.375000,381374.125000,1.026624,12.780840,0.000000,4475.175756,15.651833,1736.111111,576.000000,-2281.355713,17884.722656,577.720154,8953.789062,2281.355713,5617.572388
19,1761665677.889875,37,0,d3:aa:11:c3:69:90,8E89BED6,17884.722656,577.720154,8953.789062,551978.375000,381374.125000,1.026624,12.780840,0.000000,4475.175756,15.651833,1736.111111,576.000000,-2281.355713,17884.722656,577.720154,8953.789062,2281.355713,5617.572388
20,1761665678.429295,37,0,d3:aa:11:c3:69:90,8E89BED6,-23389.183594,-7078.580078,-19845.261719,550291.750000,401065.281250,1.013113,17.398067,1.000000,-3275.629985,12.892572,1697916.666667,576.000000,-5844.449219,-23389.183594,-7078.580078,-19845.261719,-5844.449219,-13461.920898
21,1761665678.532874,37,0,d3:aa:11:c3:69:90,8E89BED6,-23389.183594,-7078.580078,-19845.261719,550291.750000,401065.281250,1.013113,17.398067,1.000000,-3275.629985,12.892572,1697916.666667,576.000000,-5844.449219,-23389.183594,-7078.580078,-19845.261719,-5844.449219,-13461.920898
22,1761665679.068351,37,0,d3:aa:11:c3:69:90,8E89BED6,10182.769531,-2369.772949,7779.199707,558242.437500,389625.781250,0.991217,70.656495,2.500000,-14923.607779,13.703840,8680.555556,576.000000,6178.117188,10182.769531,2369.772949,7779.199707,6178.117188,6978.658447
23,1761665679.603551,37,0,d3:aa:11:c3:69:90,8E89BED6,6041.897461,-4857.413574,-6901.780762,562104.250000,393848.093750,0.949296,89.730050,0.000000,-18910.085200,13.483594,560763.888889,576.000000,-5398.943359,-6041.897461,-4857.413574,-6901.780762,-5398.943359,-5720.420410
24,1761665679.709412,37,0,d3:aa:11:c3:69:90,8E89BED6,6041.897461,-4857.413574,-6901.780762,562104.250000,393848.093750,0.949296,89.730050,0.000000,-18910.085200,13.483594,560763.888889,576.000000,-5398.943359,-6041.897461,-4857.413574,-6901.780762,-5398.943359,-5720.420410
25,1761665680.255207,37,0,d3:aa:11:c3:69:90,8E89BED6,1089.549683,-1373.659668,-13829.078125,566982.750000,403122.156250,0.998797,70.834244,0.000000,-11516.102634,13.475140,1736.111111,576.000000,-13025.449219,-1089.549683,-1373.659668,-13829.078125,-13025.449219,-7199.554444
26,1761665680.352865,37,0,d3:aa:11:c3:69:90,8E89BED6,1089.549683,-1373.659668,-13829.078125,566982.750000,403122.156250,0.998797,70.834244,0.000000,-11516.102634,13.475140,1736.111111,576.000000,-13025.449219,-1089.549683,-1373.659668,-13829.078125,-13025.449219,-7199.554444
27,1761665680.929073,37,0,d3:aa:11:c3:69:90,8E89BED6,26332.205078,-2500.413086,-5699.985352,564578.687500,366693.187500,1.043008,-12.273345,0.500000,7839.915597,10.831514,1899305.555556,576.000000,-12926.438477,-26332.205078,-2500.413086,-5699.985352,-12926.438477,-9313.211914
28,1761665681.032279,37,0,d3:aa:11:c3:69:90,8E89BED6,26332.205078,-2500.413086,-5699.985352,564578.687500,366693.187500,1.043008,-12.273345,0.500000,7839.915597,10.831514,1899305.555556,576.000000,-12926.438477,-26332.205078,-2500.413086,-5699.985352,-12926.438477,-9313.211914
29,1761665681.602585,37,0,d3:aa:11:c3:69:90,8E89BED6,19400.636719,1616.303589,5368.192383,572942.812500,422441.156250,1.022351,-33.278569,0.000000,-23429.770699,13.191662,607638.888889,576.000000,-2173.679443,19400.636719,1616.303589,5368.192383,2173.679443,3770.935913
30,1761665681.714750,37,0,d3:aa:11:c3:69:90,8E89BED6,19400.636719,1616.303589,5368.192383,572942.812500,422441.156250,1.022351,-33.278569,0.000000,-23429.770699,13.191662,607638.888889,576.000000,-2173.679443,19400.636719,1616.303589,5368.192383,2173.679443,3770.935913
31,1761665682.374253,37,0,d3:aa:11:c3:69:90,8E89BED6,-22285.382812,-10820.347656,-38238.839844,549753.562500,374823.843750,1.034968,19.442580,0.000000,-11944.309299,11.548835,1510416.666667,576.000000,-19345.128906,-22285.382812,-10820.347656,-38238.839844,-19345.128906,-20815.255859
32,1761665683.081040,37,0,d3:aa:11:c3:69:90,8E89BED6,21468.839844,5664.004883,21240.484375,570075.625000,407600.187500,0.982316,67.181264,0.000000,24002.623633,11.044821,1328125.000000,576.000000,7954.929688,21468.839844,5664.004883,21240.484375,7954.929688,14597.707032
33,1761665683.218932,37,0,d3:aa:11:c3:69:90,8E89BED6,21468.839844,5664.004883,21240.484375,570075.625000,407600.187500,0.982316,67.181264,0.000000,24002.623633,11.044821,1328125.000000,576.000000,7954.929688,21468.839844,5664.004883,21240.484375,7954.929688,14597.707032
34,1761665683.828034,37,0,d3:aa:11:c3:69:90,8E89BED6,-11079.981445,-3596.487793,17768.582031,555626.312500,395989.906250,0.983813,52.885559,0.500000,24851.938574,10.993337,1812500.000000,576.000000,4867.827148,11079.981445,3596.487793,17768.582031,4867.827148,7973.904296
35,1761665684.363107,37,0,d3:aa:11:c3:69:90,8E89BED6,-855.619019,-4488.939453,-22942.917969,547904.750000,392470.156250,0.960640,-85.142736,0.000000,21531.358871,15.395685,0.000000,576.000000,-9550.881836,-855.619019,-4488.939453,-22942.917969,-9550.881836,-7019.910644
36,1761665684.904102,37,0,d3:aa:11:c3:69:90,8E89BED6,10230.079102,4466.948730,-2036.234863,528679.000000,360108.781250,1.025024,14.338603,0.000000,13451.621279,14.081220,27777.777778,576.000000,5009.437012,10230.079102,4466.948730,2036.234863,5009.437012,4738.192871
37,1761665685.441609,37,0,d3:aa:11:c3:69:90,8E89BED6,16427.015625,-3080.551270,6375.281250,548972.375000,367909.281250,0.990227,83.359986,0.500000,-12547.552694,10.921071,1677083.333333,576.000000,-6960.026367,16427.015625,3080.551270,6375.281250,6960.026367,6667.653809
38,1761665685.550731,37,0,d3:aa:11:c3:69:90,8E89BED6,16427.015625,-3080.551270,6375.281250,548972.375000,367909.281250,0.990227,83.359986,0.500000,-12547.552694,10.921071,1677083.333333,576.000000,-6960.026367,16427.015625,3080.551270,6375.281250,6960.026367,6667.653809
39,1761665686.076821,37,0,d3:aa:11:c3:69:90,8E89BED6,-3977.712158,-4929.925293,-13244.958984,572461.562500,407741.406250,0.986933,-55.500820,0.500000,-41660.198383,10.502146,1406250.000000,576.000000,-4947.984863,-3977.712158,-4929.925293,-13244.958984,-4947.984863,-4938.955078
40,1761665686.172796,37,0,d3:aa:11:c3:69:90,8E89BED6,-3977.712158,-4929.925293,-13244.958984,572461.562500,407741.406250,0.986933,-55.500820,0.500000,-41660.198383,10.502146,1406250.000000,576.000000,-4947.984863,-3977.712158,-4929.925293,-13244.958984,-4947.984863,-4938.955078
41,1761665686.700986,37,0,d3:aa:11:c3:69:90,8E89BED6,-15815.728516,-5518.147949,-36788.289062,549181.812500,385367.312500,1.022878,-13.033762,0.500000,-12620.960627,12.254703,144097.222222,576.000000,-15618.049805,-15815.728516,-5518.147949,-36788.289062,-15618.049805,-15716.889160
42,1761665686.813599,37,0,d3:aa:11:c3:69:90,8E89BED6,-15815.728516,-5518.147949,-36788.289062,549181.812500,385367.312500,1.022878,-13.033762,0.500000,-12620.960627,12.254703,144097.222222,576.000000,-15618.049805,-15815.728516,-5518.147949,-36788.289062,-15618.049805,-15716.889160
43,1761665687.355537,37,0,d3:aa:11:c3:69:90,8E89BED6,-16002.891602,-4261.853516,2346.040039,557861.000000,392552.968750,0.982412,64.818245,3.500000,10614.389579,11.192968,1086805.555556,576.000000,-1027.272461,-16002.891602,-4261.853516,-2346.040039,-1027.272461,-3303.946778
44,1761665687.902385,37,0,d3:aa:11:c3:69:90,8E89BED6,11881.080078,-5632.097168,-16778.882812,538919.812500,385841.937500,1.043142,-23.951888,0.000000,6337.390725,14.496711,6944.444444,576.000000,-8353.639648,-11881.080078,-5632.097168,-16778.882812,-8353.639648,-10117.359863
45,1761665688.005577,37,0,d3:aa:11:c3:69:90,8E89BED6,11881.080078,-5632.097168,-16778.882812,538919.812500,385841.937500,1.043142,-23.951888,0.000000,6337.390725,14.496711,6944.444444,576.000000,-8353.639648,-11881.080078,-5632.097168,-16778.882812,-8353.639648,-10117.359863
46,1761665688.592407,37,0,d3:aa:11:c3:69:90,8E89BED6,26395.421875,-7586.798828,-18863.367188,556962.312500,393338.093750,0.974826,-64.025272,0.000000,7388.581124,15.554567,12152.777778,576.000000,-7728.543457,-26395.421875,-7586.798828,-18863.367188,-7728.543457,-13295.955322
47,1761665688.689302,37,0,d3:aa:11:c3:69:90,8E89BED6,26395.421875,-7586.798828,-18863.367188,556962.312500,393338.093750,0.974826,-64.025272,0.000000,7388.581124,15.554567,12152.777778,576.000000,-7728.543457,-26395.421875,-7586.798828,-18863.367188,-7728.543457,-13295.955322
48,1761665689.241869,37,0,d3:aa:11:c3:69:90,8E89BED6,-62585.878906,-7047.658203,-50637.675781,561482.125000,390273.156250,1.037851,-11.572517,0.000000,-35084.724282,12.323595,1883680.555556,576.000000,-6420.500977,-62585.878906,-7047.658203,-50637.675781,-6420.500977,-28842.666992
49,1761665689.359031,37,0,d3:aa:11:c3:69:90,8E89BED6,-62585.878906,-7047.658203,-50637.675781,561482.125000,390273.156250,1.037851,-11.572517,0.000000,-35084.724282,12.323595,1883680.555556,576.000000,-6420.500977,-62585.878906,-7047.658203,-50637.675781,-6420.500977,-28842.666992
50,1761665689.907328,37,0,d3:aa:11:c3:69:90,8E89BED6,-51347.132812,41.201797,-11712.994141,546983.250000,387166.093750,1.014343,-13.291901,0.000000,-10782.325695,11.373106,1578125.000000,576.000000,4647.457520,-51347.132812,-41.201797,-11712.994141,-4647.457520,-8180.225830
51,1761665690.600590,37,0,d3:aa:11:c3:69:90,8E89BED6,-2947.818115,4030.912842,-7596.350586,556165.562500,394964.625000,0.991071,-65.037694,0.000000,14926.261216,15.178980,0.000000,576.000000,3784.754639,2947.818115,4030.912842,7596.350586,3784.754639,3907.833741
52,1761665691.365383,37,0,d3:aa:11:c3:69:90,8E89BED6,38720.097656,597.418884,17596.191406,563685.312500,395913.531250,0.998154,-46.438348,1.000000,23431.305550,12.598998,864583.333333,576.000000,5947.304199,38720.097656,597.418884,17596.191406,5947.304199,11771.747803
53,1761665691.511627,37,0,d3:aa:11:c3:69:90,8E89BED6,38720.097656,597.418884,17596.191406,563685.312500,395913.531250,0.998154,-46.438348,1.000000,23431.305550,12.598998,864583.333333,576.000000,5947.304199,38720.097656,597.418884,17596.191406,5947.304199,11771.747803
54,1761665692.055017,37,0,d3:aa:11:c3:69:90,8E89BED6,42595.750000,-5662.211426,32555.378906,565164.875000,398395.812500,1.039407,28.506314,0.000000,24660.117766,12.585022,34722.222222,576.000000,1636.946289,42595.750000,5662.211426,32555.378906,1636.946289,19108.795166
55,1761665692.161778,37,0,d3:aa:11:c3:69:90,8E89BED6,42595.750000,-5662.211426,32555.378906,565164.875000,398395.812500,1.039407,28.506314,0.000000,24660.117766,12.585022,34722.222222,576.000000,1636.946289,42595.750000,5662.211426,32555.378906,1636.946289,19108.795166
56,1761665692.701571,37,0,d3:aa:11:c3:69:90,8E89BED6,0.000000,991.463135,1637.659180,566811.500000,363702.875000,0.994725,49.786778,0.500000,-28442.927087,14.540340,0.000000,576.000000,4636.341797,0.000000,991.463135,1637.659180,4636.341797,1314.561158
57,1761665693.217693,37,0,d3:aa:11:c3:69:90,8E89BED6,-24565.386719,-3117.439941,-8199.724609,558381.250000,394463.843750,0.987998,-64.665453,0.500000,-22473.478304,15.113330,1736.111111,576.000000,-7083.104980,-24565.386719,-3117.439941,-8199.724609,-7083.104980,-7641.414795
58,1761665693.736799,37,0,d3:aa:11:c3:69:90,8E89BED6,-36426.960938,-3370.873779,-31596.875000,564741.000000,395655.656250,0.986930,56.190577,0.500000,-13710.347431,11.926811,171875.000000,576.000000,-12823.247070,-36426.960938,-3370.873779,-31596.875000,-12823.247070,-22210.061035
59,1761665693.838548,37,0,d3:aa:11:c3:69:90,8E89BED6,-36426.960938,-3370.873779,-31596.875000,564741.000000,395655.656250,0.986930,56.190577,0.500000,-13710.347431,11.926811,171875.000000,576.000000,-12823.247070,-36426.960938,-3370.873779,-31596.875000,-12823.247070,-22210.061035
60,1761665694.359582,37,0,d3:aa:11:c3:69:90,8E89BED6,14103.532227,3606.390625,14887.495117,539430.375000,377409.937500,1.024113,38.485308,0.000000,31151.814701,18.047124,1736.111111,576.000000,9432.511719,14103.532227,3606.390625,14887.495117,9432.511719,11768.021973
61,1761665694.458411,37,0,d3:aa:11:c3:69:90,8E89BED6,14103.532227,3606.390625,14887.495117,539430.375000,377409.937500,1.024113,38.485308,0.000000,31151.814701,18.047124,1736.111111,576.000000,9432.511719,14103.532227,3606.390625,14887.495117,9432.511719,11768.021973
62,1761665694.984635,37,0,d3:aa:11:c3:69:90,8E89BED6,10883.218750,2685.953369,30908.050781,555628.125000,393998.312500,1.019540,11.281068,0.000000,-19216.630058,11.974086,1102430.555556,576.000000,18989.970703,10883.218750,2685.953369,30908.050781,18989.970703,14936.594726
63,1761665695.083673,37,0,d3:aa:11:c3:69:90,8E89BED6,10883.218750,2685.953369,30908.050781,555628.125000,393998.312500,1.019540,11.281068,0.000000,-19216.630058,11.974086,1102430.555556,576.000000,18989.970703,10883.218750,2685.953369,30908.050781,18989.970703,14936.594726
64,1761665695.634186,37,0,d3:aa:11:c3:69:90,8E89BED6,-62881.578125,-3064.382324,-34333.554688,566624.625000,383409.843750,0.999906,-45.103032,0.000000,-60480.532855,12.292777,67708.333333,576.000000,-3679.026367,-62881.578125,-3064.382324,-34333.554688,-3679.026367,-19006.290527
65,1761665695.736605,37,0,d3:aa:11:c3:69:90,8E89BED6,-62881.578125,-3064.382324,-34333.554688,566624.625000,383409.843750,0.999906,-45.103032,0.000000,-60480.532855,12.292777,67708.333333,576.000000,-3679.026367,-62881.578125,-3064.382324,-34333.554688,-3679.026367,-19006.290527
66,1761665696.290416,37,0,d3:aa:11:c3:69:90,8E89BED6,14929.052734,427.324860,-590.733887,561383.250000,391438.000000,0.965987,-80.321046,1.000000,-44333.018687,12.827091,3472.222222,576.000000,-1018.939575,-14929.052734,-427.324860,-590.733887,-1018.939575,-804.836731
67,1761665696.431926,37,0,d3:aa:11:c3:69:90,8E89BED6,14929.052734,427.324860,-590.733887,561383.250000,391438.000000,0.965987,-80.321046,1.000000,-44333.018687,12.827091,3472.222222,576.000000,-1018.939575,-14929.052734,-427.324860,-590.733887,-1018.939575,-804.836731
68,1761665697.137352,37,0,d3:aa:11:c3:69:90,8E89BED6,4262.010254,-4296.812988,11808.394531,538858.250000,383695.593750,1.027819,24.429104,0.000000,23272.018571,16.290226,1736.111111,576.000000,-9134.640625,-4262.010254,-4296.812988,-11808.394531,-9134.640625,-6715.726806
69,1761665697.663169,37,0,d3:aa:11:c3:69:90,8E89BED6,19061.017578,-365.456940,2571.382080,554366.625000,374711.406250,1.001119,-41.507535,0.000000,-5010.555581,13.575143,1736.111111,576.000000,2235.883789,19061.017578,365.456940,2571.382080,2235.883789,2403.632934
70,1761665697.764947,37,0,d3:aa:11:c3:69:90,8E89BED6,19061.017578,-365.456940,2571.382080,554366.625000,374711.406250,1.001119,-41.507535,0.000000,-5010.555581,13.575143,1736.111111,576.000000,2235.883789,19061.017578,365.456940,2571.382080,2235.883789,2403.632934
71,1761665698.310991,37,0,d3:aa:11:c3:69:90,8E89BED6,-30766.826172,-3242.726562,-15800.279297,555071.500000,386032.968750,1.037983,-4.612714,0.000000,13136.648678,14.269575,12152.777778,576.000000,-6169.181641,-30766.826172,-3242.726562,-15800.279297,-6169.181641,-10984.730469
72,1761665698.414452,37,0,d3:aa:11:c3:69:90,8E89BED6,-30766.826172,-3242.726562,-15800.279297,555071.500000,386032.968750,1.037983,-4.612714,0.000000,13136.648678,14.269575,12152.777778,576.000000,-6169.181641,-30766.826172,-3242.726562,-15800.279297,-6169.181641,-10984.730469
73,1761665698.950963,37,0,d3:aa:11:c3:69:90,8E89BED6,29911.388672,7762.875488,9682.099609,569128.937500,397319.343750,0.993485,70.540715,1.000000,21808.530170,10.603713,1934027.777778,576.000000,2860.118164,29911.388672,7762.875488,9682.099609,2860.118164,8722.487549
74,1761665699.055532,37,0,d3:aa:11:c3:69:90,8E89BED6,29911.388672,7762.875488,9682.099609,569128.937500,397319.343750,0.993485,70.540715,1.000000,21808.530170,10.603713,1934027.777778,576.000000,2860.118164,29911.388672,7762.875488,9682.099609,2860.118164,8722.487549
75,1761665699.591420,37,0,d3:aa:11:c3:69:90,8E89BED6,-8301.790039,5108.451660,-9172.222656,572905.000000,406605.375000,0.923735,74.582815,0.000000,-15250.712420,11.794344,48611.111111,576.000000,2927.673340,-8301.790039,-5108.451660,-9172.222656,-2927.673340,-6705.120849
76,1761665700.115842,37,0,d3:aa:11:c3:69:90,8E89BED6,23568.566406,5494.554199,38077.125000,547431.562500,389580.562500,1.014378,31.742679,1.000000,23861.938772,11.101044,1770833.333333,576.000000,8213.263672,23568.566406,5494.554199,38077.125000,8213.263672,15890.915039
77,1761665700.220511,37,0,d3:aa:11:c3:69:90,8E89BED6,23568.566406,5494.554199,38077.125000,547431.562500,389580.562500,1.014378,31.742679,1.000000,23861.938772,11.101044,1770833.333333,576.000000,8213.263672,23568.566406,5494.554199,38077.125000,8213.263672,15890.915039
78,1761665700.819993,37,0,d3:aa:11:c3:69:90,8E89BED6,37955.707031,-1835.854858,17871.468750,563771.750000,398835.687500,1.001981,43.558649,0.500000,69292.435544,10.413032,1350694.444444,576.000000,-902.861816,37955.707031,1835.854858,17871.468750,902.861816,9853.661804
79,1761665701.553088,37,0,d3:aa:11:c3:69:90,8E89BED6,5074.056641,2865.102539,31231.632812,552632.500000,392232.156250,1.008389,10.837974,0.500000,-19238.967405,13.800168,838541.666667,576.000000,3785.097168,5074.056641,2865.102539,31231.632812,3785.097168,4429.576904
80,1761665702.181544,37,0,d3:aa:11:c3:69:90,8E89BED6,-43672.429688,317.463593,-34229.238281,546085.125000,377970.218750,0.979259,-86.180643,0.000000,16411.834835,16.072316,0.000000,576.000000,-11814.073242,-43672.429688,-317.463593,-34229.238281,-11814.073242,-23021.655761
81,1761665702.279211,37,0,d3:aa:11:c3:69:90,8E89BED6,-43672.429688,317.463593,-34229.238281,546085.125000,377970.218750,0.979259,-86.180643,0.000000,16411.834835,16.072316,0.000000,576.000000,-11814.073242,-43672.429688,-317.463593,-34229.238281,-11814.073242,-23021.655761
82,1761665702.811971,37,0,d3:aa:11:c3:69:90,8E89BED6,-12965.149414,-13400.449219,-16987.902344,143820.359375,113665.125000,0.981693,-51.449929,0.000000,-87636.304925,21.779147,315972.222222,576.000000,-48897.515625,-12965.149414,-13400.449219,-16987.902344,-48897.515625,-15194.175781
83,1761665702.907939,37,0,d3:aa:11:c3:69:90,8E89BED6,-12965.149414,-13400.449219,-16987.902344,143820.359375,113665.125000,0.981693,-51.449929,0.000000,-87636.304925,21.779147,315972.222222,576.000000,-48897.515625,-12965.149414,-13400.449219,-16987.902344,-48897.515625,-15194.175781
84,1761665703.447597,37,0,d3:aa:11:c3:69:90,8E89BED6,-6223.821777,-419.969666,-11718.138672,551808.812500,365780.218750,0.989496,79.300124,0.500000,-5653.589952,13.335376,375000.000000,576.000000,-5223.592285,-6223.821777,-419.969666,-11718.138672,-5223.592285,-5723.707031
85,1761665703.554161,37,0,d3:aa:11:c3:69:90,8E89BED6,-6223.821777,-419.969666,-11718.138672,551808.812500,365780.218750,0.989496,79.300124,0.500000,-5653.589952,13.335376,375000.000000,576.000000,-5223.592285,-6223.821777,-419.969666,-11718.138672,-5223.592285,-5723.707031
86,1761665704.072106,37,0,d3:aa:11:c3:69:90,8E89BED6,33666.046875,14822.740234,33700.765625,545293.437500,385366.281250,1.012195,-34.017730,0.000000,30320.233807,14.664354,1736.111111,576.000000,24355.574219,33666.046875,14822.740234,33700.765625,24355.574219,29010.810547
87,1761665704.169958,37,0,d3:aa:11:c3:69:90,8E89BED6,33666.046875,14822.740234,33700.765625,545293.437500,385366.281250,1.012195,-34.017730,0.000000,30320.233807,14.664354,1736.111111,576.000000,24355.574219,33666.046875,14822.740234,33700.765625,24355.574219,29010.810547
88,1761665704.688347,37,0,d3:aa:11:c3:69:90,8E89BED6,30890.876953,9078.647461,48266.812500,559978.250000,371510.000000,0.989434,-60.828347,2.000000,-11617.698683,11.773622,1059027.777778,576.000000,18235.152344,30890.876953,9078.647461,48266.812500,18235.152344,24563.014649
89,1761665704.791704,37,0,d3:aa:11:c3:69:90,8E89BED6,30890.876953,9078.647461,48266.812500,559978.250000,371510.000000,0.989434,-60.828347,2.000000,-11617.698683,11.773622,1059027.777778,576.000000,18235.152344,30890.876953,9078.647461,48266.812500,18235.152344,24563.014649
90,1761665705.333694,37,0,d3:aa:11:c3:69:90,8E89BED6,-14795.157227,15274.595703,17887.429688,546316.562500,372763.093750,0.978417,-73.226347,0.000000,24534.562575,14.635284,5208.333333,576.000000,22608.773438,14795.157227,15274.595703,17887.429688,22608.773438,16581.012696
91,1761665705.429993,37,0,d3:aa:11:c3:69:90,8E89BED6,-14795.157227,15274.595703,17887.429688,546316.562500,372763.093750,0.978417,-73.226347,0.000000,24534.562575,14.635284,5208.333333,576.000000,22608.773438,14795.157227,15274.595703,17887.429688,22608.773438,16581.012696
92,1761665705.957886,37,0,d3:aa:11:c3:69:90,8E89BED6,9155.111328,4628.788086,-5663.215332,555625.750000,378347.937500,0.982825,-57.072102,0.500000,38048.848502,14.477868,0.000000,576.000000,7849.657715,9155.111328,4628.788086,5663.215332,7849.657715,6756.436524
93,1761665706.063494,37,0,d3:aa:11:c3:69:90,8E89BED6,9155.111328,4628.788086,-5663.215332,555625.750000,378347.937500,0.982825,-57.072102,0.500000,38048.848502,14.477868,0.000000,576.000000,7849.657715,9155.111328,4628.788086,5663.215332,7849.657715,6756.436524
94,1761665706.590729,37,0,d3:aa:11:c3:69:90,8E89BED6,12943.048828,17.441275,7382.278320,574211.812500,404082.531250,0.999949,45.861187,0.000000,-16505.874735,11.862021,1503472.222222,576.000000,-263.822632,12943.048828,17.441275,7382.278320,263.822632,3823.050476
95,1761665706.688558,37,0,d3:aa:11:c3:69:90,8E89BED6,12943.048828,17.441275,7382.278320,574211.812500,404082.531250,0.999949,45.861187,0.000000,-16505.874735,11.862021,1503472.222222,576.000000,-263.822632,12943.048828,17.441275,7382.278320,263.822632,3823.050476
96,1761665707.234904,37,0,d3:aa:11:c3:69:90,8E89BED6,-13938.672852,8579.232422,-41892.921875,564273.062500,394378.843750,1.004750,-33.634730,0.500000,-25801.696606,9.768988,1770833.333333,576.000000,-7326.308594,-13938.672852,-8579.232422,-41892.921875,-7326.308594,-11258.952637
97,1761665707.331462,37,0,d3:aa:11:c3:69:90,8E89BED6,-13938.672852,8579.232422,-41892.921875,564273.062500,394378.843750,1.004750,-33.634730,0.500000,-25801.696606,9.768988,1770833.333333,576.000000,-7326.308594,-13938.672852,-8579.232422,-41892.921875,-7326.308594,-11258.952637
98,1761665707.859857,37,0,d3:aa:11:c3:69:90,8E89BED6,43086.074219,1764.841431,27723.539062,557526.500000,381395.843750,1.010144,37.223762,0.000000,-13907.789559,14.012023,12152.777778,576.000000,10143.721680,43086.074219,1764.841431,27723.539062,10143.721680,18933.630371
99,1761665707.957791,37,0,d3:aa:11:c3:69:90,8E89BED6,43086.074219,1764.841431,27723.539062,557526.500000,381395.843750,1.010144,37.223762,0.000000,-13907.789559,14.012023,12152.777778,576.000000,10143.721680,43086.074219,1764.841431,27723.539062,10143.721680,18933.630371
100,1761665708.481526,37,0,d3:aa:11:c3:69:90,8E89BED6,15986.404297,-2207.177246,7058.292969,551343.875000,393019.656250,0.977751,-87.966351,0.000000,47080.913236,12.498067,1086805.555556,576.000000,839.161377,15986.404297,2207.177246,7058.292969,839.161377,4632.735108
101,1761665708.591549,37,0,d3:aa:11:c3:69:90,8E89BED6,15986.404297,-2207.177246,7058.292969,551343.875000,393019.656250,0.977751,-87.966351,0.000000,47080.913236,12.498067,1086805.555556,576.000000,839.161377,15986.404297,2207.177246,7058.292969,839.161377,4632.735108
102,1761665709.145190,37,0,d3:aa:11:c3:69:90,8E89BED6,-26644.972656,-5211.510742,-19361.292969,557554.375000,390663.281250,0.978464,59.440953,0.000000,-21259.343653,12.568954,477430.555556,576.000000,2966.184570,-26644.972656,-5211.510742,-19361.292969,-2966.184570,-12286.401856
103,1761665709.252074,37,0,d3:aa:11:c3:69:90,8E89BED6,-26644.972656,-5211.510742,-19361.292969,557554.375000,390663.281250,0.978464,59.440953,0.000000,-21259.343653,12.568954,477430.555556,576.000000,2966.184570,-26644.972656,-5211.510742,-19361.292969,-2966.184570,-12286.401856
104,1761665709.788581,37,0,d3:aa:11:c3:69:90,8E89BED6,43340.269531,7996.919922,34629.582031,563113.250000,386675.843750,1.005691,40.654311,0.000000,14918.226867,12.595348,1524305.555556,576.000000,11040.961914,43340.269531,7996.919922,34629.582031,11040.961914,22835.271972
105,1761665710.337142,37,0,d3:aa:11:c3:69:90,8E89BED6,22641.875000,590.268188,5116.920898,556522.687500,385937.375000,0.988486,56.872373,0.000000,60457.107425,10.536263,1027777.777778,576.000000,3542.718750,22641.875000,590.268188,5116.920898,3542.718750,4329.819824
106,1761665710.444024,37,0,d3:aa:11:c3:69:90,8E89BED6,22641.875000,590.268188,5116.920898,556522.687500,385937.375000,0.988486,56.872373,0.000000,60457.107425,10.536263,1027777.777778,576.000000,3542.718750,22641.875000,590.268188,5116.920898,3542.718750,4329.819824
107,1761665710.989884,37,0,d3:aa:11:c3:69:90,8E89BED6,16124.857422,-8556.919922,9307.433594,563956.437500,384177.531250,1.045689,2.504011,0.000000,2733.196229,12.132212,1157986.111111,576.000000,-7783.370605,16124.857422,8556.919922,9307.433594,7783.370605,8932.176758
108,1761665711.092887,37,0,d3:aa:11:c3:69:90,8E89BED6,16124.857422,-8556.919922,9307.433594,563956.437500,384177.531250,1.045689,2.504011,0.000000,2733.196229,12.132212,1157986.111111,576.000000,-7783.370605,16124.857422,8556.919922,9307.433594,7783.370605,8932.176758
109,1761665711.644938,37,0,d3:aa:11:c3:69:90,8E89BED6,-17649.320312,6267.532227,-28131.156250,543056.750000,373204.750000,1.015404,-8.803008,0.000000,-7928.922292,13.388920,8680.555556,576.000000,6557.437500,-17649.320312,-6267.532227,-28131.156250,-6557.437500,-12103.378906
110,1761665712.184816,37,0,d3:aa:11:c3:69:90,8E89BED6,28408.652344,5456.166992,-4958.923340,554675.562500,384462.937500,0.993073,-54.655600,1.000000,20982.680449,11.943734,189236.111111,576.000000,-292.489746,28408.652344,5456.166992,4958.923340,292.489746,5207.545166
111,1761665712.279977,37,0,d3:aa:11:c3:69:90,8E89BED6,28408.652344,5456.166992,-4958.923340,554675.562500,384462.937500,0.993073,-54.655600,1.000000,20982.680449,11.943734,189236.111111,576.000000,-292.489746,28408.652344,5456.166992,4958.923340,292.489746,5207.545166
112,1761665712.810391,37,0,d3:aa:11:c3:69:90,8E89BED6,29562.396484,-5938.977051,1412.284180,564515.687500,397298.875000,1.006923,37.877266,0.000000,14174.222584,14.004943,546875.000000,576.000000,-11185.977539,-29562.396484,-5938.977051,-1412.284180,-11185.977539,-8562.477295
113,1761665712.909246,37,0,d3:aa:11:c3:69:90,8E89BED6,29562.396484,-5938.977051,1412.284180,564515.687500,397298.875000,1.006923,37.877266,0.000000,14174.222584,14.004943,546875.000000,576.000000,-11185.977539,-29562.396484,-5938.977051,-1412.284180,-11185.977539,-8562.477295
114,1761665713.438057,37,0,d3:aa:11:c3:69:90,8E89BED6,6990.100586,5895.706055,3617.167969,568928.375000,386160.750000,1.032765,34.781920,0.500000,22479.610409,14.988431,13888.888889,576.000000,13325.000977,6990.100586,5895.706055,3617.167969,13325.000977,6442.903320
115,1761665713.533234,37,0,d3:aa:11:c3:69:90,8E89BED6,6990.100586,5895.706055,3617.167969,568928.375000,386160.750000,1.032765,34.781920,0.500000,22479.610409,14.988431,13888.888889,576.000000,13325.000977,6990.100586,5895.706055,3617.167969,13325.000977,6442.903320
116,1761665714.052846,37,0,d3:aa:11:c3:69:90,8E89BED6,-25566.380859,5125.845703,-34929.414062,574151.937500,408734.687500,1.017565,-38.592034,0.000000,-20253.833323,12.516592,1019097.222222,576.000000,-7497.180664,-25566.380859,-5125.845703,-34929.414062,-7497.180664,-16531.780762
117,1761665714.154668,37,0,d3:aa:11:c3:69:90,8E89BED6,-25566.380859,5125.845703,-34929.414062,574151.937500,408734.687500,1.017565,-38.592034,0.000000,-20253.833323,12.516592,1019097.222222,576.000000,-7497.180664,-25566.380859,-5125.845703,-34929.414062,-7497.180664,-16531.780762
118,1761665714.677984,37,0,d3:aa:11:c3:69:90,8E89BED6,7631.682129,-2126.659912,12080.009766,562143.062500,383688.968750,1.027828,-28.207173,0.000000,-10055.305549,13.522207,3472.222222,576.000000,5740.808105,7631.682129,2126.659912,12080.009766,5740.808105,6686.245117
119,1761665714.773936,37,0,d3:aa:11:c3:69:90,8E89BED6,7631.682129,-2126.659912,12080.009766,562143.062500,383688.968750,1.027828,-28.207173,0.000000,-10055.305549,13.522207,3472.222222,576.000000,5740.808105,7631.682129,2126.659912,12080.009766,5740.808105,6686.245117
120,1761665715.297469,37,0,d3:aa:11:c3:69:90,8E89BED6,-34025.644531,-4811.929688,-5355.036621,564669.500000,401058.781250,0.964425,-60.533376,0.000000,-9543.820691,10.331900,1850694.444444,576.000000,-5595.653320,-34025.644531,-4811.929688,-5355.036621,-5595.653320,-5475.344971
121,1761665715.397062,37,0,d3:aa:11:c3:69:90,8E89BED6,-34025.644531,-4811.929688,-5355.036621,564669.500000,401058.781250,0.964425,-60.533376,0.000000,-9543.820691,10.331900,1850694.444444,576.000000,-5595.653320,-34025.644531,-4811.929688,-5355.036621,-5595.653320,-5475.344971
122,1761665715.928070,37,0,d3:aa:11:c3:69:90,8E89BED6,-3528.695068,-3276.925293,-185.157227,571980.437500,403451.468750,1.007454,41.679283,0.000000,7315.476767,12.997095,244791.666667,576.000000,-3264.390625,-3528.695068,-3276.925293,-185.157227,-3264.390625,-3270.657959
123,1761665716.022192,37,0,d3:aa:11:c3:69:90,8E89BED6,-3528.695068,-3276.925293,-185.157227,571980.437500,403451.468750,1.007454,41.679283,0.000000,7315.476767,12.997095,244791.666667,576.000000,-3264.390625,-3528.695068,-3276.925293,-185.157227,-3264.390625,-3270.657959
124,1761665716.541121,37,0,d3:aa:11:c3:69:90,8E89BED6,-17175.585938,-12069.597656,-28940.562500,558896.937500,378878.718750,1.066685,3.643073,0.500000,-2040.826147,12.095790,86805.555556,576.000000,-17921.402344,-17175.585938,-12069.597656,-28940.562500,-17921.402344,-17548.494141
125,1761665716.646296,37,0,d3:aa:11:c3:69:90,8E89BED6,-17175.585938,-12069.597656,-28940.562500,558896.937500,378878.718750,1.066685,3.643073,0.500000,-2040.826147,12.095790,86805.555556,576.000000,-17921.402344,-17175.585938,-12069.597656,-28940.562500,-17921.402344,-17548.494141
126,1761665717.189428,37,0,d3:aa:11:c3:69:90,8E89BED6,68014.460938,8224.770508,53833.457031,555272.000000,394140.937500,1.016347,-4.362354,0.000000,36255.542183,10.674816,1829861.111111,576.000000,10652.906250,68014.460938,8224.770508,53833.457031,10652.906250,32243.181640
127,1761665717.753751,37,0,d3:aa:11:c3:69:90,8E89BED6,16535.640625,-39.296833,2152.766602,543029.937500,379192.812500,1.054374,4.752588,0.000000,-10865.888366,13.087434,105902.777778,576.000000,-9291.606445,16535.640625,39.296833,2152.766602,9291.606445,5722.186523
128,1761665717.861411,37,0,d3:aa:11:c3:69:90,8E89BED6,16535.640625,-39.296833,2152.766602,543029.937500,379192.812500,1.054374,4.752588,0.000000,-10865.888366,13.087434,105902.777778,576.000000,-9291.606445,16535.640625,39.296833,2152.766602,9291.606445,5722.186523
129,1761665718.401001,37,0,d3:aa:11:c3:69:90,8E89BED6,-4329.153809,-1029.922852,-20208.873047,548378.812500,374973.968750,1.008136,-37.014858,0.000000,-3814.671068,10.657520,1649305.555556,576.000000,-6891.532227,-4329.153809,-1029.922852,-20208.873047,-6891.532227,-5610.343018
130,1761665718.496762,37,0,d3:aa:11:c3:69:90,8E89BED6,-4329.153809,-1029.922852,-20208.873047,548378.812500,374973.968750,1.008136,-37.014858,0.000000,-3814.671068,10.657520,1649305.555556,576.000000,-6891.532227,-4329.153809,-1029.922852,-20208.873047,-6891.532227,-5610.343018
131,1761665719.037961,37,0,d3:aa:11:c3:69:90,8E89BED6,24228.449219,-8025.568359,-1068.266602,561850.562500,412147.062500,1.004522,-40.757978,4.000000,3975.660030,12.305821,588541.666667,576.000000,-11893.681641,-24228.449219,-8025.568359,-1068.266602,-11893.681641,-9959.625000
132,1761665719.589242,37,0,d3:aa:11:c3:69:90,8E89BED6,13982.023438,-6607.408203,-16983.441406,572647.437500,395416.562500,0.978437,80.486609,0.500000,6597.733480,10.440776,1935763.888889,576.000000,-10899.751953,-13982.023438,-6607.408203,-16983.441406,-10899.751953,-12440.887696
133,1761665720.155466,37,0,d3:aa:11:c3:69:90,8E89BED6,8670.230469,-6764.117188,1481.461426,563164.625000,405764.125000,1.041530,18.183355,0.000000,-13107.600305,15.083601,5208.333333,576.000000,-4727.368164,-8670.230469,-6764.117188,-1481.461426,-4727.368164,-5745.742676
134,1761665720.254005,37,0,d3:aa:11:c3:69:90,8E89BED6,8670.230469,-6764.117188,1481.461426,563164.625000,405764.125000,1.041530,18.183355,0.000000,-13107.600305,15.083601,5208.333333,576.000000,-4727.368164,-8670.230469,-6764.117188,-1481.461426,-4727.368164,-5745.742676
135,1761665720.805268,37,0,d3:aa:11:c3:69:90,8E89BED6,54906.718750,12846.765625,35209.687500,557002.625000,377970.937500,1.008006,40.913412,1.000000,18825.951105,15.091716,3472.222222,576.000000,14525.052734,54906.718750,12846.765625,35209.687500,14525.052734,24867.370117
