file,cfo_hz,cfo_std_hz,iq_gain_alpha,iq_phase_deg,rise_time_us,psd_centroid_hz,psd_pnr_db,bw_3db_hz,mag_mean,i_std,q_std,cfo_std_hz_sym
pkt_000000.fc32,34665.05750912146,529418.4375,0.9925811886787415,-47.47154967872136,0.0,448909.975275282,10.767079615816739,695833.3333333334,0.8829848766326904,0.7044692039489746,0.7097346186637878,505967.24662764464
pkt_000001.fc32,21839.55121545693,560423.6875,0.9540151357650757,80.59360012826434,0.0,499505.26667193335,9.920951290665585,964583.3333333335,0.8892756104469299,0.6902750134468079,0.7235471606254578,555180.656872356
pkt_000002.fc32,4463.15094634454,554067.6875,0.9230425953865051,-70.52143704989973,0.5,485779.7915125014,11.241938730808034,804166.6666666667,0.8866325616836548,0.6782664656639099,0.7348160147666931,548264.8626647457
pkt_000003.fc32,11989.466237523624,554666.125,0.9337430000305176,-69.02766636177539,0.0,485608.0848642377,11.025261540393709,804435.4838709678,0.8874475955963135,0.6824782490730286,0.7309058904647827,547782.3856908751
pkt_000004.fc32,-15974.618371351804,569034.625,1.0100395679473877,-14.598518717696566,0.5,465709.8848456203,10.099131862389928,917338.7096774193,0.892635703086853,0.7106297612190247,0.7035662531852722,574912.5800930827
pkt_000005.fc32,-10766.395172179366,576161.5,0.9829351902008057,54.87708632189894,0.0,471399.6037691496,12.236303305793106,716666.6666666667,0.889163076877594,0.7009956240653992,0.7131656408309937,561892.342260269
pkt_000006.fc32,3803.71811921933,537550.0,1.0901074409484863,-3.162166197442505,2.5,466689.07252632966,11.914590803428624,429166.66666666674,0.886078417301178,0.7369067072868347,0.6759945750236511,540836.7663238891
pkt_000007.fc32,15101.747468748985,540827.8125,1.0943922996520996,14.277232483435029,0.0,439063.4430105533,13.046639360071397,15306.122448979593,0.8835603594779968,0.7382259964942932,0.674553394317627,538161.077662032
pkt_000008.fc32,14623.337777665365,268540.28125,0.9791445136070251,50.39032183797762,0.0,225485.17671972275,14.700031499016863,95693.77990430624,0.9428842067718506,0.6996167302131653,0.7145183086395264,217884.9887164193
pkt_000009.fc32,53677.58868392319,553907.4375,1.0021361112594604,41.29969548077032,1.0,438421.5755752503,11.028847269901895,818750.0,0.8775482773780823,0.7078607082366943,0.7063519358634949,556540.3578086286
pkt_000010.fc32,4564.839537901663,552823.0625,0.9407350420951843,-77.13636059046762,0.5,483048.2896850595,9.930258360624762,918750.0000000001,0.8840833902359009,0.6851942539215088,0.7283604741096497,542888.9346055149
pkt_000011.fc32,54077.349221032804,565419.8125,1.0226303339004517,-17.370077770103453,0.0,442613.92256148846,16.681268892167832,0.0,0.8825500011444092,0.7149735689163208,0.6991515159606934,554743.410928989
pkt_000012.fc32,55835.15057899174,564552.5625,1.0276483297348022,-16.269773642439073,0.5,441982.7462229312,16.795274696256207,2016.1290322580644,0.8819159865379333,0.7166820168495178,0.6974000930786133,554493.0086049172
pkt_000013.fc32,8639.135126772355,562656.5625,1.0095903873443604,-42.63234691720114,0.0,459126.25146776205,12.84364851377216,168750.0,0.8882540464401245,0.7104732394218445,0.7037242650985718,559542.8710222708
pkt_000014.fc32,25550.5518882868,567741.375,1.03420889377594,17.11476753868352,0.5,467852.92145288794,10.771335205694783,566666.6666666666,0.8851154446601868,0.7188964486122131,0.6951172351837158,572508.922687669
pkt_000015.fc32,25550.5518882868,567741.375,1.03420889377594,17.11476753868352,0.5,467852.92145288794,10.771335205694783,566666.6666666666,0.8851154446601868,0.7188964486122131,0.6951172351837158,572508.922687669
pkt_000016.fc32,36583.39202851032,566143.375,1.0486513376235962,9.260404161057876,0.0,463054.0156024261,10.883584022481214,566532.2580645161,0.8855730891227722,0.7236950993537903,0.6901198625564575,570571.0841836503
pkt_000017.fc32,15988.2929792526,529012.875,0.9414839148521423,-75.75733967001482,3.5,463945.45688106265,9.914250731524758,993750.0000000001,0.8819723129272461,0.6854833364486694,0.7280882596969604,539837.1681388577
pkt_000018.fc32,-3444.1771391793686,553201.3125,1.0204534530639648,33.792141430750675,0.5,453004.0979196958,12.567162337087707,116666.66666666669,0.8816474676132202,0.7142283916473389,0.6999127268791199,533767.8999878798
pkt_000019.fc32,-22294.844985068285,517543.8125,1.0399528741836548,-24.888095394349715,0.5,397844.84522584337,14.47236845005145,0.0,0.8849435448646545,0.7208173871040344,0.6931250095367432,523696.78605669603
pkt_000020.fc32,-46339.49431494229,561157.75,0.9487320184707642,-75.21384007494676,0.0,491911.1956935378,9.218171506577765,987500.0,0.8883690237998962,0.6882658004760742,0.7254586219787598,576035.9564840728
pkt_000021.fc32,-46339.49431494229,561157.75,0.9487320184707642,-75.21384007494676,0.0,491911.1956935378,9.218171506577765,987500.0,0.8883690237998962,0.6882658004760742,0.7254586219787598,576035.9564840728
pkt_000022.fc32,-48233.04093946831,560843.5,0.9384889006614685,-83.91487333009127,1.0,495086.6546080805,8.652209250574973,987903.2258064515,0.8864634037017822,0.6843248009681702,0.7291772961616516,574155.6054055684
pkt_000023.fc32,-48233.04093946831,560843.5,0.9384889006614685,-83.91487333009127,1.0,495086.6546080805,8.652209250574973,987903.2258064515,0.8864634037017822,0.6843248009681702,0.7291772961616516,574155.6054055684
pkt_000024.fc32,-16483.84454787818,570278.5625,0.9956930875778198,49.76852061323909,0.0,486997.6109654806,10.589079868254732,910714.2857142858,0.8790076375007629,0.7055791020393372,0.7086310982704163,573591.4317801254
pkt_000025.fc32,-21194.847762424655,560481.4375,1.0135921239852905,29.197526684687826,0.0,468282.80355761776,10.48538684308678,920833.3333333334,0.8814740777015686,0.71186363697052,0.7023176550865173,557597.8228741281
pkt_000026.fc32,-14077.211978466687,560729.8125,1.0063987970352173,38.90833765659731,0.0,466112.4152207054,10.813055908075235,921370.9677419354,0.8815048933029175,0.709358274936676,0.704848051071167,557165.8134091247
pkt_000027.fc32,26800.550025796445,546644.5625,1.015267014503479,-13.371164184059172,0.0,480225.8511315531,11.95989718934921,820833.3333333334,0.8881637454032898,0.7124432325363159,0.7017298936843872,554185.3844737989
pkt_000028.fc32,26800.550025796445,546644.5625,1.015267014503479,-13.371164184059172,0.0,480225.8511315531,11.95989718934921,820833.3333333334,0.8881637454032898,0.7124432325363159,0.7017298936843872,554185.3844737989
pkt_000029.fc32,21727.687895050276,559307.375,1.0255444049835205,-9.667845026732687,0.5,484922.2760016224,8.922223649395193,950000.0,0.8877934813499451,0.7159672379493713,0.6981338858604431,556577.5064486143
pkt_000030.fc32,14539.557681236736,558454.1875,1.020138144493103,-7.780279220450459,0.0,483547.4730767734,9.30700768014521,949596.7741935484,0.886558473110199,0.7141202092170715,0.7000231146812439,557871.1442774148
pkt_000031.fc32,-37669.97077534703,574074.375,1.0640599727630615,6.538128176596671,0.5,476188.06682104553,15.697405667301416,2083.3333333333335,0.8802141547203064,0.7287015914916992,0.6848313212394714,556777.1756453511
pkt_000032.fc32,6073.0988673171305,546194.1875,1.0118272304534912,-39.360628896447984,0.0,471938.89918951003,14.860652105736825,2083.333333333333,0.8910555243492126,0.7112514972686768,0.702937662601471,530476.4318268506
pkt_000033.fc32,-12315.403813354018,520095.03125,1.0116170644760132,43.03493638180646,0.0,399852.463476577,10.994802720185366,572916.6666666667,0.8822160363197327,0.7111784219741821,0.7030115127563477,541068.2338457617
pkt_000034.fc32,18234.455234460915,398583.71875,1.019537329673767,-30.245697294904208,0.0,233237.78220413916,17.80640869478114,91666.66666666667,0.8885653018951416,0.7139140963554382,0.7002333402633667,393849.8431838669
pkt_000035.fc32,18234.455234460915,398583.71875,1.019537329673767,-30.245697294904208,0.0,233237.78220413916,17.80640869478114,91666.66666666667,0.8885653018951416,0.7139140963554382,0.7002333402633667,393849.8431838669
pkt_000036.fc32,-35450.08103250865,544119.8125,1.0042842626571655,36.8147233661309,2.0,468472.09846732416,12.638405678143236,25000.0,0.8893741965293884,0.7086166143417358,0.7055936455726624,568693.8446357676
pkt_000037.fc32,-35450.08103250865,544119.8125,1.0042842626571655,36.8147233661309,2.0,468472.09846732416,12.638405678143236,25000.0,0.8893741965293884,0.7086166143417358,0.7055936455726624,568693.8446357676
pkt_000038.fc32,-29815.37418109892,546204.4375,0.9999185800552368,45.09518497773331,1.0,467701.70472525916,11.742788018067634,723790.3225806451,0.8892874717712402,0.7070779800415039,0.7071355581283569,570902.5760313682
pkt_000039.fc32,-29815.37418109892,546204.4375,0.9999185800552368,45.09518497773331,1.0,467701.70472525916,11.742788018067634,723790.3225806451,0.8892874717712402,0.7070779800415039,0.7071355581283569,570902.5760313682
pkt_000040.fc32,16851.12018354465,512115.46875,1.0207291841506958,-27.944963548557823,0.0,342547.7882132229,15.048902820386537,20833.333333333336,0.886141836643219,0.7143228650093079,0.6998162269592285,497662.5334523123
pkt_000041.fc32,12585.345695957614,511696.4375,1.0175442695617676,-28.988336062752136,0.0,347925.723429388,14.935284402655524,68548.38709677418,0.8867291212081909,0.7132287621498108,0.7009313702583313,498292.3907302736
pkt_000042.fc32,-23513.557061629737,545070.0,0.9856133460998535,-78.25359611191134,0.0,487480.03589156613,8.67339531538355,985416.6666666667,0.8896781206130981,0.7019650340080261,0.7122113704681396,543850.3596221849
pkt_000043.fc32,-23513.557061629737,545070.0,0.9856133460998535,-78.25359611191134,0.0,487480.03589156613,8.67339531538355,985416.6666666667,0.8896781206130981,0.7019650340080261,0.7122113704681396,543850.3596221849
pkt_000044.fc32,-9711.39359938829,547129.3125,1.0000299215316772,-44.27954729247132,0.5,483646.23261119676,8.918276066387774,985887.0967741935,0.8903173804283142,0.7071173787117004,0.7070961594581604,546249.1220586934
pkt_000045.fc32,-9711.39359938829,547129.3125,1.0000299215316772,-44.27954729247132,0.5,483646.23261119676,8.918276066387774,985887.0967741935,0.8903173804283142,0.7071173787117004,0.7070961594581604,546249.1220586934
pkt_000046.fc32,0.0016217041895023206,544183.3125,0.9978182315826416,57.40297984671718,0.5,498213.3965815523,8.684461335452143,994897.9591836736,0.8895258903503418,0.7063340544700623,0.7078785300254822,551828.0964637506
pkt_000047.fc32,-8904.326114773583,539916.4375,1.0710148811340332,24.144901981621178,0.0,387977.2693497889,15.84963063521748,4166.666666666667,0.8844650983810425,0.7309238910675049,0.6824591159820557,551260.7733621902
pkt_000048.fc32,12724.210793723705,439073.40625,0.9591269493103027,-75.22381553293859,0.0,278193.0510165412,13.112413247686359,245833.33333333334,0.8845729827880859,0.6922038197517395,0.7217019200325012,434439.4945280155
pkt_000049.fc32,-11315.336052817212,557451.9375,0.9757916331291199,-85.40446268272201,0.5,476789.0264728859,9.97690278421742,935416.6666666667,0.8844138979911804,0.698390543460846,0.7157168984413147,541147.9573315739
pkt_000050.fc32,-11315.336052817212,557451.9375,0.9757916331291199,-85.40446268272201,0.5,476789.0264728859,9.97690278421742,935416.6666666667,0.8844138979911804,0.698390543460846,0.7157168984413147,541147.9573315739
pkt_000051.fc32,-15433.152753305581,557347.8125,0.9607836604118347,85.79200157501681,0.5,478714.74567174807,10.11882785207139,758064.5161290322,0.884492814540863,0.6928258538246155,0.7211049795150757,542259.1532185443
pkt_000052.fc32,-15433.152753305581,557347.8125,0.9607836604118347,85.79200157501681,0.5,478714.74567174807,10.11882785207139,758064.5161290322,0.884492814540863,0.6928258538246155,0.7211049795150757,542259.1532185443
pkt_000053.fc32,53973.644182134776,556906.75,1.0091196298599243,-16.594640973162615,0.0,499275.4172300455,11.893781712363904,333333.3333333334,0.8911698460578918,0.7103090286254883,0.7038898468017578,564622.7862719723
pkt_000054.fc32,43987.24831259375,554250.5625,1.023533821105957,-16.263058841091322,0.0,499773.3949370239,11.837844734331282,858870.9677419354,0.8883792757987976,0.715282142162323,0.6988358497619629,562631.3687284644
pkt_000055.fc32,40419.546431506824,547064.5,1.06815505027771,-0.1368299206343169,1.0,441889.00817850354,14.204266325833235,2083.3333333333335,0.890964150428772,0.7300128936767578,0.6834334135055542,543042.0067339139
pkt_000056.fc32,45422.9683056912,547715.3125,1.0718162059783936,1.804269694846697,0.0,441800.28263551026,14.429750021811447,2016.1290322580644,0.8907976746559143,0.7311784029006958,0.6821863651275635,543387.462523935
pkt_000057.fc32,13841.8372563657,572445.8125,1.0244171619415283,28.330694880959424,0.0,449697.6786844697,11.421229005219493,12500.0,0.8789594769477844,0.715583324432373,0.6985273361206055,573158.7772417004
pkt_000058.fc32,13841.8372563657,572445.8125,1.0244171619415283,28.330694880959424,0.0,449697.6786844697,11.421229005219493,12500.0,0.8789594769477844,0.715583324432373,0.6985273361206055,573158.7772417004
pkt_000059.fc32,72071.33080744983,569108.375,1.0181161165237427,30.56019187742102,0.0,469032.7560126245,9.698295643779105,893750.0000000001,0.8831034302711487,0.7134255766868591,0.7007310390472412,559192.8238273076
pkt_000060.fc32,-24248.687001767365,583187.1875,1.0208375453948975,35.64426815432021,0.0,493621.1553550369,10.931647404393432,961734.6938775511,0.8842315077781677,0.7143599987030029,0.6997783780097961,575990.3839441107
pkt_000061.fc32,-24248.687001767365,583187.1875,1.0208375453948975,35.64426815432021,0.0,493621.1553550369,10.931647404393432,961734.6938775511,0.8842315077781677,0.7143599987030029,0.6997783780097961,575990.3839441107
pkt_000062.fc32,13489.958005453298,562472.125,0.9851794838905334,54.614053283834004,0.0,471244.3097034111,11.971924265171022,318750.0,0.8878276944160461,0.7018083333969116,0.7123659253120422,574565.6064832461
pkt_000063.fc32,21546.313170277972,562216.1875,0.9863813519477844,55.17801535064727,0.0,470844.94982266694,11.924774778768663,268145.1612903226,0.8871443271636963,0.7022423148155212,0.7119379043579102,576027.0772381519
pkt_000064.fc32,33423.011324489264,561294.6875,1.0290695428848267,-14.169170933282395,0.0,469707.70483947743,11.087194896677415,354166.6666666667,0.8883733153343201,0.7171635627746582,0.6969048380851746,566534.6700571451
pkt_000065.fc32,33423.011324489264,561294.6875,1.0290695428848267,-14.169170933282395,0.0,469707.70483947743,11.087194896677415,354166.6666666667,0.8883733153343201,0.7171635627746582,0.6969048380851746,566534.6700571451
pkt_000066.fc32,20847.987989074172,560115.1875,1.0282702445983887,-12.106091910577707,0.5,470464.86943832994,11.062299560911464,354838.70967741933,0.8888126015663147,0.7168928980827332,0.69718337059021,565503.880674904
pkt_000067.fc32,46928.8020878936,537091.875,0.9220467805862427,84.26919782162615,0.0,448419.3205315118,12.358470463923165,137500.0,0.884808361530304,0.67787104845047,0.7351807951927185,543257.2715292554
pkt_000068.fc32,46928.8020878936,537091.875,0.9220467805862427,84.26919782162615,0.0,448419.3205315118,12.358470463923165,137500.0,0.884808361530304,0.67787104845047,0.7351807951927185,543257.2715292554
pkt_000069.fc32,-28576.25217120513,568673.25,1.0302495956420898,7.928434085942976,0.5,512284.27546779474,10.76743436831226,920833.3333333335,0.8948624134063721,0.7175626754760742,0.6964940428733826,573305.8160363326
pkt_000070.fc32,-28576.25217120513,568673.25,1.0302495956420898,7.928434085942976,0.5,512284.27546779474,10.76743436831226,920833.3333333335,0.8948624134063721,0.7175626754760742,0.6964940428733826,573305.8160363326
pkt_000071.fc32,-27539.789937403388,569601.5625,1.025674819946289,16.45543035285881,2.5,514449.41704532545,10.842133938418076,949596.7741935484,0.8952279686927795,0.7160117030143738,0.6980884075164795,572797.004888662
pkt_000072.fc32,-27539.789937403388,569601.5625,1.025674819946289,16.45543035285881,2.5,514449.41704532545,10.842133938418076,949596.7741935484,0.8952279686927795,0.7160117030143738,0.6980884075164795,572797.004888662
pkt_000073.fc32,-43781.82563011869,565675.4375,1.0009809732437134,29.416647204731028,4.5,479185.12792342406,11.0909893567251,487500.00000000006,0.8887625336647034,0.7074533104896545,0.7067599892616272,566319.8985532436
pkt_000074.fc32,-43781.82563011869,565675.4375,1.0009809732437134,29.416647204731028,4.5,479185.12792342406,11.0909893567251,487500.00000000006,0.8887625336647034,0.7074533104896545,0.7067599892616272,566319.8985532436
pkt_000075.fc32,-37611.73155470536,561395.5,1.0032241344451904,-28.068502111666916,0.5,480501.3337984776,10.572195773282083,606854.8387096773,0.8894868493080139,0.7082439064979553,0.7059677839279175,563312.3006432193
pkt_000076.fc32,-37611.73155470536,561395.5,1.0032241344451904,-28.068502111666916,0.5,480501.3337984776,10.572195773282083,606854.8387096773,0.8894868493080139,0.7082439064979553,0.7059677839279175,563312.3006432193
pkt_000077.fc32,-59917.151475019855,576589.1875,1.010348916053772,18.758168093307685,0.5,494452.9612607965,9.379445336446308,958333.3333333334,0.88881516456604,0.710737407207489,0.7034574151039124,560071.5656095252
pkt_000078.fc32,-52231.54751607994,572325.25,1.0080561637878418,13.432243962300769,0.0,497345.5744124699,9.37714130364991,957661.2903225806,0.8891888856887817,0.7099379301071167,0.7042642831802368,556350.4785497022
pkt_000079.fc32,-22224.98732805721,545139.625,0.9900961518287659,-88.62001272955737,0.5,388009.3036589379,10.9899910250357,714583.3333333334,0.8883451819419861,0.7035791277885437,0.710616946220398,531785.1719628159
pkt_000080.fc32,-22224.98732805721,545139.625,0.9900961518287659,-88.62001272955737,0.5,388009.3036589379,10.9899910250357,714583.3333333334,0.8883451819419861,0.7035791277885437,0.710616946220398,531785.1719628159
pkt_000081.fc32,-57586.06957272451,558779.5625,1.0505033731460571,-8.041258402781377,0.5,476839.93869460654,9.883655206589628,931122.448979592,0.8901597857475281,0.7243030071258545,0.6894818544387817,536731.6708507299
pkt_000082.fc32,-54178.122970412034,559473.8125,1.024815559387207,-8.863777954863775,0.0,478974.6905594001,9.308444026471355,977083.3333333335,0.8909108638763428,0.7157191634178162,0.6983883380889893,545620.7067095569
pkt_000083.fc32,-45127.240087377344,557031.3125,1.0258554220199585,-15.6088723084523,1.0,478790.3190184677,9.000063242123053,985887.0967741935,0.8899965882301331,0.7160730957984924,0.6980253458023071,545407.6427529479
pkt_000084.fc32,-45871.0002561225,555757.25,0.9432888627052307,65.04803031459093,0.0,497796.74851912475,11.044581535561019,993750.0000000001,0.884061872959137,0.6861791610717773,0.7274326682090759,555672.5063835876
pkt_000085.fc32,-31850.896248216195,552986.875,0.9331015348434448,67.08033770545576,0.0,496679.555085236,10.633327056662935,993951.6129032257,0.8834468722343445,0.6822276711463928,0.7311398386955261,554332.0438134773
pkt_000086.fc32,-73295.55683881,554646.0,1.0961326360702515,-8.886771214625625,1.0,444879.0359991814,12.152660153838994,6250.0,0.8899673223495483,0.7387595772743225,0.6739691495895386,551693.1243366521
pkt_000087.fc32,-73295.55683881,554646.0,1.0961326360702515,-8.886771214625625,1.0,444879.0359991814,12.152660153838994,6250.0,0.8899673223495483,0.7387595772743225,0.6739691495895386,551693.1243366521
pkt_000088.fc32,-14970.56870539262,550180.3125,1.0236070156097412,27.506959671023225,1.0,456975.15668630204,9.21403189878696,897916.6666666667,0.8846452832221985,0.7153070569038391,0.6988102793693542,548257.766857108
pkt_000089.fc32,8524.007307965521,552706.875,1.0463320016860962,-14.027049867363681,1.0,443768.2137778066,14.42725049123169,2083.3333333333335,0.8818219900131226,0.722931444644928,0.6909197568893433,557622.791010094
pkt_000090.fc32,8524.007307965521,552706.875,1.0463320016860962,-14.027049867363681,1.0,443768.2137778066,14.42725049123169,2083.3333333333335,0.8818219900131226,0.722931444644928,0.6909197568893433,557622.791010094
pkt_000091.fc32,-4515.7371775208,553205.25,1.0552033185958862,-11.362555406984763,0.5,441843.93291650584,14.499296734711503,4032.258064516129,0.883229672908783,0.7258380651473999,0.6878656148910522,557522.8425752395
pkt_000092.fc32,-4515.7371775208,553205.25,1.0552033185958862,-11.362555406984763,0.5,441843.93291650584,14.499296734711503,4032.258064516129,0.883229672908783,0.7258380651473999,0.6878656148910522,557522.8425752395
pkt_000093.fc32,-23526.588967702384,548074.1875,1.00563383102417,-24.57319178469699,0.5,456730.96587540064,13.901475401890977,2083.333333333333,0.8843705654144287,0.7090902328491211,0.7051176428794861,539527.1913870253
pkt_000094.fc32,-21445.188425066393,550715.375,1.005580186843872,-32.076791804995146,0.0,457762.55846295704,14.386999867239167,0.0,0.8851512670516968,0.7090713977813721,0.7051365971565247,543033.5828339376
pkt_000095.fc32,-24161.28903951274,530833.875,0.9872152209281921,54.44924152175646,0.0,454146.6965961697,10.337805271288317,835416.6666666667,0.8863096833229065,0.7025430202484131,0.7116411924362183,522857.8870446369
pkt_000096.fc32,-24161.28903951274,530833.875,0.9872152209281921,54.44924152175646,0.0,454146.6965961697,10.337805271288317,835416.6666666667,0.8863096833229065,0.7025430202484131,0.7116411924362183,522857.8870446369
pkt_000097.fc32,-23320.642163072265,558453.4375,0.9932457208633423,-47.368286411693056,0.0,508176.7492504908,9.92529150791248,950000.0,0.8866750001907349,0.7047066688537598,0.7094988226890564,548310.2454772309
pkt_000098.fc32,-23320.642163072265,558453.4375,0.9932457208633423,-47.368286411693056,0.0,508176.7492504908,9.92529150791248,950000.0,0.8866750001907349,0.7047066688537598,0.7094988226890564,548310.2454772309
pkt_000099.fc32,-30511.944383140977,559017.375,0.990292489528656,-48.914617651225434,0.5,507262.6492724169,9.412236360672676,949596.7741935484,0.8871938586235046,0.7036495804786682,0.7105472683906555,549125.5423911581
pkt_000100.fc32,-30511.944383140977,559017.375,0.990292489528656,-48.914617651225434,0.5,507262.6492724169,9.412236360672676,949596.7741935484,0.8871938586235046,0.7036495804786682,0.7105472683906555,549125.5423911581
pkt_000101.fc32,-20281.338420056993,561087.3125,0.9803125858306885,-50.52886017364535,0.0,515085.2984987862,9.972085728295863,948979.5918367347,0.8861390948295593,0.7000424265861511,0.714101254940033,548682.7564054644
pkt_000102.fc32,-20281.338420056993,561087.3125,0.9803125858306885,-50.52886017364535,0.0,515085.2984987862,9.972085728295863,948979.5918367347,0.8861390948295593,0.7000424265861511,0.714101254940033,548682.7564054644
pkt_000103.fc32,-19199.679543856808,547543.1875,0.9664210081100464,-70.71831505218533,0.0,433750.4955365589,13.018737104025789,2083.3333333333335,0.8859323859214783,0.6949307918548584,0.7190766334533691,540250.0151286896
pkt_000104.fc32,-19199.679543856808,547543.1875,0.9664210081100464,-70.71831505218533,0.0,433750.4955365589,13.018737104025789,2083.3333333333335,0.8859323859214783,0.6949307918548584,0.7190766334533691,540250.0151286896
pkt_000105.fc32,-18170.36410695223,550164.125,0.9734050035476685,-65.63937380819158,0.0,433634.87877111556,12.953066266091252,2016.1290322580644,0.8872241377830505,0.6975139379501343,0.7165711522102356,544314.4709762873
pkt_000106.fc32,-18170.36410695223,550164.125,0.9734050035476685,-65.63937380819158,0.0,433634.87877111556,12.953066266091252,2016.1290322580644,0.8872241377830505,0.6975139379501343,0.7165711522102356,544314.4709762873
pkt_000107.fc32,17691.805005480517,549636.0625,0.995397686958313,48.92785131276714,0.0,447036.8088391909,14.370927388578993,2083.3333333333335,0.8847787380218506,0.7054740190505981,0.7087358832359314,540204.101079269
pkt_000108.fc32,14755.836332783228,551868.1875,1.0034024715423584,41.886227572698054,1.0,448755.3029458402,14.847645096778505,2016.1290322580644,0.8855047821998596,0.7083066701889038,0.7059049010276794,543412.0891504424
pkt_000109.fc32,55705.85130345386,562140.4375,1.0739719867706299,7.926488769988577,1.0,451808.74668496294,12.305352554238745,0.0,0.8827372193336487,0.7318617105484009,0.6814532279968262,572801.6342390996
pkt_000110.fc32,-22256.645729178912,556349.375,0.9618136286735535,82.33967595382624,1.0,462384.4899011414,11.505194171547588,166666.66666666666,0.8811026811599731,0.6932117342948914,0.7207340002059937,539372.335820343
pkt_000111.fc32,-22256.645729178912,556349.375,0.9618136286735535,82.33967595382624,1.0,462384.4899011414,11.505194171547588,166666.66666666666,0.8811026811599731,0.6932117342948914,0.7207340002059937,539372.335820343
pkt_000112.fc32,-21281.62199559882,557657.125,0.9750328063964844,-64.90795992430256,0.5,456459.0095132306,8.637801779106365,779166.6666666667,0.8841519951820374,0.6981121897697449,0.7159883975982666,549628.6996600156
pkt_000113.fc32,-14328.893777211078,558923.6875,0.9810615181922913,-59.333870718933056,0.0,458531.07315956685,9.049520415555865,780241.9354838709,0.8847951292991638,0.7003150582313538,0.7138339281082153,549800.8583725954
pkt_000114.fc32,17306.42818271678,548847.9375,0.9210636615753174,64.99900924176572,0.0,453443.1822963408,12.367799592102893,172916.66666666666,0.8800206780433655,0.677480161190033,0.7355411052703857,542970.4415296103
pkt_000115.fc32,35277.95315064394,554265.6875,1.0735042095184326,-16.406276439602763,0.0,496033.9765486796,10.696537808923132,991666.6666666667,0.884735643863678,0.7317136526107788,0.6816122531890869,551745.3752838026
pkt_000116.fc32,44746.162963559866,554225.25,1.076943039894104,-17.80843022928468,0.0,497442.52492742473,11.159014087038546,991935.4838709676,0.8852312564849854,0.732799768447876,0.6804443597793579,551089.6391779861
pkt_000117.fc32,52826.129712890324,554010.125,1.0739448070526123,-6.163885950003064,0.0,492187.50214229134,8.798665067300274,994897.9591836736,0.8856781721115112,0.7318530678749084,0.6814624667167664,555467.9801634412
pkt_000118.fc32,-24677.52327471877,543956.3125,0.9934124946594238,-48.74685502956364,0.0,451576.244126294,13.980013981731219,0.0,0.8806272745132446,0.7047662138938904,0.7094396352767944,546530.9811984426
pkt_000119.fc32,29736.59221789105,568353.5625,1.0094598531723022,-33.5700511115974,0.5,480012.29065253073,10.7941801145781,881048.3870967742,0.8889498710632324,0.7104277610778809,0.7037702202796936,565409.0169364316
pkt_000120.fc32,-11877.3123969179,554318.9375,1.0463098287582397,-24.636902954158398,0.0,461814.5445415437,12.370365346593129,14583.333333333334,0.8805127739906311,0.7229241728782654,0.6909273862838745,557102.8997777699
pkt_000121.fc32,-14493.477620273767,553970.1875,1.048176884651184,-25.424527267004823,0.0,463273.0194904343,12.1813659006693,524193.54838709673,0.8802252411842346,0.7235391139984131,0.6902833580970764,557066.9653936365
pkt_000122.fc32,-59200.79744031938,374283.0,0.987149715423584,61.43316240936075,0.0,249290.62214096673,12.96544874279033,163424.12451361868,0.9045887589454651,0.702519416809082,0.7116644978523254,382759.5891375264
pkt_000123.fc32,-11027.141201134795,567235.125,1.0039427280426025,-42.66371894532771,0.0,465274.856910689,12.625848471557003,879166.6666666667,0.8853256106376648,0.7084965705871582,0.7057141661643982,562575.3232317748
pkt_000124.fc32,18514.293776580645,546852.6875,0.9235554337501526,-81.13998057740415,0.0,484514.1062034811,12.68158010152774,0.0,0.8854483366012573,0.6784698963165283,0.7346282601356506,544710.8116756249
pkt_000125.fc32,13559.280868138736,547064.8125,0.9172642230987549,-79.6963644982934,0.0,483421.288610228,12.665158249804993,40322.58064516129,0.885606586933136,0.6759638786315918,0.7369347214698792,543495.2277308396
pkt_000126.fc32,13559.280868138736,547064.8125,0.9172642230987549,-79.6963644982934,0.0,483421.288610228,12.665158249804993,40322.58064516129,0.885606586933136,0.6759638786315918,0.7369347214698792,543495.2277308396
pkt_000127.fc32,-11237.889296728346,562288.0625,1.0451455116271973,24.8707615715852,0.5,477013.4173938883,9.866452684995588,987500.0,0.8908253312110901,0.7225398421287537,0.6913293600082397,562897.0630871778
pkt_000128.fc32,2664.6720173286335,563204.6875,1.0414981842041016,22.508888123259837,0.5,479133.2476964939,9.781303236149355,987903.2258064515,0.889075756072998,0.7213313579559326,0.6925901174545288,562640.2859198807
pkt_000129.fc32,2664.6720173286335,563204.6875,1.0414981842041016,22.508888123259837,0.5,479133.2476964939,9.781303236149355,987903.2258064515,0.889075756072998,0.7213313579559326,0.6925901174545288,562640.2859198807
pkt_000130.fc32,-22725.92004224764,562914.75,1.034804105758667,24.537151765155585,0.0,465123.8662058104,8.840699918287102,974489.7959183673,0.8886646628379822,0.7190962433815002,0.69491046667099,563239.2176191001
pkt_000131.fc32,3777.765475517561,524948.9375,1.026492953300476,19.566553805489736,0.0,487746.1507053762,10.110436059623432,866666.6666666667,0.8739850521087646,0.716289758682251,0.6978029012680054,515078.756925937
pkt_000132.fc32,76028.56691463906,550841.1875,0.9801052212715149,63.65011416569873,0.0,463436.7432071495,11.014184740850215,822916.6666666667,0.8966606259346008,0.6999668478965759,0.7141752243041992,537183.6017008125
pkt_000133.fc32,70594.79569087464,553089.0625,0.9767094254493713,68.27354723650512,0.5,462473.2972459238,11.51457634715866,20161.290322580644,0.8959341645240784,0.6987268328666687,0.7153886556625366,538520.4973943563
pkt_000134.fc32,-38131.45914708063,564953.3125,1.0041372776031494,-7.367635380367486,0.0,471203.8229041785,12.214341377112344,775000.0,0.8845284581184387,0.7085649967193604,0.7056455612182617,571925.8142600269
pkt_000135.fc32,-31124.842396256914,568427.75,1.0034990310668945,-20.38146941326401,0.0,473143.233750648,11.428780165808888,939516.1290322581,0.883033037185669,0.7083406448364258,0.7058708071708679,574670.2222140335
pkt_000136.fc32,6649.506950531296,539154.5,0.935460090637207,69.86283380374437,0.0,444608.30701695045,11.299358677538287,4166.666666666667,0.8915826678276062,0.6831479072570801,0.7302801609039307,545065.0708205763
pkt_000137.fc32,5152.689966670696,540617.75,0.9347443580627441,70.10426390191853,0.0,442074.78697502293,11.713292858912725,721774.193548387,0.8925169706344604,0.682869017124176,0.730540931224823,543798.2225115205
pkt_000138.fc32,-6353.380304515854,576707.375,0.9918366074562073,82.4325268116262,1.5,496465.6722984503,10.231800482904223,941666.6666666667,0.8852718472480774,0.7042028307914734,0.7099987864494324,567899.569526286
pkt_000139.fc32,-6353.380304515854,576707.375,0.9918366074562073,82.4325268116262,1.5,496465.6722984503,10.231800482904223,941666.6666666667,0.8852718472480774,0.7042028307914734,0.7099987864494324,567899.569526286
pkt_000140.fc32,80393.54634253033,569594.25,0.958320677280426,-73.40810303608927,0.0,516868.9484428261,8.831110167539144,989583.3333333335,0.8843460083007812,0.6919006705284119,0.7219927906990051,552545.9872910143
pkt_000141.fc32,0.004152725004411457,551984.6875,0.9650675058364868,64.55505976530911,0.0,465163.9223200389,8.637328923355742,929166.6666666667,0.8823871612548828,0.6944270133972168,0.7195631861686707,537072.8387997721
pkt_000142.fc32,10126.369687250512,554210.6875,0.9633172154426575,65.1761207224754,1.0,463094.96297090035,9.40011826021632,929435.4838709676,0.8809995055198669,0.6937740445137024,0.7201927304267883,538430.1491698351
pkt_000143.fc32,-18735.570561347904,547012.0,0.9879230260848999,-60.64107263895633,0.0,473683.4775092815,8.437688508401681,857142.8571428573,0.8779879212379456,0.7027980089187622,0.7113894820213318,544704.9301238396
pkt_000144.fc32,-680.4010483809153,547674.875,1.016679048538208,-29.52971785477672,0.0,476486.3529514958,9.951158103596974,858333.3333333334,0.8807340264320374,0.7129305601119995,0.7012346386909485,542955.8325138856
pkt_000145.fc32,6777.0263451760875,562716.75,1.0516921281814575,-24.398595894827185,0.5,482642.7733656978,11.402893062360825,979166.6666666667,0.8875188231468201,0.7246923446655273,0.6890726685523987,554323.9614229595
pkt_000146.fc32,21085.149706848635,552589.0,0.9871562719345093,60.30566712668113,0.0,458878.2682885347,9.744295559537186,945833.3333333334,0.8828356266021729,0.702521800994873,0.711662232875824,543050.0511789364
pkt_000147.fc32,11254.336297385998,551769.75,0.9889438152313232,64.7446467064814,0.5,459388.8587734822,9.856590670766586,945564.5161290322,0.8830004334449768,0.7031651735305786,0.7110264301300049,544264.3829223738
pkt_000148.fc32,-23456.650676513607,544034.375,1.001524806022644,-44.2084691757491,0.0,440413.09417206276,10.551376547433646,752083.3333333334,0.8903385400772095,0.7076452374458313,0.7065678834915161,534650.0568646824
pkt_000149.fc32,-20346.649732401776,545695.375,1.0048936605453491,-42.14075705659171,0.5,442555.9671467895,10.664458173943377,949596.7741935484,0.8907093405723572,0.7088305950164795,0.7053787112236023,536959.078204596
pkt_000150.fc32,15396.592268498318,564621.9375,0.9754156470298767,79.79067222197096,0.0,442988.72134519054,14.983267347409859,2083.3333333333335,0.8880808353424072,0.6982526779174805,0.7158514261245728,556283.3909138545
pkt_000151.fc32,-15445.207562871961,577140.75,0.9728171825408936,-59.789080004665905,0.5,505079.3937031867,10.996507680724077,822916.6666666667,0.8863245844841003,0.6972976326942444,0.7167817950248718,581006.5887070543
pkt_000152.fc32,-11945.641561942837,585912.75,0.9860481023788452,-56.4626897053631,0.5,506717.3188272979,10.768267632119006,762755.1020408163,0.8855984807014465,0.7021220922470093,0.7120566368103027,593667.1411890761
pkt_000153.fc32,-79276.639658504,415606.375,0.8259909152984619,83.87573081153928,0.0,266582.0925128906,14.543874983257577,0.0,0.8851398229598999,0.6368374228477478,0.7709981203079224,424237.0512372905
pkt_000154.fc32,3730.896859728541,559811.25,1.0484758615493774,21.001832270397113,6.0,481063.4274459203,11.16432016860577,725000.0,0.8864758014678955,0.7236374020576477,0.6901803016662598,547749.3351643913
pkt_000155.fc32,3514.8132717442827,560515.0,1.044870376586914,21.306776199045206,0.0,480074.1314874502,11.069838390245547,725806.4516129032,0.8869900703430176,0.7224488258361816,0.6914243698120117,546106.9402874709
pkt_000156.fc32,-28957.957767289983,552476.0625,1.037269949913025,-5.921416105151666,0.0,460432.35844585975,13.853989008251101,2083.333333333333,0.8895829916000366,0.7199222445487976,0.6940547823905945,547048.5198100526
pkt_000157.fc32,-40304.04034354283,551955.375,1.0341790914535522,-1.1748069657001852,1.0,456285.45036228606,14.233738296713408,2016.1290322580644,0.8896151185035706,0.7188863754272461,0.695127546787262,547070.8697068366
pkt_000158.fc32,7622.230238453431,501082.4375,0.9556471705436707,-80.14621746936416,0.0,334304.7643205465,13.94560638433241,154166.6666666667,0.8754230737686157,0.6908923387527466,0.7229575514793396,492604.36097146856
pkt_000159.fc32,51437.27714978516,539703.8125,1.0172752141952515,-34.314925700159066,0.0,485837.1183247074,8.353610053467232,935416.6666666667,0.8866162896156311,0.7131360173225403,0.701025664806366,551583.9172009226
pkt_000160.fc32,3891.788131771192,546113.4375,0.9639134407043457,79.16397450537133,1.0,441402.2516468054,10.753708724060631,725000.0,0.8880059123039246,0.6939966082572937,0.7199781537055969,533018.9317998926
pkt_000161.fc32,5951.900955044793,546207.125,0.9665282368659973,85.51846269120657,0.0,439748.45661439514,11.598458685450197,10080.645161290322,0.8876136541366577,0.6949706673622131,0.719038188457489,533005.0816940756
pkt_000162.fc32,-65961.28547848953,506355.90625,1.0114781856536865,41.22021769642957,0.0,408067.1438468954,11.365848222199359,327083.3333333334,0.8874030709266663,0.7111302018165588,0.7030603885650635,498458.66789106803
pkt_000163.fc32,-65961.28547848953,506355.90625,1.0114781856536865,41.22021769642957,0.0,408067.1438468954,11.365848222199359,327083.3333333334,0.8874030709266663,0.7111302018165588,0.7030603885650635,498458.66789106803
pkt_000164.fc32,-65360.94505275388,505097.875,1.0080537796020508,42.27380563266331,0.0,400030.0081415462,11.26139832732239,328629.0322580645,0.8873971104621887,0.7099370956420898,0.7042651176452637,496086.0119553872
pkt_000165.fc32,-65958.98977601851,525840.3125,1.0254765748977661,34.08805449611001,0.0,453416.5425276766,11.39216288251125,750000.0000000001,0.8884739875793457,0.7159441709518433,0.698157548904419,520778.24622434954
pkt_000166.fc32,-30828.5402523253,545893.125,0.9871203303337097,50.81260368682475,0.0,468101.70392239175,11.464424944956086,669354.8387096773,0.8849751949310303,0.7025089263916016,0.7116750478744507,550112.5426717203
pkt_000167.fc32,14197.213421837541,553236.625,0.949191153049469,-89.80926159394664,0.5,471662.85712410737,9.872026722652322,989919.3548387096,0.8917224407196045,0.6884410381317139,0.7252922654151917,557954.9279312335
pkt_000168.fc32,-78783.9458599999,539432.125,1.071502685546875,-24.343235615344167,1.0,435568.1709821786,9.559138932783389,975000.0000000001,0.8829144835472107,0.7310788035392761,0.6822929978370667,532737.3762241064
pkt_000169.fc32,-76530.25379555034,538276.8125,1.0920602083206177,-20.34982550370031,0.0,433854.8048969429,9.848896821795638,975806.4516129032,0.8824343681335449,0.7375089526176453,0.6753372550010681,532191.7579459086
pkt_000170.fc32,-38452.26222306621,555724.125,0.9876195192337036,57.84404265769012,0.5,482006.9861075803,11.77340909321211,950000.0,0.8831996917724609,0.7026887536048889,0.71149742603302,555695.7290267657
pkt_000171.fc32,-70375.0580702641,549163.75,1.0507874488830566,-12.441283825363204,0.5,478016.83514595916,11.09234492625141,731250.0,0.8835070729255676,0.7243961095809937,0.6893840432167053,550250.7022204315
pkt_000172.fc32,-69047.46850946441,551249.875,1.050234317779541,-12.060078568609661,0.0,480463.6580105646,11.32425421821225,731854.8387096773,0.883332371711731,0.7242147326469421,0.6895744800567627,552707.7868833528
pkt_000173.fc32,-68431.93091282548,538518.375,1.0712627172470093,-10.337740640752244,1.0,460439.45766596554,12.593640197518248,359693.8775510204,0.8843505382537842,0.7310026288032532,0.6823747158050537,532418.7858448208
pkt_000174.fc32,-32067.51759501792,514800.8125,1.046093463897705,-9.488831717192605,0.0,390329.08859413594,11.767090063908952,270833.3333333334,0.8849726319313049,0.7228528261184692,0.6910021305084229,493464.6612429271
pkt_000175.fc32,34263.081903718514,545785.875,0.930969774723053,72.07564010440848,1.0,440112.9629758689,12.658569493531672,112500.00000000001,0.8920691013336182,0.6813931465148926,0.7319176197052002,540069.2807341521
pkt_000176.fc32,28985.20500457272,543787.1875,0.9218642115592957,73.6775330080564,0.0,436676.7308567511,12.936532717705893,112903.2258064516,0.8928796052932739,0.6777985095977783,0.7352476119995117,537389.2662858205
pkt_000177.fc32,-1204.9561674722931,568192.1875,1.0631046295166016,-5.91323242872952,0.0,505696.7306343724,9.308102479191172,900000.0000000001,0.8807828426361084,0.728394627571106,0.6851579546928406,566203.5197188857
pkt_000178.fc32,-20996.62286610619,504080.5,0.9395843744277954,-64.70099616553284,0.0,413154.0495468449,13.990471846072941,4166.666666666667,0.8832643032073975,0.684749186038971,0.7287788391113281,501165.2821316672
pkt_000179.fc32,-26706.312387997965,504611.90625,0.9420318007469177,-65.67546482868276,0.5,407119.0075088705,14.155055526356389,4032.258064516129,0.8827161192893982,0.6856947541236877,0.7278891801834106,502193.0358742771
pkt_000180.fc32,-6367.979833866756,557027.1875,0.9586547613143921,60.024566467609496,0.0,462626.7001777068,9.055079993851956,922916.6666666667,0.8902618885040283,0.6920262575149536,0.7218722105026245,530821.2425434501
pkt_000181.fc32,-12967.70703763466,556210.8125,0.9516878724098206,61.286157806700594,0.5,464138.57572744804,9.161898518705277,923387.0967741935,0.8895179033279419,0.6893918514251709,0.7243885397911072,533630.4234580856
pkt_000182.fc32,23040.068426979375,558600.125,1.0180213451385498,-36.279880177040695,0.0,413883.69591289613,17.245363637973455,2083.333333333333,0.8875531554222107,0.7133929133415222,0.7007642388343811,548019.1276366068
pkt_000183.fc32,-24152.834308821388,555012.0,1.010481595993042,0.04300233003359328,0.0,447126.8063675443,15.9864595214707,2016.1290322580644,0.8791593909263611,0.7107836008071899,0.7034107446670532,551453.6503152524
pkt_000184.fc32,11473.106307864122,567252.1875,1.016161561012268,-6.732948227644375,0.0,470430.3511252252,9.489493612610007,852083.3333333335,0.886026918888092,0.7127520442008972,0.701416015625,562844.6603580457
pkt_000185.fc32,16267.695148175357,568090.875,1.013265609741211,-12.636794155919265,0.0,472222.09310796176,9.666758147030665,852822.5806451613,0.8851693272590637,0.7117505073547363,0.7024322748184204,563090.0918222215
pkt_000186.fc32,15083.251411340329,572582.4375,1.010001301765442,-35.91035695290475,1.0,460711.2741805606,10.163439188279872,625000.0000000001,0.8812675476074219,0.710616409778595,0.7035796642303467,570980.6678608787
pkt_000187.fc32,8648.368925915913,557131.9375,0.9927594661712646,50.025872194466864,1.5,471038.11644828867,11.090941408427087,872916.6666666667,0.8951805233955383,0.7045328617095947,0.7096712589263916,550905.0343429188
pkt_000188.fc32,-5907.8628360524435,561068.4375,1.0501221418380737,9.755077242379265,0.0,469540.1931497211,9.657101526034909,920833.3333333335,0.8842257261276245,0.7241780161857605,0.6896131038665771,551942.8815873022
pkt_000189.fc32,-14848.902403411576,566057.625,1.0338873863220215,16.9405176318038,1.0,503475.5857331477,10.494185032391702,931250.0000000001,0.8814147710800171,0.7187884449958801,0.6952288746833801,575391.414299396
pkt_000190.fc32,11575.87100995454,523297.40625,0.92926025390625,79.0973791516241,0.5,409978.4839416643,12.210534451971775,897916.6666666667,0.8736039996147156,0.6807219386100769,0.7325417995452881,523650.72022529383
pkt_000191.fc32,32353.678805306834,434292.625,0.8215832114219666,88.98486644063819,1.5,339466.68877525016,10.958659434051823,432432.4324324324,0.8368498086929321,0.634810745716095,0.772667646408081,423249.10231934354
pkt_000192.fc32,14764.466561390755,551061.0,1.0149426460266113,29.70729484356017,0.0,480698.362412315,12.732928304148274,0.0,0.8908527493476868,0.7123311161994934,0.7018436193466187,563302.8522148674
pkt_000193.fc32,14578.107932958457,554219.0625,0.9837996363639832,60.72199857720757,0.5,484701.02091186517,10.064961199332254,923469.3877551021,0.8921941518783569,0.7013089656829834,0.7128575444221497,564045.9767965648
pkt_000194.fc32,-12296.895897978053,546342.0625,1.0835734605789185,-6.714326052290675,0.0,458126.61672185105,11.58244457849218,512500.0,0.8928058743476868,0.7348783016204834,0.6781988739967346,548383.2146648639
pkt_000195.fc32,15432.948796267865,562758.5625,1.0094088315963745,-35.140443329751015,0.0,474810.3680439154,9.290562058828288,927083.3333333334,0.8822818994522095,0.710409939289093,0.703788161277771,563336.0924688281
pkt_000196.fc32,-22619.217309213884,560485.0,1.0169605016708374,-36.528771730246184,0.0,448688.4753598628,12.02325039342945,10416.666666666666,0.8841676115989685,0.7130275368690491,0.7011359333992004,539627.2916038614
pkt_000197.fc32,14404.724292355722,555666.4375,0.9755245447158813,81.91438414013382,0.5,458831.07154874894,13.071844957716623,8333.333333333334,0.8846842646598816,0.69829261302948,0.7158124446868896,545482.2435968826
pkt_000198.fc32,8736.014719687293,553913.0625,0.9794628620147705,79.68168205996602,0.0,458116.3569248664,13.246223788511331,8064.516129032258,0.8847716450691223,0.699732780456543,0.7144045829772949,543991.5548105272
pkt_000199.fc32,7528.463954855484,510881.1875,1.0531197786331177,-22.248767181860785,0.0,411529.71958353074,12.11643224822502,345833.3333333334,0.8795874118804932,0.7251589298248291,0.6885815858840942,493541.3490891082
pkt_000200.fc32,7311.492798018144,506487.0625,1.0438048839569092,-26.20192411056512,0.0,409645.52217438794,11.382100832392688,469758.06451612903,0.8783611059188843,0.7220963835716248,0.6917924880981445,489674.96872744086
pkt_000201.fc32,10151.880918119203,562740.625,0.9154642820358276,79.39214357717533,0.0,513726.8296559262,9.185460717733358,910714.2857142858,0.8972290754318237,0.6752426028251648,0.737595796585083,569792.4805637642
pkt_000202.fc32,-29060.721283583673,543172.6875,1.048348307609558,-15.909096052642525,0.0,450687.0771140206,11.20836609666364,27083.333333333336,0.8913629055023193,0.7235954403877258,0.6902242302894592,533762.2081635714
pkt_000203.fc32,-8571.041342398501,546432.5625,0.968153715133667,-86.32116770224579,0.0,435886.5342035511,15.979802379764108,2016.1290322580644,0.8825313448905945,0.695574164390564,0.7184542417526245,533102.0324347944
pkt_000204.fc32,20715.949523087904,528435.375,1.0219144821166992,29.770112255653636,0.5,455256.32841268793,12.681151401796942,2083.333333333334,0.8820552229881287,0.7147287726402283,0.6994017958641052,527134.572047945
pkt_000205.fc32,221.56739760669817,568807.0,1.0029499530792236,-40.41906935571319,0.0,489277.40861414885,11.097208463360584,477083.3333333334,0.8830249905586243,0.708147406578064,0.7060645818710327,562379.1450206139
pkt_000206.fc32,-9776.161223931957,552748.3125,0.9358851313591003,87.38644414107071,0.0,460098.9266997759,9.89342205053811,910416.6666666667,0.8813638687133789,0.6833133697509766,0.7301252484321594,551217.0601515021
pkt_000207.fc32,-6665.935571339619,570968.125,1.039093017578125,-9.234697710350963,1.0,480992.9958840483,10.368091027891095,793750.0,0.8825709819793701,0.7205309271812439,0.6934229135513306,561559.7879386802
pkt_000208.fc32,-6314.731631665468,571670.0,1.0438493490219116,-6.575423676835628,1.5,482059.786504985,10.071624717570621,794354.8387096773,0.8825004696846008,0.7221111059188843,0.6917771100997925,562242.8068556815
pkt_000209.fc32,-24546.66823386994,545039.75,1.0006073713302612,-43.73228493369508,1.0,491197.3575472298,13.346507973699438,0.0,0.8812218308448792,0.7073214650154114,0.7068920731544495,548847.5157464432
pkt_000210.fc32,3656.297201590577,541515.3125,1.0175317525863647,12.958797581789783,1.0,484968.37656052347,12.547296107477779,2551.0204081632655,0.8777381181716919,0.7132244110107422,0.7009357810020447,545099.7150578664
pkt_000211.fc32,42701.351364852686,552399.0625,1.0259668827056885,24.77284276502695,4.5,499753.6518419484,11.63137256270451,35416.66666666667,0.8951466083526611,0.7161110043525696,0.6979864239692688,540904.5369786537
pkt_000212.fc32,32068.983239777317,551736.125,1.026191234588623,26.18268775330568,0.0,498966.669965865,11.46449843468276,36290.32258064516,0.8955065011978149,0.7161872386932373,0.6979081630706787,540419.0243651521
pkt_000213.fc32,10955.560581473716,561762.125,1.0237843990325928,-27.159878935795515,0.5,481047.2291581062,10.242681125008204,979166.6666666667,0.8766428828239441,0.7153676152229309,0.6987482905387878,561417.530276467
pkt_000214.fc32,2823.273515883907,560529.75,1.0260306596755981,-28.103817277213473,0.0,477251.25483597955,11.577567308390318,824596.7741935484,0.8761350512504578,0.716132640838623,0.6979641914367676,559295.9217382794
pkt_000215.fc32,-5006.450991933472,564664.0625,0.977128267288208,67.29426796880229,1.5,468786.0157210396,10.178645226207546,831250.0,0.8805087804794312,0.698880136013031,0.7152389287948608,566367.6719319383
pkt_000216.fc32,-11222.081440508651,568326.625,0.9770519733428955,65.46215169774842,0.0,467607.9787207776,9.884434772643171,832661.2903225806,0.8811308145523071,0.6988521218299866,0.7152660489082336,570764.606210134
pkt_000217.fc32,58196.010208793574,560169.1875,0.972099781036377,-75.5200156607676,0.5,487396.33820711786,10.126888096165276,900000.0,0.8903623819351196,0.6970332860946655,0.7170388698577881,558311.2361329359
pkt_000218.fc32,48308.39595012386,559400.0,0.9700048565864563,-76.82695984648096,4.0,489648.8511295347,10.31666931729584,798387.0967741935,0.8903001546859741,0.6962596774101257,0.717789888381958,556621.864732724
pkt_000219.fc32,0.0014942785881021522,562047.3125,0.9437216520309448,87.45891565919447,0.0,477367.67367799405,11.14991164501098,518750.0,0.8905766606330872,0.686345636844635,0.7272754907608032,557395.4974927141
pkt_000220.fc32,-5332.344100386456,504407.1875,0.9944739937782288,54.26520750444801,0.0,431091.8660586104,10.148486503034931,607142.8571428572,0.8847187757492065,0.7051449418067932,0.7090632319450378,499863.4860213581
pkt_000221.fc32,909.8123246098847,572708.5625,0.9513341188430786,79.7070255794815,0.0,481377.2584452876,11.609188928345784,387500.0,0.8870489597320557,0.6892573833465576,0.7245166301727295,564873.3403780257
pkt_000222.fc32,4834.31273434737,572885.875,0.9554272294044495,79.79527857515865,0.0,481974.8994861265,11.73165386230771,387096.77419354836,0.8871735334396362,0.6908093094825745,0.72303706407547,564074.094408648
pkt_000223.fc32,1643.7481674394892,555126.875,1.0232453346252441,10.98412150523985,0.0,417151.2293966536,15.94946495538612,2083.333333333333,0.8823641538619995,0.715183675289154,0.6989367008209229,550205.8126993864
pkt_000224.fc32,46139.62116116787,558516.6875,1.0058727264404297,-30.186350498870034,0.5,458072.02999151795,11.414702913858989,470833.3333333334,0.8842063546180725,0.7091739177703857,0.7050334811210632,561928.6560993562
pkt_000225.fc32,38571.47036842409,559252.0625,1.003564476966858,-39.546779708356134,0.0,457466.9670827152,11.953151524797141,471774.1935483871,0.8835544586181641,0.7083636522293091,0.7058476805686951,562569.6314074665
pkt_000226.fc32,-20298.39729182779,369737.4375,0.9114925265312195,71.78767748960225,204.5,201637.37148776863,19.144925423441993,93750.0,0.8516162633895874,0.6736440062522888,0.7390559911727905,354195.3206280838
pkt_000227.fc32,-18749.94123192974,529992.0,0.9981664419174194,45.926474825517694,1.0,434316.79938388255,12.504807248007738,866935.4838709676,0.8939787149429321,0.7064576148986816,0.7077553272247314,540203.1903873796
pkt_000228.fc32,-16696.285961203466,555613.4375,0.9824786186218262,-56.641588048811705,1.5,479929.966387121,9.777104648090933,802083.3333333335,0.8842391967773438,0.7008299827575684,0.7133284211158752,547672.0781357794
pkt_000229.fc32,40635.33297740999,556770.5625,0.9808834195137024,72.9454525424177,0.0,506177.90520603355,8.989165323654898,984693.8775510205,0.8863179683685303,0.7002502083778381,0.7138974666595459,552076.0702761174
pkt_000230.fc32,40635.33297740999,556770.5625,0.9808834195137024,72.9454525424177,0.0,506177.90520603355,8.989165323654898,984693.8775510205,0.8863179683685303,0.7002502083778381,0.7138974666595459,552076.0702761174
pkt_000231.fc32,13679.818291631958,559722.125,0.9809733629226685,88.40128212251875,0.5,501202.3592521017,9.539817163181798,985416.6666666667,0.8878192901611328,0.700282871723175,0.713865339756012,554080.1995605808
pkt_000232.fc32,-3805.60146087719,553341.9375,1.024193525314331,-21.977856864496452,1.0,478814.84587349574,10.559395987617606,941666.6666666667,0.8877794146537781,0.7155071496963501,0.6986054182052612,528887.274479961
pkt_000233.fc32,-8254.233808497711,554586.3125,1.0260334014892578,-21.83000840104292,0.0,477222.0168758095,10.538942245563103,941532.2580645161,0.8879094123840332,0.7161335945129395,0.697963297367096,527920.878603395
pkt_000234.fc32,129.70996882439965,558641.0,1.0454801321029663,-18.26859867452639,0.0,495135.158328548,11.187871344173342,945833.3333333334,0.8840693235397339,0.7226503491401672,0.691213846206665,546053.7407029356
pkt_000235.fc32,-5171.651449296232,546231.5625,0.966475248336792,-66.90205516279372,0.0,467212.94840924285,9.73143724198797,985416.6666666667,0.8919405341148376,0.6949509382247925,0.7190571427345276,517403.032354997
pkt_000236.fc32,3593.7556139600033,553054.125,1.0112749338150024,36.14747178908116,0.0,433410.9364681211,10.380963073111367,695833.3333333334,0.8851480484008789,0.7110595107078552,0.7031317353248596,563039.3207493911
pkt_000237.fc32,-14014.88531649359,550754.4375,1.0172815322875977,-14.331747641256904,1.0,464433.2958822193,13.688255787854004,10416.666666666666,0.8927904963493347,0.713138222694397,0.7010234594345093,545269.8247136951
pkt_000238.fc32,17427.61542281854,559860.25,1.0617116689682007,-9.182077874722644,0.0,479182.0065099691,8.861657439488154,890306.1224489796,0.8812769055366516,0.7279460430145264,0.685634434223175,549971.5751563504
pkt_000239.fc32,17417.349980519095,557210.375,1.0550235509872437,-4.587984887523015,0.0,467124.9898818277,9.711307561147219,887500.0,0.8819671869277954,0.7257795929908752,0.6879273653030396,551255.0815378819
pkt_000240.fc32,16175.335812398629,571937.8125,1.0443874597549438,19.407263043257974,0.0,491966.49054552923,9.828963514918884,906250.0000000001,0.8788335919380188,0.7222891449928284,0.6915911436080933,556468.1475309033
pkt_000241.fc32,14563.25345731041,569997.3125,1.0466043949127197,16.248532070073846,0.0,490661.671436586,10.110306199018797,905241.9354838709,0.8789165616035461,0.7230212688446045,0.6908257603645325,556028.6628033085
pkt_000242.fc32,-3960.576200130991,542134.5,1.0217543840408325,30.097671095155803,0.0,419394.4984870488,14.087635734846089,2083.3333333333335,0.8869746923446655,0.7146739959716797,0.6994577050209045,546088.8402861704
pkt_000243.fc32,7467.084151572015,540484.125,1.0149459838867188,35.56920466606696,0.0,426747.16402381676,14.151764525828236,2016.1290322580644,0.8866971135139465,0.7123322486877441,0.7018424868583679,543745.0229269852
pkt_000244.fc32,21591.88096705319,566022.9375,0.9738876819610596,-78.84654217464387,0.0,455229.02123397205,9.700045725948724,966666.6666666667,0.8875283002853394,0.6976915001869202,0.7163983583450317,566664.8610518246
pkt_000245.fc32,21591.88096705319,566022.9375,0.9738876819610596,-78.84654217464387,0.0,455229.02123397205,9.700045725948724,966666.6666666667,0.8875283002853394,0.6976915001869202,0.7163983583450317,566664.8610518246
pkt_000246.fc32,-20185.79166266759,551471.5625,1.0068354606628418,36.353375172376445,0.5,471685.9018253823,12.617318172314576,2083.3333333333335,0.8847528100013733,0.7095111608505249,0.7046942710876465,564431.4650842212
pkt_000247.fc32,-22482.869657907504,553218.4375,1.004080891609192,38.57357379519169,0.0,469201.26330044423,13.113589693942691,2016.1290322580644,0.8840469121932983,0.7085452079772949,0.7056654691696167,567634.5581864895
pkt_000248.fc32,-51002.18935646842,560597.625,1.030083179473877,0.9210846032315827,1.0,506423.5224027091,8.18689333637437,970833.3333333334,0.883352518081665,0.7175064086914062,0.6965519189834595,554953.363354976
pkt_000249.fc32,-40227.485306595605,560515.4375,1.0358383655548096,6.990613098583036,1.5,502589.98314110853,8.378966244675187,973790.3225806451,0.8850838541984558,0.7194430828094482,0.6945514678955078,557191.7681279709
pkt_000250.fc32,-28540.927286591468,564836.3125,0.992537796497345,65.42613802321681,0.5,500612.39295770734,9.727432294766508,931451.6129032258,0.891325056552887,0.7044536471366882,0.7097499370574951,552970.9388938752
pkt_000251.fc32,-1606.6469593229338,557895.875,1.0004113912582397,44.68484965636049,0.0,439490.65828448324,10.895782665028062,645833.3333333334,0.886518120765686,0.7072522640228271,0.7069613933563232,548103.2907453795
pkt_000252.fc32,1100.9735780269389,557629.0625,1.0084521770477295,39.05297580111,1.0,445041.8542165175,10.067132990528574,810483.8709677419,0.8864442706108093,0.7100762128829956,0.7041248083114624,545224.8213561638
pkt_000253.fc32,-17722.63809207751,560175.9375,1.032955527305603,-25.62790673587027,0.0,463122.26413966843,12.13567863492784,132653.06122448982,0.8870326280593872,0.7184750437736511,0.6955527663230896,571070.4089574736
pkt_000254.fc32,1487.9712366972315,562309.4375,1.0127737522125244,-31.838105261701926,0.0,477552.1333712957,10.846313383910504,872916.6666666667,0.8836427330970764,0.7115800380706787,0.702605128288269,567475.7942337821
pkt_000255.fc32,6468.764255416564,562615.9375,1.0240024328231812,-25.354799097645184,0.0,475771.39815693366,10.679491591275575,981854.8387096773,0.8834420442581177,0.7154419422149658,0.6986721158027649,568476.6066746659
pkt_000256.fc32,-6668.610135866175,562991.9375,1.023555040359497,11.885780236118254,0.0,498673.98689133395,9.24087043749056,989583.3333333334,0.8920419216156006,0.7152893543243408,0.6988284587860107,554549.4335565607
pkt_000257.fc32,-12126.541968022779,561324.6875,1.0239307880401611,10.488656006603017,0.5,496624.6714117996,9.357310495133248,991935.4838709676,0.8935741186141968,0.7154176235198975,0.6986971497535706,554936.1740455648
pkt_000258.fc32,-13495.22531453198,574833.5,1.0245163440704346,-27.102028240664634,0.0,469874.60472908866,11.23474744735615,850000.0,0.8883106112480164,0.7156171798706055,0.698492705821991,570640.7900586798
pkt_000259.fc32,-7612.672716802337,562006.5625,1.0325788259506226,-3.8335362000854993,0.5,498817.93527506065,9.296730549723536,970833.3333333335,0.8849722743034363,0.7183482050895691,0.6956837177276611,565017.3055875314
pkt_000260.fc32,-8876.295658750085,563994.375,1.0344181060791016,1.8917371505691987,0.5,498359.55338188104,9.540814639209295,967741.9354838709,0.8844519853591919,0.7189666628837585,0.6950445175170898,569037.6687694871
pkt_000261.fc32,-55464.057863648486,561332.6875,0.9874138832092285,52.43872427050976,0.0,477357.87027642305,8.852510507474761,958333.3333333334,0.8827144503593445,0.7026146650314331,0.7115705609321594,552180.0029879878
pkt_000262.fc32,-57847.19624243056,561864.25,0.9844554662704468,53.212899022055495,0.0,478273.0946533692,8.76285928465831,959677.4193548387,0.8833910822868347,0.7015463709831238,0.7126237750053406,551145.836456657
pkt_000263.fc32,-47756.69690628993,562599.6875,1.0263278484344482,-6.183178567691345,0.0,457626.9296073351,11.126274759156928,563775.5102040817,0.8838446736335754,0.7162336707115173,0.6978604793548584,556611.0123210428
pkt_000264.fc32,-29695.78658078715,557769.875,1.0223321914672852,21.70654117588519,0.0,454421.10755701887,10.793146498960432,714583.3333333334,0.8837641477584839,0.7148716449737549,0.6992557048797607,552635.5386601322
pkt_000265.fc32,-12632.643570163222,561365.25,1.0273687839508057,-32.32260597315072,1.5,462143.2311513442,11.572615051850853,983333.3333333334,0.8888052701950073,0.7165871858596802,0.6974974870681763,553158.6173140691
pkt_000266.fc32,-12405.174554867179,563961.0625,1.023109793663025,-32.25913150844211,0.0,460316.1541489525,10.985623722056193,983870.9677419354,0.8878571391105652,0.7151373624801636,0.6989839673042297,553464.8374618579
pkt_000267.fc32,-15927.05132128828,560821.6875,1.0247019529342651,29.31538958788691,0.5,458922.80426452105,11.953216376650946,8333.333333333334,0.8915391564369202,0.7156804203987122,0.6984279155731201,552431.5057314258
pkt_000268.fc32,5381.0910181972295,555537.6875,0.9873540997505188,-64.57558786793446,0.0,457013.9018702095,9.722143129383847,818750.0000000001,0.8842687010765076,0.7025931477546692,0.7115918397903442,550741.1477483339
pkt_000269.fc32,5487.188401999858,554909.625,0.9864517450332642,-72.85333957189476,0.0,456034.09294051764,9.590877329296752,971774.193548387,0.8840916752815247,0.7022677659988403,0.7119129300117493,551194.8240912042
pkt_000270.fc32,-44140.78527331133,559960.3125,1.0241374969482422,-34.70136348818017,0.0,509010.2810023452,12.165856130633934,729166.6666666667,0.8889114260673523,0.715488076210022,0.6986249685287476,559117.5399644559
pkt_000271.fc32,7293.826205422755,539625.5625,0.981282114982605,-52.49628960153994,0.0,422476.8106630237,12.233106186819638,2083.3333333333335,0.8874166011810303,0.7003952860832214,0.7137552499771118,537720.4925150708
pkt_000272.fc32,6841.48151228116,540976.375,0.9769412279129028,-54.031110125572155,1.5,424120.89792340534,12.158501065007846,2016.1290322580644,0.8871068358421326,0.6988117098808289,0.7153058052062988,540174.5035928657
pkt_000273.fc32,5263.526387108385,560853.875,1.104122519493103,3.3978320710537857,0.5,474602.09032498,13.247559440155722,0.0,0.8848423361778259,0.7411910891532898,0.6712942719459534,554291.2144604387
pkt_000274.fc32,-59330.11094541803,498547.125,1.0000953674316406,43.663126882611394,3.0,360978.35898285225,10.66727743741913,270833.3333333334,0.8806114196777344,0.7071405053138733,0.7070730924606323,493208.75682202395
pkt_000275.fc32,-60415.75054124386,500584.6875,1.0047627687454224,-32.199913086948364,0.0,366743.4641363449,10.423518820387951,681451.6129032258,0.8801957368850708,0.7087846994400024,0.7054249048233032,494186.5363472066
pkt_000276.fc32,-15650.372927456412,561459.1875,1.0299943685531616,-4.249299979676127,0.5,469638.47989378846,12.239807560073977,806250.0000000001,0.88852459192276,0.7174763679504395,0.6965827941894531,549331.4725946339
pkt_000277.fc32,-32430.025142029423,565765.125,1.0133434534072876,38.23274695147903,0.5,513996.93241672363,10.675937389421055,970833.3333333335,0.8922625780105591,0.7117774486541748,0.7024049758911133,556881.6395941569
pkt_000278.fc32,-18783.96766912306,563350.5,1.0199850797653198,34.84447274542795,0.0,509233.26992784446,11.083800015481412,969758.064516129,0.8926835060119629,0.7140677571296692,0.7000766396522522,552393.2946175692
pkt_000279.fc32,-54619.40536585102,525500.4375,0.9794347882270813,-55.253495778853875,1.5,395849.23685860925,12.801448473059423,335416.6666666667,0.8821247220039368,0.6997226476669312,0.7144147753715515,515001.00660588505
pkt_000280.fc32,-48713.914716158746,525593.5,0.976576030254364,-58.52662368830977,0.5,397309.8931119369,13.064926520945173,90725.8064516129,0.8819066882133484,0.6986779570579529,0.7154362797737122,514767.67975473835
pkt_000281.fc32,30769.321563583904,559261.75,1.026092529296875,29.834063243663202,0.0,476638.59313798347,10.402634965735038,959677.4193548387,0.8833371996879578,0.7161536812782288,0.6979425549507141,554492.7429864495
pkt_000282.fc32,5131.91362214851,575721.0,1.0534212589263916,-3.089115223292751,0.0,487196.88005465065,12.380212229800929,34274.19354838709,0.8893001675605774,0.7252572178840637,0.6884778738021851,570271.2009335913
pkt_000283.fc32,36448.4317593791,556722.0,0.9921974539756775,-54.25596038055461,1.0,475493.81718767347,11.333939056289797,887755.1020408163,0.88714200258255,0.7043319344520569,0.7098707556724548,549938.9799758112
pkt_000284.fc32,-35613.69252225199,562757.5,0.9929205775260925,-50.04816147568085,0.0,454577.52300975245,11.017251880996765,712500.0000000001,0.8888756632804871,0.7045904994010925,0.7096141576766968,556923.4555300755
pkt_000285.fc32,7189.953376287305,555573.8125,0.9672225117683411,70.37943994165363,1.0,495121.89840381016,10.176796271877649,977083.3333333335,0.8860033750534058,0.6952285766601562,0.7187886834144592,546666.9399084212
pkt_000286.fc32,9997.556588372303,555017.375,0.9628570079803467,71.12941768701809,0.5,495758.3108951081,10.391428145272402,979838.7096774193,0.8868154287338257,0.6936020851135254,0.7203583717346191,548100.1412692622
pkt_000287.fc32,30670.734423376463,555402.1875,1.0404027700424194,-23.23580318416826,0.5,472702.75536783354,11.35025272368232,602083.3333333334,0.8849472403526306,0.7209671139717102,0.6929692029953003,557417.429989049
pkt_000288.fc32,-16256.858151851617,552021.1875,1.0665380954742432,-23.909643211425305,1.0,443489.17887339136,12.061229318498011,20833.333333333336,0.8907276391983032,0.7294960021972656,0.6839849948883057,549929.2279834963
pkt_000289.fc32,-7516.278707648705,553759.6875,1.064604640007019,-24.1647032716917,1.0,440955.52392809204,11.642973813043229,22177.41935483871,0.8907430171966553,0.728876531124115,0.6846452355384827,552960.9592285879
pkt_000290.fc32,2309.1433287522805,549521.25,0.9019870162010193,77.9971748142567,1.0,469451.0692266228,10.965054989140237,747448.9795918368,0.8897420763969421,0.6697794795036316,0.7425600290298462,545980.2782238626
pkt_000291.fc32,-6144.661700027246,551200.75,0.9017758369445801,80.04339763689097,0.0,473999.10991629993,11.12437630266393,747916.6666666667,0.8909050226211548,0.6696929931640625,0.7426379919052124,548714.2891121325
pkt_000292.fc32,-4400.614398350072,499782.15625,0.9685723781585693,63.54025226334634,1.0,363713.6099404754,12.204731374838238,316666.6666666667,0.8898212313652039,0.6957293748855591,0.7183039784431458,495212.3548695518
pkt_000293.fc32,-37085.42990525395,548347.6875,1.016442060470581,-21.285527828931055,0.0,450899.9349450413,9.28761954999872,950000.0,0.8785263299942017,0.7128489017486572,0.7013177275657654,546590.8971356618
pkt_000294.fc32,-3109.5337401998536,565089.875,0.9521945118904114,70.93053150044382,1.0,489615.85935662413,8.6470479158992,964285.7142857143,0.8871727585792542,0.6895843744277954,0.7242053151130676,535896.3766607328
pkt_000295.fc32,-3379.555367633605,558960.3125,0.9503875970840454,71.71335082908303,0.0,466706.97576522635,10.128564637117655,962500.0,0.8866247534751892,0.6888971328735352,0.7248591184616089,535624.2695132985
pkt_000296.fc32,-3141.7820751951804,560927.75,0.9494736194610596,74.57170368120507,0.0,464031.2942799962,10.508509586135403,925403.2258064515,0.886634886264801,0.6885488033294678,0.7251899838447571,538678.4644916605
pkt_000297.fc32,696.8004689447399,550444.25,0.9976740479469299,46.349113524800714,0.0,512643.2561275436,9.599360145799928,870967.7419354839,0.8912807106971741,0.7062829732894897,0.7079296112060547,544764.9978430404
pkt_000298.fc32,-24318.418964324963,559184.1875,0.9867971539497375,-56.087947825313556,0.0,480781.0374511763,12.208199365866943,756250.0,0.8908986449241638,0.7023923993110657,0.7117900848388672,545688.7429827892
pkt_000299.fc32,-20384.87744741269,557784.875,0.9798187613487244,-64.9576294119823,0.0,478517.66505902034,12.420376199894118,756048.3870967742,0.8905759453773499,0.6998624801635742,0.7142775058746338,545777.5354419994
pkt_000300.fc32,-21911.562279331327,545868.9375,0.9239855408668518,-71.2957252288368,0.0,451215.76433942263,13.404770588968377,0.0,0.8856775164604187,0.6786403059959412,0.7344707250595093,548800.38744117
pkt_000301.fc32,-36184.599101533124,563605.5625,1.0078272819519043,35.26026949526015,1.0,478301.0653024764,11.068793707423346,790322.5806451612,0.8837688565254211,0.7098579406738281,0.7043448090553284,553614.7221686443
pkt_000302.fc32,-43260.21262094128,566693.5,0.9892808198928833,-84.8958996363968,1.0,488633.5347608764,10.257339643199488,785714.2857142858,0.8920897841453552,0.7032864093780518,0.7109067440032959,565190.2232100188
pkt_000303.fc32,2206.800325624289,548046.0625,0.9564033150672913,-66.77774954481936,0.0,441534.28766863653,15.754062176727947,2083.3333333333335,0.8898329138755798,0.6911779046058655,0.7226845622062683,548624.585961033
pkt_000304.fc32,-2914.3782787193377,548102.5,0.9563010334968567,-67.59869180888462,0.5,443997.8402994957,15.98329777607971,2016.1290322580644,0.8896198868751526,0.6911393404006958,0.722721517086029,549686.9839409331
pkt_000305.fc32,29393.892219472586,540175.6875,1.0289959907531738,6.7964224103276765,0.5,444123.71403047984,11.478489757090477,406250.00000000006,0.8834819793701172,0.7171387076377869,0.6969305872917175,541785.8211090624
pkt_000306.fc32,39043.118646548086,562751.375,0.9666494727134705,77.4614733911228,0.0,440441.9588366905,13.93844361306783,12500.0,0.8867045640945435,0.6950157284736633,0.7189945578575134,559634.2058296719
pkt_000307.fc32,22292.19354357798,531865.6875,1.0184404850006104,6.611328158985574,1.5,451183.7446770422,11.28341465358464,320833.3333333334,0.8858699798583984,0.7135371565818787,0.7006174325942993,534622.811998993
pkt_000308.fc32,20037.93703988451,531272.875,1.0139694213867188,10.356408530446005,2.5,452143.5354969794,11.461187495807057,318548.3870967742,0.8864877223968506,0.7119942903518677,0.7021851539611816,533422.8995438034
pkt_000309.fc32,17529.71370714619,558366.9375,1.0293858051300049,-31.712964420155473,0.0,461843.89547199645,9.818815139064554,939583.3333333334,0.8907232880592346,0.71727055311203,0.6967947483062744,527219.7596850932
pkt_000310.fc32,12929.148485335823,560635.625,1.0418989658355713,-26.61721922148937,0.0,459296.3760832367,9.938652825793445,939516.1290322581,0.8904058337211609,0.7214645147323608,0.6924514770507812,529566.1573379649
pkt_000311.fc32,29895.401230874235,554196.0,1.0185028314590454,-23.24224626317053,0.0,457770.7534332653,12.973773137499233,208333.33333333334,0.8863212466239929,0.7135586738586426,0.7005956172943115,554739.1989790008
pkt_000312.fc32,-14886.85501358092,560907.0,0.9962063431739807,51.286343227529926,0.0,469367.27008419414,10.387576181391797,762500.0,0.8895988464355469,0.705761730670929,0.7084493637084961,559118.8301112992
pkt_000313.fc32,-14886.85501358092,560907.0,0.9962063431739807,51.286343227529926,0.0,469367.27008419414,10.387576181391797,762500.0,0.8895988464355469,0.705761730670929,0.7084493637084961,559118.8301112992
pkt_000314.fc32,33098.0342440109,562107.0,1.0287015438079834,-17.124764004416296,0.0,486674.98451592244,9.338118957677166,910714.2857142858,0.8833063840866089,0.7170390486717224,0.6970330476760864,530050.9110415588
pkt_000315.fc32,-47989.90043457662,558991.4375,0.9566041827201843,-66.28822036652241,1.5,498282.11167905625,9.959228719684933,860416.6666666667,0.885891854763031,0.691253662109375,0.7226120233535767,562417.77353492
pkt_000316.fc32,-12214.590932682668,564453.3125,1.0546820163726807,-8.24480828116379,0.5,473405.831455864,8.087931963921573,872916.6666666667,0.8788747191429138,0.7256683111190796,0.6880446076393127,546349.4120030064
pkt_000317.fc32,0.002588394770129064,562677.25,0.9998342394828796,-45.136219691282186,1.5,505429.39863927785,11.035228837233861,779166.6666666666,0.8913812041282654,0.7070481777191162,0.7071654200553894,556657.3817164081
pkt_000318.fc32,-918.423506357421,563546.875,1.0149633884429932,-35.06643945577008,0.5,503490.6586019314,10.165427785321599,818548.3870967742,0.8917513489723206,0.7123381495475769,0.7018362879753113,555977.702003001
pkt_000319.fc32,-27401.322081542152,567334.125,0.9523028135299683,76.12388334207229,0.5,443827.08108839585,14.638885284706893,2083.3333333333335,0.8862133622169495,0.6896255612373352,0.724166214466095,557181.636680702
pkt_000320.fc32,34373.683536403485,549763.1875,1.0350632667541504,21.89464690483514,0.0,463071.77863165643,10.631801567868779,33333.333333333336,0.8844072222709656,0.7191831469535828,0.6948205232620239,526742.784808054
pkt_000321.fc32,33695.13981626465,552080.75,1.0282105207443237,28.561544576551153,0.5,462314.5989907352,11.01316220188899,153225.8064516129,0.8842019438743591,0.7168726325035095,0.6972041726112366,527939.4339506403
pkt_000322.fc32,10947.357239689314,551942.75,0.9696230292320251,-55.42654136260451,0.0,482823.52118549845,9.700427091324517,772916.6666666667,0.8794354796409607,0.6961184740066528,0.7179269194602966,546737.4426388539
pkt_000323.fc32,-1053.8503865022528,539881.5625,0.9202750325202942,-85.11697723018516,0.0,454018.6892505805,9.501368424800077,702083.3333333334,0.8869740962982178,0.6771660447120667,0.7358300685882568,544969.6758451684
pkt_000324.fc32,-818.0712336037324,541385.0,0.9140530228614807,-86.26277116455681,1.5,455000.4732124682,9.902051701927379,699596.7741935484,0.8859333992004395,0.674675703048706,0.7381144165992737,543598.7050967653
pkt_000325.fc32,62282.51238921221,557992.0,1.0933705568313599,-6.278868710172677,0.0,458879.7541089688,10.58179891849603,2551.0204081632655,0.8879504799842834,0.7379122376441956,0.674896776676178,556492.1290839892
pkt_000326.fc32,69772.16580996354,563919.0625,1.0843207836151123,-6.136490679577178,0.0,468292.7975110311,12.91867641609641,2083.3333333333335,0.8873456120491028,0.7351113557815552,0.6779463887214661,562500.6844423448
pkt_000327.fc32,69523.73665165201,564959.125,1.0734881162643433,-5.755205535742197,0.0,468380.4158574613,13.033010619475196,2016.1290322580644,0.8876373767852783,0.7317085266113281,0.6816177368164062,563950.3162026892
pkt_000328.fc32,5698.430974830197,498981.40625,0.9965450167655945,-59.38466617963854,0.0,335517.93287685956,16.910976024277055,2083.3333333333335,0.8889325261116028,0.7058820724487305,0.7083293795585632,488338.6422163279
pkt_000329.fc32,-2131.860640273738,500962.4375,1.0051393508911133,-0.26942365299496096,0.5,336135.33609352243,17.347760599956384,2016.1290322580644,0.8884651064872742,0.7089168429374695,0.7052921652793884,493930.9354902666
pkt_000330.fc32,24959.44407589797,560392.3125,0.9666941165924072,80.95413105445434,0.0,446562.6852065516,14.445217681426115,0.0,0.8867967128753662,0.6950322389602661,0.7189784646034241,549282.3711236006
pkt_000331.fc32,26816.102935718995,558760.9375,0.9693725109100342,-84.39464298669802,1.5,447256.34106204496,14.520603719311989,163306.4516129032,0.8849276900291443,0.6960257887840271,0.7180168032646179,546854.1629826704
pkt_000332.fc32,-21756.562045447812,569555.9375,1.0180277824401855,-36.47560627898714,0.5,527435.1062134448,10.250737392097642,947916.6666666667,0.8867449164390564,0.7133951783180237,0.7007619738578796,561985.7261244212
pkt_000333.fc32,-26068.728458538044,567919.5,1.017890214920044,-36.799599086088094,0.0,528669.0697527701,10.453535854714424,981854.8387096773,0.8869341611862183,0.7133477926254272,0.7008101344108582,561647.7076514964
pkt_000334.fc32,26302.754929755993,543802.25,1.0613698959350586,17.738840321747183,0.0,419358.50051984214,15.20737966773465,4166.666666666667,0.8910741806030273,0.7278358340263367,0.6857513785362244,522190.16016227735
pkt_000335.fc32,24726.84530394403,541677.0,1.0698142051696777,16.117167846844406,1.0,414959.85567603586,15.41742158394149,4032.258064516129,0.8907395601272583,0.7305418252944946,0.6828679442405701,521297.90978370135
pkt_000336.fc32,-688.1758728716852,538522.25,1.0084422826766968,-32.81190867892573,0.0,428698.46277547063,13.30621003746966,4166.666666666666,0.8872430324554443,0.7100728154182434,0.7041283845901489,534011.81363224
pkt_000337.fc32,7068.161972751151,538659.625,1.0074604749679565,-33.85255014134383,1.0,428649.51035159547,13.383030280778975,4032.258064516129,0.8874444365501404,0.7097297310829163,0.7044740319252014,532888.1716227821
pkt_000338.fc32,7068.161972751151,538659.625,1.0074604749679565,-33.85255014134383,1.0,428649.51035159547,13.383030280778975,4032.258064516129,0.8874444365501404,0.7097297310829163,0.7044740319252014,532888.1716227821
pkt_000339.fc32,-17266.484619836247,552873.625,0.966177225112915,-82.8830813602104,0.0,451410.9557925604,12.968060401619017,727083.3333333334,0.8869748711585999,0.694840133190155,0.719164252281189,554291.3282969249
pkt_000340.fc32,-39786.14599291354,558052.875,1.0421005487442017,24.154885708624594,0.0,535843.1305929908,9.727396560027955,877551.0204081633,0.8910303115844727,0.7215313911437988,0.692381739616394,565846.1110978171
pkt_000341.fc32,-34740.66865187089,552579.3125,1.0191066265106201,31.27448553472026,2.0,516799.59162064496,9.391365839485935,960416.6666666667,0.8864597082138062,0.7137661576271057,0.7003841400146484,557548.7972940855
pkt_000342.fc32,22270.080806140064,572406.375,1.0074564218521118,-37.24609533261235,0.0,475119.75945585786,8.924257022214068,987500.0,0.8900437951087952,0.7097283601760864,0.704475462436676,573422.2328161859
pkt_000343.fc32,19251.09806170231,556163.5625,0.9852027297019958,57.66123350597722,0.0,467992.8447140944,10.411115368089321,793750.0,0.8886200785636902,0.701816737651825,0.7123576402664185,562376.1093809828
pkt_000344.fc32,22255.471790415315,554061.9375,0.9724269509315491,61.84655869293953,1.0,467119.602293726,11.032051830585207,792338.7096774194,0.889126181602478,0.6971538662910461,0.7169215679168701,559981.7106764441
pkt_000345.fc32,-6317.780315060624,572865.0,1.0565614700317383,-20.767706142334205,0.0,483060.8517539723,10.418322901063455,947580.6451612903,0.8877202272415161,0.7262796759605408,0.6873993277549744,564628.4022052899
pkt_000346.fc32,32588.506875114872,537859.5,1.0036858320236206,41.91116064011095,1.0,456934.5154432142,10.377791759118098,958333.3333333334,0.8870733976364136,0.7084063291549683,0.7058048844337463,535754.2328350057
pkt_000347.fc32,40370.20305794041,537807.875,0.9962632060050964,48.03038150958948,0.5,455837.3366182241,10.70306352026945,959677.4193548387,0.8876122236251831,0.705781877040863,0.7084290981292725,537987.5529116183
pkt_000348.fc32,19311.427841980563,566244.875,1.0100990533828735,35.00373225267445,0.0,474069.06217572134,9.8935846843885,877083.3333333334,0.8840634822845459,0.7106504440307617,0.7035452723503113,555116.9084401025
pkt_000349.fc32,11394.330273639911,564280.125,1.0600231885910034,16.537681943774732,0.0,441616.82765226316,11.067710110185713,314583.3333333334,0.8803654909133911,0.7274011969566345,0.6862125396728516,559998.4066944153
pkt_000350.fc32,19494.558731711335,562992.4375,1.0765811204910278,6.320591054353044,0.0,462169.2683979725,8.826812908480532,852040.8163265307,0.879035234451294,0.7326857447624207,0.6805671453475952,556944.1358250625
pkt_000351.fc32,41823.37323572986,555451.1875,0.9649237394332886,62.21254595911596,0.5,491353.2086756946,9.58602210120606,993750.0,0.8873004913330078,0.6943734288215637,0.7196148633956909,561307.8677947929
pkt_000352.fc32,41600.21577734738,551711.625,0.9604689478874207,63.57643472212298,0.0,494025.2840316676,9.262810915036162,993951.6129032257,0.8884738683700562,0.6927078366279602,0.7212184071540833,558003.5740563222
pkt_000353.fc32,-0.0036721802278346107,559298.25,0.9318434000015259,75.76388098791003,1.5,464946.87939574214,9.604615947974576,943750.0000000001,0.8835157752037048,0.6817354559898376,0.7315987944602966,561030.6759509764
pkt_000354.fc32,5143.525536635897,559533.4375,0.9351137280464172,79.3001410319692,0.0,465037.422817639,9.495124613046574,947580.6451612903,0.8841553926467896,0.6830129623413086,0.7304063439369202,562484.0643153645
pkt_000355.fc32,8905.073166714052,570182.0,1.0284478664398193,-25.784141430359856,0.0,511576.1091847382,9.4628504520713,997916.6666666667,0.8835466504096985,0.7169530391693115,0.6971214413642883,565635.096197959
pkt_000356.fc32,-25421.75539056282,537219.9375,0.9559829831123352,75.89515711676982,0.0,448980.8818373963,10.437185563572955,979166.6666666667,0.8842507600784302,0.6910192370414734,0.7228363752365112,516001.8190467689
pkt_000357.fc32,-30297.144420117922,537123.1875,0.9669069051742554,69.00897414673196,0.5,449253.3812299745,11.22204504839308,596774.193548387,0.8847904205322266,0.6951114535331726,0.7189021110534668,516473.6333364352
pkt_000358.fc32,3423.8564370510326,549383.3125,0.9677810668945312,-82.35195966559112,0.0,447475.68820480414,10.619970137177415,681250.0,0.8864866495132446,0.6954359412193298,0.7185880541801453,526157.5514326701
pkt_000359.fc32,11234.929548088006,543146.1875,1.0760294198989868,13.398011772775728,0.5,412687.20110866847,16.051279181787116,2083.3333333333335,0.8778572678565979,0.7325116991996765,0.6807543635368347,532206.2151796517
pkt_000360.fc32,9477.776820940871,542443.875,1.0685830116271973,12.544572565115953,0.0,414473.70238999266,16.024289440145132,2016.1290322580644,0.8785564303398132,0.7301493287086487,0.683287501335144,534017.1639470899
pkt_000361.fc32,-23872.497732074677,548728.9375,0.9365352988243103,-87.63833929679228,0.0,471297.9732263949,12.754887550492688,979166.6666666667,0.8861392736434937,0.6835663318634033,0.7298884391784668,542519.4593169126
pkt_000362.fc32,-19517.658052029365,548790.875,0.9357254505157471,-86.74271889807049,0.0,470900.0800341829,13.125934028817197,229838.70967741933,0.8857375979423523,0.6832512617111206,0.730183482170105,544169.1397289475
pkt_000363.fc32,-25573.542115305583,555738.9375,0.9458335041999817,77.17915173834561,0.0,516454.0268665751,8.412238113417054,974489.7959183675,0.8898193836212158,0.6871566772460938,0.726509153842926,550707.4900939239
pkt_000364.fc32,-11010.779577841768,554430.625,0.9504905939102173,83.04239070691895,0.0,506971.26085593196,10.671393818162523,808333.3333333334,0.8897533416748047,0.6889362931251526,0.7248218059539795,547660.2770867135
pkt_000365.fc32,27627.180784877626,544966.6875,1.0809242725372314,-18.325616103296575,0.5,448450.67408655264,11.496002692925568,795833.3333333335,0.8861950635910034,0.7340503334999084,0.6790950894355774,549041.9484648162
pkt_000366.fc32,41630.95162861244,545259.875,1.0763026475906372,-18.560715081564904,0.5,449889.3805939421,11.58927291165158,796370.9677419355,0.8870728015899658,0.7325979471206665,0.6806616187095642,550147.7560914413
pkt_000367.fc32,-17316.82880584355,571662.3125,0.9950492978096008,-47.61594136303557,3.5,447415.69029428466,11.139602232016365,652083.3333333334,0.8885953426361084,0.7053499221801758,0.7088592648506165,569112.1178314402
pkt_000368.fc32,-23334.54681553886,574620.3125,0.9795217514038086,-56.17413171996563,0.0,451651.9757199347,11.099757661896742,653225.8064516129,0.887806236743927,0.6997542977333069,0.714383602142334,569706.6478531944
pkt_000369.fc32,18032.346853848736,569726.875,1.0667020082473755,8.094930023935227,0.0,461917.84202126664,12.352557738652855,308333.3333333334,0.8876761198043823,0.7295485138893127,0.6839290857315063,557067.9899220121
pkt_000370.fc32,15862.611569540712,570398.8125,1.0705840587615967,6.020217858142311,0.0,461967.20370948606,12.197332370580202,308467.7419354839,0.8883951306343079,0.7307868599891663,0.6826058030128479,558854.3879539334
pkt_000371.fc32,47240.74251911239,570682.875,0.9743771553039551,58.14717402973913,0.0,464074.3174116393,9.590522955777287,800403.2258064516,0.8955811858177185,0.6978713870048523,0.7162230610847473,570083.5225133975
pkt_000372.fc32,-16152.04083562,563417.6875,0.9537140130996704,86.13581603548897,0.0,495878.04584504577,9.9179236751329,977083.3333333334,0.8924872279167175,0.690160870552063,0.7236559391021729,553105.9110209738
pkt_000373.fc32,5377.230656939769,547060.5,0.9892512559890747,-59.850736859815456,1.0,461633.25576064567,12.587477094515037,4166.666666666667,0.8863334655761719,0.7032756805419922,0.7109171152114868,558323.4166369558
pkt_000374.fc32,14441.84328742324,547389.875,0.9822342991828918,-65.19651407779807,1.0,463247.9345999375,12.69702977403602,4032.258064516129,0.8862564563751221,0.7007412314414978,0.7134155631065369,558586.2271380197
pkt_000375.fc32,7223.472885378163,567313.875,1.01424241065979,-33.968069870907996,1.0,514947.8708917049,10.648712270260162,883333.3333333334,0.890375018119812,0.7120888233184814,0.7020893692970276,556342.2443772028
pkt_000376.fc32,-25021.03198650771,572577.5,1.028029203414917,28.301532828101198,1.0,437871.1259085422,11.12419596902425,933333.3333333334,0.8941879272460938,0.7168112397193909,0.6972674131393433,560330.9989614994
pkt_000377.fc32,8293.051457382253,487685.75,1.0019512176513672,-38.22198987182199,0.5,301906.04864700034,12.460964023434277,202083.33333333334,0.8824009299278259,0.7077956199645996,0.7064172625541687,496861.80760861444
pkt_000378.fc32,-11305.29472609991,557879.875,0.9260694980621338,79.71605862650787,0.5,488622.7370714469,11.970628976125335,912500.0,0.8861376047134399,0.6794647574424744,0.7337081432342529,559974.1595228617
pkt_000379.fc32,-6764.216183092121,555574.0,0.9293517470359802,77.02566479489928,0.0,487649.4691621289,11.896133140370768,913306.4516129032,0.8860381245613098,0.6807579398155212,0.7325083613395691,555821.8219079432
pkt_000380.fc32,-83312.51306169991,535197.1875,1.0388504266738892,6.0314703977798105,0.0,399671.99332082545,18.767040019998966,0.0,0.8768811821937561,0.7204499244689941,0.6935068964958191,540979.5172775424
pkt_000381.fc32,-82197.86413464922,533944.25,1.0398125648498535,9.071484679061491,0.0,403632.89707916894,18.45104460119536,0.0,0.8762964010238647,0.7207707166671753,0.6931736469268799,540586.7055092759
pkt_000382.fc32,976.8694261917447,568437.375,1.0254089832305908,36.07295614101497,0.0,476672.7553149123,9.810415484051095,797916.6666666667,0.8829368352890015,0.7159212231636047,0.69818115234375,578116.3182687726
pkt_000383.fc32,13827.887543623334,566707.4375,1.021227240562439,13.971005345331804,0.0,445165.8759255125,11.174643079201974,837500.0,0.8922499418258667,0.7144935131072998,0.6996420621871948,567759.7403757777
pkt_000384.fc32,15190.089325201407,565782.5625,1.0285483598709106,8.244038359517896,0.5,444980.031261002,10.96336359207752,838709.6774193548,0.8924610018730164,0.716987133026123,0.6970864534378052,568408.6462924243
pkt_000385.fc32,-7356.413742676652,553981.6875,1.0137240886688232,21.64662692650653,0.0,451489.687768349,14.015380186921089,0.0,0.8839484453201294,0.7119094133377075,0.7022713422775269,539095.3337040036
pkt_000386.fc32,-9617.946888009323,553126.375,1.0223283767700195,15.256651893291256,0.0,447609.1010002915,14.564951833070818,0.0,0.8837554454803467,0.7148703336715698,0.6992570161819458,539228.142937865
pkt_000387.fc32,-28768.512509967142,554459.5625,1.007529616355896,40.13927619844741,0.0,451796.19779464614,13.809607658546213,0.0,0.8832865953445435,0.7097539305686951,0.7044497132301331,545150.2964032199
pkt_000388.fc32,45554.79569985937,315179.875,1.0194824934005737,36.7046063247561,37.5,209698.27245419554,19.442584748155703,4065.040650406503,0.9239493608474731,0.7138952016830444,0.7002525329589844,306960.502349439
