pkt_idx,pcap_ts,rf_channel,pdu_type,adv_addr,access_address,cfo_quick_hz,cfo_centroid_hz,cfo_two_stage_hz,cfo_std_hz,cfo_std_sym_hz,iq_gain_alpha,iq_phase_deg_deg,rise_time_us,psd_centroid_hz,psd_pnr_db,bw_3db_hz,gated_len_us,cfo_two_stage_coarse_hz,joint_fo_hz,joint_I0,joint_Q0,joint_eps,joint_phi_deg,joint_A,joint_iters,joint_cost,cfo_exact_quick_hz,cfo_exact_ls_hz,sample_start,sample_end,cfo_equal_00_hz,cfo_equal_11_hz,cfo_jump_10_hz,cfo_jump_01_hz
0,1764713838.244633436,37,0,D8:FA:25:68:72:F5,8E89BED6,16346.161966,7531.811486,16346.161603,332976.607640,249731.218660,1.045971,-17.224895,3.000000,12832.127941,22.274930,199468.085106,376.000000,3040.888184,0.000000,0.000000,0.000000,0.000000,0.000000,1.000000,0,0.000000,50607.312500,7694.353516,2072370,2073122,17656.777656,-21406.876646,30932.479883,24464.253151
1,1764713838.281294584,37,0,D8:FA:25:68:72:F5,8E89BED6,15925.389105,7414.070715,15925.388550,332773.654808,252304.453233,1.046769,-16.319284,3.000000,12750.944867,22.309309,199468.085106,376.000000,3340.496582,0.000000,0.000000,0.000000,0.000000,0.000000,1.000000,0,0.000000,50607.312500,7729.900879,2072371,2073123,19073.529293,4699.435992,25213.212933,7409.645690
2,1764713838.713914871,37,0,D8:FA:25:68:72:F5,8E89BED6,14828.906673,7455.280512,14828.905662,339389.751391,261662.849881,0.989108,-49.837692,2.500000,11499.527110,22.357233,199468.085106,376.000000,3033.822021,0.000000,0.000000,0.000000,0.000000,0.000000,1.000000,0,0.000000,25133.603516,14514.051758,6082316,6083068,16760.413348,-9249.167478,26310.156873,14642.648812
3,1764713839.148018837,37,0,D8:FA:25:68:72:F5,8E89BED6,16678.203138,7734.773321,16678.204067,337595.210836,235668.579662,1.009372,37.892181,3.000000,12765.408860,22.273323,199468.085106,376.000000,4894.296875,0.000000,0.000000,0.000000,0.000000,0.000000,1.000000,0,0.000000,42309.738281,8872.121094,10088016,10088768,15266.194677,-17346.931226,31125.231332,27479.199500
4,1764713839.179956913,37,0,D8:FA:25:68:72:F5,8E89BED6,16272.210216,7673.438158,16272.211405,337477.358118,258215.972721,1.010527,37.326545,3.000000,12679.645219,22.268905,199468.085106,376.000000,5216.522461,0.000000,0.000000,0.000000,0.000000,0.000000,1.000000,0,0.000000,42309.738281,8941.632812,10088017,10088769,17171.828910,11241.733166,28120.932139,4907.817071
7,1764713839.611537933,37,0,D8:FA:25:68:72:F5,8E89BED6,15790.091875,8431.222390,15790.092044,343177.560196,259308.513226,1.053973,-10.386382,3.000000,12079.822005,22.549053,340425.531915,376.000000,3052.334961,0.000000,0.000000,0.000000,0.000000,0.000000,1.000000,0,0.000000,36731.695312,8729.001953,14088965,14089717,15765.518282,-21528.547098,30174.772754,26182.891375
8,1764713839.643518686,37,0,D8:FA:25:68:72:F5,8E89BED6,15357.025853,8303.978144,15357.025505,343200.375742,261741.701496,1.055610,-10.422422,3.000000,11996.544342,22.548163,340425.531915,376.000000,3344.381592,0.000000,0.000000,0.000000,0.000000,0.000000,1.000000,0,0.000000,36731.695312,8746.567383,14088966,14089718,19195.646914,7387.537300,23966.322291,3088.817300
11,1764713840.072280645,37,0,D8:FA:25:68:72:F5,8E89BED6,16357.998917,7879.319126,16357.999208,333261.165017,250165.076993,0.951508,-83.032541,3.000000,12397.905679,22.119544,199468.085106,376.000000,5013.236816,0.000000,0.000000,0.000000,0.000000,0.000000,1.000000,0,0.000000,33742.050781,9531.291992,18087925,18088677,15387.906322,-17700.056649,31446.838267,25232.385731
12,1764713840.104164362,37,0,D8:FA:25:68:72:F5,8E89BED6,15910.464155,7800.358759,15910.464933,332918.964213,265718.017636,0.949941,-83.514773,3.000000,12311.450196,22.147707,199468.085106,376.000000,5340.822754,0.000000,0.000000,0.000000,0.000000,0.000000,1.000000,0,0.000000,33742.050781,9581.577148,18087926,18088678,16870.869790,9677.257567,28668.196581,4026.465547
13,1764713840.540403366,37,0,D8:FA:25:68:72:F5,8E89BED6,16749.970529,8938.044247,16749.971376,342324.285534,246722.502031,0.957894,-74.634749,3.000000,12871.077662,22.455958,199468.085106,376.000000,3810.349121,0.000000,0.000000,0.000000,0.000000,0.000000,1.000000,0,0.000000,49046.562500,13605.298828,22090527,22091279,15020.946201,-13689.446211,34395.800320,21502.987746
14,1764713840.572273493,37,0,D8:FA:25:68:72:F5,8E89BED6,16312.091733,8847.821586,16312.093556,341710.708718,279795.740258,0.956785,-74.404569,3.000000,12784.443552,22.418339,199468.085106,376.000000,4116.048828,0.000000,0.000000,0.000000,0.000000,0.000000,1.000000,0,0.000000,49046.562500,13673.254883,22090528,22091280,17699.847002,16230.850276,24863.411057,2591.047480
15,1764713841.004026175,37,0,D8:FA:25:68:72:F5,8E89BED6,15689.560679,7824.715345,15689.560824,326337.569843,241721.866007,0.971724,-67.453552,3.000000,11983.387689,22.454348,180851.063830,376.000000,3983.680908,0.000000,0.000000,0.000000,0.000000,0.000000,1.000000,0,0.000000,66938.468750,20595.585938,26096627,26097379,17475.793049,-21963.252958,29079.433379,24198.816608
16,1764713841.035400391,37,0,D8:FA:25:68:72:F5,8E89BED6,15316.142687,7707.623656,15316.142035,325338.416773,257219.824115,0.971074,-67.033383,3.000000,11899.331181,22.465386,180851.063830,376.000000,4291.586914,0.000000,0.000000,0.000000,0.000000,0.000000,1.000000,0,0.000000,63948.957031,20553.714844,26096628,26097380,18138.091547,2323.297872,25606.547662,7692.634086
17,1764713841.466311455,37,0,D8:FA:25:68:72:F5,8E89BED6,16324.768016,8476.313002,16324.767184,344400.101807,252660.964229,0.977980,55.376315,3.000000,12290.358286,21.834218,199468.085106,376.000000,4594.434570,0.000000,0.000000,0.000000,0.000000,0.000000,1.000000,0,0.000000,-2231.677979,-842.089294,30098089,30098841,15068.739645,-17631.002999,30274.635568,26664.697536
18,1764713841.497848511,37,0,D8:FA:25:68:72:F5,8E89BED6,15965.640827,8352.577960,15965.641152,343791.349377,271731.085196,0.976344,56.061221,3.000000,12204.945400,21.808157,199468.085106,376.000000,4891.451660,0.000000,0.000000,0.000000,0.000000,0.000000,1.000000,0,0.000000,-2231.677979,-650.643860,30098090,30098842,16945.827371,6812.026233,25497.302505,9152.972123
21,1764713841.926704407,37,0,D8:FA:25:68:72:F5,8E89BED6,16824.166952,7642.057858,16824.167017,343394.237426,260326.988908,1.050507,10.098994,3.000000,13138.219211,22.327664,337765.957447,376.000000,3436.506836,0.000000,0.000000,0.000000,0.000000,0.000000,1.000000,0,0.000000,100752.046875,13223.955078,34101618,34102370,17086.513903,-14507.129424,28021.450540,24822.394066
22,1764713841.957741499,37,0,D8:FA:25:68:72:F5,8E89BED6,16456.368857,7537.989317,16456.368026,342535.143480,269926.264401,1.050871,10.865526,3.000000,13050.845668,22.319252,337765.957447,376.000000,3742.159912,0.000000,0.000000,0.000000,0.000000,0.000000,1.000000,0,0.000000,100752.046875,13159.796875,34101619,34102371,17384.518565,10105.809692,27087.339372,6504.483788
24,1764713842.385087252,37,0,D8:FA:25:68:72:F5,8E89BED6,15740.798730,7874.031095,15740.798685,348079.799806,257902.918597,1.026775,30.320272,2.500000,12162.866998,22.618958,199468.085106,376.000000,3829.150635,0.000000,0.000000,0.000000,0.000000,0.000000,1.000000,0,0.000000,14390.804688,6912.820312,38108649,38109401,14699.209988,-10483.202201,31075.536341,19363.926828
25,1764713842.813842535,37,0,D8:FA:25:68:72:F5,8E89BED6,16485.456684,7295.103296,16485.457685,356645.884518,247405.475363,0.947063,80.196024,3.000000,12758.037449,22.341215,337765.957447,376.000000,3808.126953,0.000000,0.000000,0.000000,0.000000,0.000000,1.000000,0,0.000000,105177.039062,21408.623047,42118478,42119230,15489.972973,-14464.377846,31312.400228,23731.237147
26,1764713842.844750881,37,0,D8:FA:25:68:72:F5,8E89BED6,16052.035241,7200.902131,16052.035475,356604.173725,274699.645079,0.945452,80.460905,3.000000,12672.729586,22.308189,337765.957447,376.000000,4093.268311,0.000000,0.000000,0.000000,0.000000,0.000000,1.000000,0,0.000000,105177.039062,21341.333984,42118479,42119231,17679.492504,11723.573736,25336.998515,5277.330244
27,1764713843.269856453,37,0,D8:FA:25:68:72:F5,8E89BED6,15398.866386,7508.113564,15398.867667,331047.501954,249288.680992,0.971097,-59.779278,2.500000,11826.102865,22.521576,199468.085106,376.000000,2983.928467,0.000000,0.000000,0.000000,0.000000,0.000000,1.000000,0,0.000000,38856.199219,7883.793945,46127439,46128191,14471.555032,-20649.927008,29908.037795,26201.678511
28,1764713843.301777363,37,0,D8:FA:25:68:72:F5,8E89BED6,15168.506133,7396.815632,15168.507359,329394.172887,260631.244140,0.970601,-59.618650,2.500000,11738.866505,22.518919,199468.085106,376.000000,3319.632812,0.000000,0.000000,0.000000,0.000000,0.000000,1.000000,0,0.000000,38856.199219,7945.096680,46127440,46128192,16096.379309,1396.328126,25051.037633,11267.925209
29,1764713843.734180927,37,0,D8:FA:25:68:72:F5,8E89BED6,14619.321762,7027.016229,14619.321925,346328.940748,262566.948125,1.025831,-32.333441,2.500000,11486.067224,22.167659,180851.063830,376.000000,3374.067871,0.000000,0.000000,0.000000,0.000000,0.000000,1.000000,0,0.000000,7002.455078,14088.913086,50130484,50131236,14085.496653,-9517.079863,30448.374926,15399.801360
30,1764713844.162138462,37,0,D8:FA:25:68:72:F5,8E89BED6,15725.152337,7599.696669,15725.152023,332315.150053,260408.520022,0.996555,-46.543220,2.500000,12191.118794,22.334832,337765.957447,376.000000,3738.591797,0.000000,0.000000,0.000000,0.000000,0.000000,1.000000,0,0.000000,1220.748535,-8920.901367,54141196,54141948,17420.086188,-14086.093267,27008.955969,21271.971813
31,1764713844.590656281,37,0,D8:FA:25:68:72:F5,8E89BED6,15917.004893,7878.729828,15917.005634,352293.840658,233843.349661,1.013889,-35.236900,2.500000,12317.806553,22.245247,180851.063830,376.000000,3571.193115,0.000000,0.000000,0.000000,0.000000,0.000000,1.000000,0,0.000000,19482.123047,5357.876953,58143432,58144184,17164.966012,-22668.193302,29000.208706,26274.899232
32,1764713844.622780561,37,0,D8:FA:25:68:72:F5,8E89BED6,15506.575031,7773.921683,15506.575651,350899.183372,292398.420691,1.014168,-35.437680,2.500000,12235.070913,22.216341,180851.063830,376.000000,3874.438965,0.000000,0.000000,0.000000,0.000000,0.000000,1.000000,0,0.000000,19482.123047,5460.472656,58143433,58144185,18245.252214,2968.523696,27077.218686,6683.722386
33,1764713845.076464653,37,0,D8:FA:25:68:72:F5,8E89BED6,16514.927679,8018.332527,16514.927673,349439.147124,243231.135113,1.025664,33.672718,3.000000,12699.361332,22.727326,199468.085106,376.000000,3519.401123,0.000000,0.000000,0.000000,0.000000,0.000000,1.000000,0,0.000000,40516.601562,3365.298096,62151105,62151857,15143.428041,-12714.643625,31645.226268,21889.737592
34,1764713845.117169142,37,0,D8:FA:25:68:72:F5,8E89BED6,16138.430752,7923.470465,16138.430245,349200.499883,267264.674087,1.026701,33.484308,3.000000,12615.805221,22.732394,199468.085106,376.000000,3826.070068,0.000000,0.000000,0.000000,0.000000,0.000000,1.000000,0,0.000000,37572.910156,3429.277344,62151106,62151858,16251.347530,14285.575523,28095.929340,2962.011589
35,1764713845.548866272,37,0,D8:FA:25:68:72:F5,8E89BED6,14611.693395,7710.384363,14611.693484,348808.952861,270350.466556,1.013557,-34.934134,2.500000,11464.066829,22.412479,180851.063830,376.000000,2798.938232,0.000000,0.000000,0.000000,0.000000,0.000000,1.000000,0,0.000000,-4868.068359,-3229.382080,66154040,66154792,16031.220722,-8986.932998,29023.668475,12785.324025
36,1764713845.980244637,37,0,D8:FA:25:68:72:F5,8E89BED6,15189.960650,8428.208903,15189.960171,335285.790762,251625.631955,0.912196,-87.393184,2.500000,12067.385190,22.741428,199468.085106,376.000000,3665.160889,0.000000,0.000000,0.000000,0.000000,0.000000,1.000000,0,0.000000,7712.336914,12292.702148,70167209,70167961,16628.735905,-9088.409185,29386.887425,14307.890403
37,1764713846.410791874,37,0,D8:FA:25:68:72:F5,8E89BED6,15321.567426,7523.211011,15321.566261,338998.241575,257396.260184,0.978019,-56.404284,2.500000,11996.911829,22.159417,199468.085106,376.000000,3838.176270,0.000000,0.000000,0.000000,0.000000,0.000000,1.000000,0,0.000000,-1664.749634,-4398.028809,74174512,74175264,16439.083025,-4036.577010,28262.940423,12527.907655
38,1764713846.842257738,37,0,D8:FA:25:68:72:F5,8E89BED6,15120.607398,7244.578720,15120.608590,341579.950580,265970.373554,0.951397,-86.938008,2.500000,11697.789915,22.382843,337765.957447,376.000000,4141.118164,0.000000,0.000000,0.000000,0.000000,0.000000,1.000000,0,0.000000,29661.974609,8195.357422,78177594,78178346,14170.181869,-21681.033799,28876.564728,27195.739676
39,1764713846.873804092,37,0,D8:FA:25:68:72:F5,8E89BED6,14941.821020,7122.105749,14941.821004,340897.927083,254063.966215,0.949954,-86.688221,2.500000,11610.017497,22.404477,337765.957447,376.000000,4452.286133,0.000000,0.000000,0.000000,0.000000,0.000000,1.000000,0,0.000000,28987.199219,8192.318359,78177595,78178347,16038.724624,1215.799362,26768.123803,8344.576218
40,1764713847.309927940,37,0,D8:FA:25:68:72:F5,8E89BED6,15081.866719,7917.257113,15081.866414,343845.201667,253574.524266,0.968985,-64.499940,2.500000,11872.846170,22.102322,199468.085106,376.000000,4380.932617,0.000000,0.000000,0.000000,0.000000,0.000000,1.000000,0,0.000000,16853.750000,4884.092773,82186228,82186980,15147.511073,-2812.401342,27209.935831,13858.964929
41,1764713847.744581699,37,0,D8:FA:25:68:72:F5,8E89BED6,16095.459023,7343.552247,16095.458418,347545.518831,265577.443872,0.957284,-68.773875,2.500000,12697.360148,22.226745,337765.957447,376.000000,4261.073242,0.000000,0.000000,0.000000,0.000000,0.000000,1.000000,0,0.000000,30287.425781,6175.766602,86201115,86201867,17191.657292,-16668.705085,27925.803264,24462.520621
42,1764713848.176688910,37,0,D8:FA:25:68:72:F5,8E89BED6,16086.682827,7740.392563,16086.682275,330468.828599,243923.497752,0.956566,66.082018,2.500000,12562.244428,22.841498,180851.063830,376.000000,3487.322754,0.000000,0.000000,0.000000,0.000000,0.000000,1.000000,0,0.000000,13665.528320,-1578.925171,90212818,90213570,17166.539130,-19911.745488,31673.737493,22820.967385
43,1764713848.208111525,37,0,D8:FA:25:68:72:F5,8E89BED6,15596.724722,7671.615336,15596.723666,330459.146910,265349.154868,0.955918,65.851471,2.500000,12480.222579,22.798487,180851.063830,376.000000,3775.340332,0.000000,0.000000,0.000000,0.000000,0.000000,1.000000,0,0.000000,13665.528320,-1460.503662,90212819,90213571,20507.805548,11873.331139,26050.716238,-2851.670222
44,1764713848.639420271,37,0,D8:FA:25:68:72:F5,8E89BED6,15674.789269,8612.827135,15674.787548,333216.826462,250832.382077,0.992425,-50.472591,2.500000,12074.645656,22.992901,199468.085106,376.000000,3505.305908,0.000000,0.000000,0.000000,0.000000,0.000000,1.000000,0,0.000000,18227.046875,910.089844,94224021,94224773,14728.752400,-22627.857713,29244.792330,29325.846014
45,1764713848.670740843,37,0,D8:FA:25:68:72:F5,8E89BED6,15362.621456,8503.711303,15362.621799,332283.925070,249724.749931,0.992709,-50.059777,2.500000,11986.260931,22.976158,199468.085106,376.000000,3846.682373,0.000000,0.000000,0.000000,0.000000,0.000000,1.000000,0,0.000000,18227.046875,997.959167,94224022,94224774,16339.951414,525.891922,26868.364513,11207.408668
47,1764713849.104066372,37,0,D8:FA:25:68:72:F5,8E89BED6,15794.894482,8594.522788,15794.894333,335299.757573,257042.346968,1.003103,-43.173575,3.000000,12021.712894,22.727894,202127.659574,376.000000,4037.180176,0.000000,0.000000,0.000000,0.000000,0.000000,1.000000,0,0.000000,79036.000000,24086.126953,98231157,98231909,15355.970097,-20475.494778,28079.440909,28167.929923
48,1764713849.135477066,37,0,D8:FA:25:68:72:F5,8E89BED6,15480.701079,8496.813684,15480.702482,334830.571288,265360.712155,1.003710,-42.888250,3.000000,11935.177925,23.012714,202127.659574,376.000000,4368.889648,0.000000,0.000000,0.000000,0.000000,0.000000,1.000000,0,0.000000,78437.976562,24056.175781,98231158,98231910,17555.946484,6330.345096,25499.570104,6000.995123
49,1764713849.562467575,37,0,D8:FA:25:68:72:F5,8E89BED6,16343.207098,6488.772690,16343.206358,335245.070275,250031.655202,1.019063,34.355052,2.500000,12724.066718,22.467904,199468.085106,376.000000,3802.204346,0.000000,0.000000,0.000000,0.000000,0.000000,1.000000,0,0.000000,3550.916992,4287.284668,102234090,102234842,16051.491354,-9634.054899,27611.895984,21339.371191
50,1764713849.594277382,37,0,D8:FA:25:68:72:F5,8E89BED6,15910.134087,6420.174979,15910.133983,334428.576661,263449.377000,1.019887,34.230998,2.500000,12636.881758,22.442993,199468.085106,376.000000,4080.057617,0.000000,0.000000,0.000000,0.000000,0.000000,1.000000,0,0.000000,3273.494385,4353.668457,102234091,102234843,17761.847328,19812.218532,24631.674111,-1560.007261
51,1764713850.023637056,37,0,D8:FA:25:68:72:F5,8E89BED6,14902.649015,8092.116409,14902.648320,349053.509762,251903.977334,0.953665,70.376584,2.500000,11721.338778,22.135153,202127.659574,376.000000,3919.144531,0.000000,0.000000,0.000000,0.000000,0.000000,1.000000,0,0.000000,8795.378906,12129.848633,106242194,106242946,16299.528372,-7533.875309,29012.292377,12428.547092
52,1764713850.452759027,37,0,D8:FA:25:68:72:F5,8E89BED6,15526.928677,6873.663994,15526.928518,349435.751998,266794.408125,0.948011,-84.205688,2.500000,12327.510037,22.837864,180851.063830,376.000000,2601.750732,0.000000,0.000000,0.000000,0.000000,0.000000,1.000000,0,0.000000,-5984.260742,-7347.361328,110243457,110244209,17379.110450,-15225.572141,26161.442344,21985.299427
53,1764713850.881069899,37,0,D8:FA:25:68:72:F5,8E89BED6,15526.921130,7532.330860,15526.922251,346242.552722,255040.745563,0.960795,-74.734603,2.500000,11966.687921,22.489355,199468.085106,376.000000,4439.073730,0.000000,0.000000,0.000000,0.000000,0.000000,1.000000,0,0.000000,1135.715698,14923.030273,114245386,114246138,15316.413363,-6107.569757,27842.675110,17242.244569
54,1764713851.311526537,37,0,D8:FA:25:68:72:F5,8E89BED6,16117.942528,7539.367311,16117.942141,351281.320333,263806.443297,0.977330,55.943518,3.000000,12192.621587,22.054919,337765.957447,376.000000,3753.379883,0.000000,0.000000,0.000000,0.000000,0.000000,1.000000,0,0.000000,-1154.936035,1577.227051,118252814,118253566,14258.753124,-20575.129916,33003.795160,26733.576664
55,1764713851.343300343,37,0,D8:FA:25:68:72:F5,8E89BED6,15793.685552,7410.264499,15793.685331,350997.626629,272799.989188,0.975802,56.539897,3.000000,12106.570373,22.024192,337765.957447,376.000000,4044.516113,0.000000,0.000000,0.000000,0.000000,0.000000,1.000000,0,0.000000,-1154.936035,1738.278076,118252815,118253567,17251.702850,8209.788583,24302.925305,7469.215057
56,1764713851.786956310,37,0,D8:FA:25:68:72:F5,8E89BED6,15926.856869,7475.357930,15926.857844,345729.770719,257334.681912,1.048247,25.083844,2.500000,12309.811753,21.858580,337765.957447,376.000000,3024.457031,0.000000,0.000000,0.000000,0.000000,0.000000,1.000000,0,0.000000,55920.257812,21314.820312,122252519,122253271,15817.607065,-19731.918411,29191.927196,25538.002348
57,1764713851.824224234,37,0,D8:FA:25:68:72:F5,8E89BED6,15633.088148,7351.535125,15633.089528,344024.947580,270348.480301,1.046439,25.663732,2.500000,12222.511159,21.829311,337765.957447,376.000000,3314.167725,0.000000,0.000000,0.000000,0.000000,0.000000,1.000000,0,0.000000,55920.257812,21281.712891,122252520,122253272,17132.268298,1656.729964,27067.838791,9232.110075
58,1764713852.262076855,37,0,D8:FA:25:68:72:F5,8E89BED6,16884.084490,7684.898148,16884.084415,349768.177429,249251.762370,0.964275,-67.697507,3.000000,12939.056802,22.698710,337765.957447,376.000000,4311.915039,0.000000,0.000000,0.000000,0.000000,0.000000,1.000000,0,0.000000,48151.062500,3154.702881,126259468,126260220,15446.426091,-16120.890571,31505.801282,25940.676761
59,1764713852.294425249,37,0,D8:FA:25:68:72:F5,8E89BED6,16443.112916,7584.297511,16443.112668,349650.002333,268763.120586,0.963983,-67.189362,3.000000,12853.643764,22.699986,337765.957447,376.000000,4586.213867,0.000000,0.000000,0.000000,0.000000,0.000000,1.000000,0,0.000000,48151.062500,3194.599609,126259469,126260221,17434.383560,13527.088922,25591.204450,5290.651062
115,1764713852.732071638,37,0,D8:FA:25:68:72:F5,8E89BED6,15743.704183,8134.032077,15743.704128,339346.604818,269071.318499,1.019880,35.071922,2.500000,12341.436207,22.889373,199468.085106,376.000000,3834.753418,0.000000,0.000000,0.000000,0.000000,0.000000,1.000000,0,0.000000,11912.268555,10217.533203,130269688,130270440,17688.994325,-5258.886266,24759.395884,15514.341716
255,1764713853.173683405,37,0,D8:FA:25:68:72:F5,8E89BED6,15403.032439,7064.460944,15403.033302,348982.086523,263898.774449,1.042281,18.047791,2.500000,12279.936741,21.985093,340425.531915,376.000000,3040.129639,0.000000,0.000000,0.000000,0.000000,0.000000,1.000000,0,0.000000,2026.498657,10107.104492,134270171,134270923,17272.910481,-11424.753409,26687.056856,17567.419883
272,1764713853.609670401,37,0,D8:FA:25:68:72:F5,8E89BED6,15119.227309,8173.003595,15119.227666,331680.844629,262141.864025,1.055230,-12.512237,2.500000,11481.738214,22.684655,337765.957447,376.000000,2538.078125,0.000000,0.000000,0.000000,0.000000,0.000000,1.000000,0,0.000000,39444.832031,3520.849609,138274128,138274880,15028.501776,-23683.636061,31664.494632,24464.615437
273,1764713853.641476154,37,0,D8:FA:25:68:72:F5,8E89BED6,14890.255027,8027.700352,14890.254584,331232.123249,250344.107817,1.056881,-12.436849,2.500000,11395.235935,22.663982,337765.957447,376.000000,2853.898193,0.000000,0.000000,0.000000,0.000000,0.000000,1.000000,0,0.000000,36785.214844,3597.328125,138274129,138274881,16590.698988,-539.075894,26294.881292,9462.520854
274,1764713854.081765413,37,0,D8:FA:25:68:72:F5,8E89BED6,16102.643507,7443.089670,16102.643391,322499.566684,234946.057199,0.952556,-74.009136,3.000000,12190.237297,22.565284,199468.085106,376.000000,4221.795898,0.000000,0.000000,0.000000,0.000000,0.000000,1.000000,0,0.000000,56923.109375,8471.361328,142282119,142282871,13655.759805,-19449.118132,32048.577140,28539.276787
275,1764713854.115601063,37,0,D8:FA:25:68:72:F5,8E89BED6,15733.860737,7343.029585,15733.859803,322560.313576,255076.658886,0.951090,-74.164863,3.000000,12104.818841,22.514579,199468.085106,376.000000,4545.834473,0.000000,0.000000,0.000000,0.000000,0.000000,1.000000,0,0.000000,50113.695312,8455.983398,142282120,142282872,16460.787199,11124.415819,24863.407658,6719.328709
277,1764713854.554295063,37,0,D8:FA:25:68:72:F5,8E89BED6,16677.307808,7632.666840,16677.306730,354119.867488,270959.559889,1.011352,-38.352988,3.000000,12863.974476,22.530389,199468.085106,376.000000,4211.925293,0.000000,0.000000,0.000000,0.000000,0.000000,1.000000,0,0.000000,87552.335938,20934.974609,146289778,146290530,16416.369566,-19364.059144,31248.595680,26165.783211
278,1764713854.586598635,37,0,D8:FA:25:68:72:F5,8E89BED6,16295.629125,7545.135543,16295.630391,353744.667500,279367.536890,1.012699,-37.752921,3.000000,12775.129975,22.496931,199468.085106,376.000000,4511.233398,0.000000,0.000000,0.000000,0.000000,0.000000,1.000000,0,0.000000,83993.187500,20866.609375,146289779,146290531,17748.825261,9180.243818,25408.698287,7400.839731
279,1764713855.016950130,37,0,D8:FA:25:68:72:F5,8E89BED6,15897.836290,7531.371259,15897.838601,336359.855678,255891.260348,1.052964,16.108914,3.000000,12449.612046,22.766885,337765.957447,376.000000,3406.296631,0.000000,0.000000,0.000000,0.000000,0.000000,1.000000,0,0.000000,50789.585938,9859.345703,150293842,150294594,17565.743925,-23128.133386,30956.111172,24088.815550
280,1764713855.048869610,37,0,D8:FA:25:68:72:F5,8E89BED6,15558.062381,7425.539762,15558.061953,336324.312669,253544.046942,1.053259,16.685427,3.000000,12369.814868,22.756772,199468.085106,376.000000,3723.123779,0.000000,0.000000,0.000000,0.000000,0.000000,1.000000,0,0.000000,50789.585938,9840.130859,150293843,150294595,19286.446349,4716.537269,27116.921758,3507.955423
282,1764713855.473497629,37,0,D8:FA:25:68:72:F5,8E89BED6,15286.510911,7807.018222,15286.511043,328613.473220,246218.680352,0.947592,-87.835143,2.500000,11898.588795,22.593728,199468.085106,376.000000,3663.791504,0.000000,0.000000,0.000000,0.000000,0.000000,1.000000,0,0.000000,1910.995361,9498.946289,154300535,154301287,15557.386445,-6084.786838,28884.595650,14099.281011
283,1764713855.903077602,37,0,D8:FA:25:68:72:F5,8E89BED6,16670.688759,7761.338701,16670.689100,339582.269084,258364.051757,0.947066,-89.892162,3.000000,12868.606095,21.915072,199468.085106,376.000000,4168.983887,0.000000,0.000000,0.000000,0.000000,0.000000,1.000000,0,0.000000,31454.806641,3749.415527,158310497,158311249,17095.468019,-18409.646000,29249.803169,26860.145007
284,1764713855.934797525,37,0,D8:FA:25:68:72:F5,8E89BED6,16221.680144,7660.143328,16221.681243,339576.165924,268926.304549,0.945697,-89.426842,3.000000,12782.808061,21.973745,199468.085106,376.000000,4472.810059,0.000000,0.000000,0.000000,0.000000,0.000000,1.000000,0,0.000000,31358.984375,3807.446289,158310498,158311250,18137.775008,7718.477232,26879.369714,7224.423594
285,1764713856.364009619,37,0,D8:FA:25:68:72:F5,8E89BED6,16593.308147,7087.823766,16593.307987,342842.142738,260134.731656,1.020983,31.617420,3.000000,12938.866908,22.457137,199468.085106,376.000000,2694.791260,0.000000,0.000000,0.000000,0.000000,0.000000,1.000000,0,0.000000,39603.652344,2789.062744,162319654,162320406,16367.304702,-14633.055215,30897.618025,22396.381345
286,1764713856.400081635,37,0,D8:FA:25:68:72:F5,8E89BED6,16119.087393,7006.548421,16119.086949,342584.135632,267177.080953,1.022354,31.181973,3.000000,12851.459220,22.449526,199468.085106,376.000000,2999.970459,0.000000,0.000000,0.000000,0.000000,0.000000,1.000000,0,0.000000,39603.652344,2862.330078,162319655,162320407,18134.897992,13859.872978,26658.514044,1083.461123
287,1764713856.833423615,37,0,D8:FA:25:68:72:F5,8E89BED6,16226.733323,7822.058878,16226.732756,334703.148706,248146.010793,0.946010,87.384213,2.500000,12745.774889,23.088485,199468.085106,376.000000,3363.864258,0.000000,0.000000,0.000000,0.000000,0.000000,1.000000,0,0.000000,34003.269531,20185.640625,166320828,166321580,15669.886712,-10988.904656,28101.232727,23061.082683
288,1764713856.865060091,37,0,D8:FA:25:68:72:F5,8E89BED6,15746.521938,7770.116935,15746.521682,334822.675815,251597.731002,0.944678,86.965661,2.500000,12660.497312,23.015421,199468.085106,376.000000,3620.608398,0.000000,0.000000,0.000000,0.000000,0.000000,1.000000,0,0.000000,33544.621094,20112.199219,166320829,166321581,19016.947555,20558.626303,22058.733829,-2293.791973
289,1764713857.298385382,37,0,D8:FA:25:68:72:F5,8E89BED6,16169.827354,8214.879889,16169.826491,333050.103573,245069.125609,0.981971,54.440845,2.500000,12253.361767,22.476403,337765.957447,376.000000,5250.662109,0.000000,0.000000,0.000000,0.000000,0.000000,1.000000,0,0.000000,33262.906250,9809.493164,170327042,170327794,15093.885025,-11292.434809,30744.479383,20908.926022
290,1764713857.727392197,37,0,D8:FA:25:68:72:F5,8E89BED6,15696.655571,7782.463335,15696.655323,339032.340082,258108.439811,1.062543,-1.262924,3.000000,12054.132243,21.917053,319148.936170,376.000000,3130.061279,0.000000,0.000000,0.000000,0.000000,0.000000,1.000000,0,0.000000,101964.414062,22736.998047,174331671,174332423,15954.680209,-23118.170117,32250.406267,24781.589128
291,1764713857.758603811,37,0,D8:FA:25:68:72:F5,8E89BED6,15299.105706,7698.508844,15299.106430,338918.178117,267436.423502,1.064221,-1.427436,3.000000,11971.577570,21.985754,340425.531915,376.000000,3449.659180,0.000000,0.000000,0.000000,0.000000,0.000000,1.000000,0,0.000000,101964.414062,22678.912109,174331672,174332424,18495.502428,3799.202692,25877.834411,5921.568380
292,1764713858.184679508,37,0,D8:FA:25:68:72:F5,8E89BED6,16262.829541,7964.088277,16262.829452,347601.286836,253905.195031,0.970794,-65.396676,2.500000,12394.033050,22.434604,199468.085106,376.000000,3922.554932,0.000000,0.000000,0.000000,0.000000,0.000000,1.000000,0,0.000000,8526.418945,-1689.545532,178332236,178332988,15465.898106,-12941.201159,29333.014238,23140.720604
293,1764713858.216441870,37,0,D8:FA:25:68:72:F5,8E89BED6,15811.232611,7887.430872,15811.232462,347210.057053,272484.432450,0.969226,-65.969674,2.500000,12308.928891,22.456999,199468.085106,376.000000,4232.105469,0.000000,0.000000,0.000000,0.000000,0.000000,1.000000,0,0.000000,4393.055176,-1488.614868,178332237,178332989,16539.878582,14862.932487,24509.426051,4168.500751
294,1764713858.659143686,37,0,D8:FA:25:68:72:F5,8E89BED6,14924.069548,7593.765036,14924.069713,338289.443486,279791.231808,1.052418,-18.608655,2.500000,11684.777609,22.415777,180851.063830,376.000000,3425.825928,0.000000,0.000000,0.000000,0.000000,0.000000,1.000000,0,0.000000,5929.861328,7388.689941,182336235,182336987,15804.981055,-9335.759788,26001.957887,18125.930878
295,1764713859.092770338,37,0,D8:FA:25:68:72:F5,8E89BED6,16288.541935,7738.720962,16288.540915,350012.198064,242333.286454,0.945812,88.569250,3.000000,12283.646552,22.412743,199468.085106,376.000000,3531.014648,0.000000,0.000000,0.000000,0.000000,0.000000,1.000000,0,0.000000,36256.675781,-3807.902100,186347913,186348665,16804.931675,-18715.927676,29696.000787,24967.035427
296,1764713859.124380589,37,0,D8:FA:25:68:72:F5,8E89BED6,15948.243104,7625.474670,15948.241486,350054.321137,287205.873270,0.944618,89.132315,3.000000,12199.912669,22.405033,199468.085106,376.000000,3824.008789,0.000000,0.000000,0.000000,0.000000,0.000000,1.000000,0,0.000000,35592.757812,-3766.074219,186347914,186348666,18708.837664,7345.162493,27043.137637,3949.815132
297,1764713859.560711384,37,0,D8:FA:25:68:72:F5,8E89BED6,15976.119206,6874.241388,15976.120114,345596.350479,262391.491493,0.962900,-66.753123,2.500000,12507.544739,22.516739,337765.957447,376.000000,3145.847656,0.000000,0.000000,0.000000,0.000000,0.000000,1.000000,0,0.000000,9246.784180,18956.082031,190356413,190357165,14667.320605,-11253.378212,29598.905736,22275.212161
298,1764713859.996611595,37,0,D8:FA:25:68:72:F5,8E89BED6,16624.022713,6841.241228,16624.022885,335284.190411,245201.769024,1.043877,9.198247,3.000000,12691.077277,22.400178,319148.936170,376.000000,4159.028320,0.000000,0.000000,0.000000,0.000000,0.000000,1.000000,0,0.000000,19626.974609,3757.452881,194357141,194357893,15059.157002,-9916.437669,30444.154081,22269.649554
299,1764713860.028111458,37,0,D8:FA:25:68:72:F5,8E89BED6,16119.611070,6775.227266,16119.611245,335394.755535,262272.688321,1.045440,9.349385,3.000000,12604.192128,22.411689,319148.936170,376.000000,4425.455566,0.000000,0.000000,0.000000,0.000000,0.000000,1.000000,0,0.000000,19626.974609,3843.940918,194357142,194357894,17107.241319,19481.970535,21332.193447,4376.752916
300,1764713860.459519386,37,0,D8:FA:25:68:72:F5,8E89BED6,15567.970671,7305.106293,15567.971416,335640.084622,245852.230944,1.013393,-39.191434,2.500000,11815.519998,22.031852,199468.085106,376.000000,4334.986816,0.000000,0.000000,0.000000,0.000000,0.000000,1.000000,0,0.000000,27640.355469,-2660.817627,198364247,198364999,16115.616139,-24327.884029,30329.328006,26032.776505
301,1764713860.491594791,37,0,D8:FA:25:68:72:F5,8E89BED6,15355.124479,7166.533531,15355.124966,335419.985676,257655.046428,1.015041,-38.449742,2.500000,11733.437102,22.051224,199468.085106,376.000000,4641.314453,0.000000,0.000000,0.000000,0.000000,0.000000,1.000000,0,0.000000,26177.228516,-2502.791016,198364248,198365000,17165.502989,-4728.404758,23377.217661,16631.103033
302,1764713860.930107355,37,0,D8:FA:25:68:72:F5,8E89BED6,16054.215229,6949.329847,16054.215084,354873.405930,281164.879163,0.986499,-52.289167,3.000000,12440.148748,22.176957,337765.957447,376.000000,3863.926270,0.000000,0.000000,0.000000,0.000000,0.000000,1.000000,0,0.000000,48908.496094,6911.303223,202375199,202375951,17484.896608,-21852.156614,26973.948336,27634.337982
303,1764713860.962095261,37,0,D8:FA:25:68:72:F5,8E89BED6,15575.088618,6860.166530,15575.088161,353996.073935,278098.629764,0.986844,-51.899667,3.000000,12356.894730,22.210449,337765.957447,376.000000,4166.260254,0.000000,0.000000,0.000000,0.000000,0.000000,1.000000,0,0.000000,48908.496094,6938.094238,202375200,202375952,19773.042457,6685.264614,22412.454245,5736.247653
304,1764713861.400003672,37,0,D8:FA:25:68:72:F5,8E89BED6,16062.604160,6792.667617,16062.603462,336167.656569,249190.872230,1.001636,44.180165,2.500000,12523.354721,22.461634,199468.085106,376.000000,3859.954590,0.000000,0.000000,0.000000,0.000000,0.000000,1.000000,0,0.000000,8732.492188,19664.011719,206385182,206385934,15310.366233,-6946.688274,27318.530490,20243.641773
305,1764713861.830127001,37,0,D8:FA:25:68:72:F5,8E89BED6,16576.410689,7680.193246,16576.412458,350453.080011,275323.283068,0.996267,-47.349168,3.000000,12783.958957,22.493166,180851.063830,376.000000,3579.346924,0.000000,0.000000,0.000000,0.000000,0.000000,1.000000,0,0.000000,35260.910156,-750.970459,210390463,210391215,17770.312923,-20675.491181,31224.070364,23901.035077
306,1764713861.861638069,37,0,D8:FA:25:68:72:F5,8E89BED6,16183.239657,7566.314261,16183.238674,348880.957109,277915.732403,0.997312,-46.647916,3.000000,12701.831316,22.450576,180851.063830,376.000000,3868.539795,0.000000,0.000000,0.000000,0.000000,0.000000,1.000000,0,0.000000,35260.910156,-633.057373,210390464,210391216,19930.691626,8608.469608,25199.099808,3440.165838
307,1764713862.290936470,37,0,D8:FA:25:68:72:F5,8E89BED6,15915.940847,6334.710011,15915.941518,345679.780278,256984.090530,0.930267,89.672379,3.000000,12237.692732,22.507073,319148.936170,376.000000,3617.659912,0.000000,0.000000,0.000000,0.000000,0.000000,1.000000,0,0.000000,32973.687500,10659.482422,214404851,214405603,15858.750571,-21383.125416,29346.021505,27461.358388
308,1764713862.322432995,37,0,D8:FA:25:68:72:F5,8E89BED6,15575.541224,6229.724324,15575.541367,344437.695566,258116.812619,0.929618,-89.724931,3.000000,12156.816990,22.513556,319148.936170,376.000000,3934.115967,0.000000,0.000000,0.000000,0.000000,0.000000,1.000000,0,0.000000,32973.687500,10675.397461,214404852,214405604,18004.236129,4051.743372,27612.341272,5707.237524
309,1764713862.755955219,37,0,D8:FA:25:68:72:F5,8E89BED6,16627.274908,8608.448735,16627.273734,329945.665207,252688.176029,0.952638,74.677391,3.000000,12714.990281,22.804365,199468.085106,376.000000,4562.962891,0.000000,0.000000,0.000000,0.000000,0.000000,1.000000,0,0.000000,51029.792969,5572.269531,218419908,218420660,15471.720499,-16121.615268,32807.309585,23899.057945
310,1764713862.787286997,37,0,D8:FA:25:68:72:F5,8E89BED6,16250.530382,8510.626836,16250.529670,329823.556204,264506.340648,0.951090,75.203729,3.000000,12628.938011,22.863498,199468.085106,376.000000,4856.734863,0.000000,0.000000,0.000000,0.000000,0.000000,1.000000,0,0.000000,51029.792969,5640.735352,218419909,218420661,17541.277545,12046.683130,24254.131359,6631.478505
311,1764713863.214980602,37,0,D8:FA:25:68:72:F5,8E89BED6,15151.819744,8466.915884,15151.820065,336732.771221,252181.994746,1.021155,30.703928,2.500000,11847.022260,22.041734,199468.085106,376.000000,4319.841797,0.000000,0.000000,0.000000,0.000000,0.000000,1.000000,0,0.000000,4907.457520,3659.307617,222431523,222432275,17066.918587,-2043.021385,23735.204424,13263.528376
312,1764713863.648954868,37,0,D8:FA:25:68:72:F5,8E89BED6,15854.615016,7717.640679,15854.613904,330441.698557,241620.862500,0.949157,87.510587,2.500000,12371.681015,22.746530,180851.063830,376.000000,3592.794189,0.000000,0.000000,0.000000,0.000000,0.000000,1.000000,0,0.000000,15648.936523,9471.984375,226439345,226440097,16966.613831,-16780.841746,30127.816510,21059.925811
313,1764713863.680351257,37,0,D8:FA:25:68:72:F5,8E89BED6,15412.328648,7637.789517,15412.328948,330312.893068,250656.989129,0.947636,87.350597,2.500000,12289.426373,22.718625,180851.063830,376.000000,3867.184082,0.000000,0.000000,0.000000,0.000000,0.000000,1.000000,0,0.000000,15648.936523,9522.419922,226439346,226440098,18699.838173,13979.533988,22595.030391,1416.412086
314,1764713864.106720209,37,0,D8:FA:25:68:72:F5,8E89BED6,16395.445353,8635.692943,16395.446063,339711.402326,239152.428022,1.045072,-20.157540,3.000000,12513.975527,22.380531,199468.085106,376.000000,4134.510254,0.000000,0.000000,0.000000,0.000000,0.000000,1.000000,0,0.000000,50298.167969,6855.664551,230443877,230444629,16370.372640,-20342.971500,30715.309004,26264.611526
315,1764713864.138192654,37,0,D8:FA:25:68:72:F5,8E89BED6,15964.357216,8514.644852,15964.358501,339243.144016,259710.919502,1.046560,-20.033222,3.000000,12429.143995,22.326807,199468.085106,376.000000,4435.895508,0.000000,0.000000,0.000000,0.000000,0.000000,1.000000,0,0.000000,50012.347656,6904.839844,230443878,230444630,18787.528422,6749.770896,26013.737026,5525.007896
316,1764713864.569221020,37,0,D8:FA:25:68:72:F5,8E89BED6,16748.228024,7548.036198,16748.228658,341529.012418,267299.876530,1.006196,-41.188424,3.000000,12962.559839,22.977622,199468.085106,376.000000,3944.380859,0.000000,0.000000,0.000000,0.000000,0.000000,1.000000,0,0.000000,72044.609375,9800.528320,234452246,234452998,15541.561589,-13561.089878,34477.719596,20301.010659
317,1764713864.601183891,37,0,D8:FA:25:68:72:F5,8E89BED6,16335.262423,7448.719673,16335.263494,341471.677399,268340.426096,1.006864,-40.921029,3.000000,12878.273472,22.899417,199468.085106,376.000000,4249.422852,0.000000,0.000000,0.000000,0.000000,0.000000,1.000000,0,0.000000,72044.609375,9770.322266,234452247,234452999,16686.138331,14741.963022,28238.510250,2671.735155
319,1764713865.032495260,37,0,D8:FA:25:68:72:F5,8E89BED6,15792.973749,8764.536722,15792.973877,337866.261997,256910.178934,0.958038,-67.208402,2.500000,12243.622994,22.826822,180851.063830,376.000000,4135.108887,0.000000,0.000000,0.000000,0.000000,0.000000,1.000000,0,0.000000,1397.649780,7813.966797,238456468,238457220,16381.866851,-12673.953038,28495.144935,20057.256323
320,1764713865.464328289,37,0,D8:FA:25:68:72:F5,8E89BED6,15489.674648,6649.828376,15489.675320,339410.333193,260816.244944,1.010055,40.634269,2.500000,11937.919417,22.727268,180851.063830,376.000000,4600.636230,0.000000,0.000000,0.000000,0.000000,0.000000,1.000000,0,0.000000,17314.601562,13971.782227,242467847,242468599,16949.133430,-13332.354942,30837.146740,16285.829662
323,1764713865.897541285,37,0,D8:FA:25:68:72:F5,8E89BED6,15203.773759,6661.511056,15203.773183,342756.240200,271919.650554,0.950683,-76.355087,2.500000,11948.251884,22.487975,337765.957447,376.000000,3416.006348,0.000000,0.000000,0.000000,0.000000,0.000000,1.000000,0,0.000000,1757.787476,4833.485840,246473292,246474044,17378.833853,-10038.853238,27223.897737,15498.722345
324,1764713866.330333710,37,0,D8:FA:25:68:72:F5,8E89BED6,16751.178678,7893.549469,16751.179725,349247.510544,258917.981896,1.068682,-7.502598,3.000000,12860.345580,22.437316,199468.085106,376.000000,4865.134766,0.000000,0.000000,0.000000,0.000000,0.000000,1.000000,0,0.000000,37858.203125,11794.638672,250487903,250488655,16111.646473,-17096.090051,34056.543785,22482.109536
325,1764713866.361766815,37,0,D8:FA:25:68:72:F5,8E89BED6,16384.960146,7779.333141,16384.960611,349255.851337,269742.804253,1.068375,-6.833977,3.000000,12775.125651,22.473198,199468.085106,376.000000,5147.482910,0.000000,0.000000,0.000000,0.000000,0.000000,1.000000,0,0.000000,36058.082031,11874.816406,250487904,250488656,17893.964234,10235.271956,29798.226775,2240.367079
326,1764713866.807904005,37,0,D8:FA:25:68:72:F5,8E89BED6,15715.244394,7479.189481,15715.245620,318621.869957,249080.365864,1.060557,0.974027,2.500000,12190.123783,22.381941,199468.085106,376.000000,3089.974365,0.000000,0.000000,0.000000,0.000000,0.000000,1.000000,0,0.000000,7484.358398,4695.869629,254503929,254504681,17042.844113,-13875.336585,30628.019939,17624.334428
329,1764713867.239246607,37,0,D8:FA:25:68:72:F5,8E89BED6,16192.916740,7899.874220,16192.919043,345301.388454,239052.254938,1.036424,-27.932511,3.000000,12483.554169,22.112212,340425.531915,376.000000,3943.651611,0.000000,0.000000,0.000000,0.000000,0.000000,1.000000,0,0.000000,47065.671875,11144.189453,258517535,258518287,16436.208229,-21203.186936,30021.002639,27043.694806
330,1764713867.270457506,37,0,D8:FA:25:68:72:F5,8E89BED6,15767.970874,7822.746002,15767.973480,345224.109633,266224.895008,1.037431,-27.925493,3.000000,12402.256107,22.080596,340425.531915,376.000000,4250.159180,0.000000,0.000000,0.000000,0.000000,0.000000,1.000000,0,0.000000,45309.820312,11167.734375,258517536,258518288,20131.460702,8940.239847,22250.780274,4196.343486
331,1764713867.702966690,37,0,D8:FA:25:68:72:F5,8E89BED6,16184.342939,7851.406384,16184.341640,343551.599493,258053.901355,0.963126,-73.065920,2.500000,12561.155238,22.310453,199468.085106,376.000000,4529.497070,0.000000,0.000000,0.000000,0.000000,0.000000,1.000000,0,0.000000,14662.748047,5591.650879,262530937,262531689,15930.488679,-11695.312978,27842.285726,22229.511579
332,1764713868.135497808,37,0,D8:FA:25:68:72:F5,8E89BED6,16078.992956,8585.382766,16078.991698,359693.469059,266627.200782,0.988334,50.221490,2.500000,12491.383489,21.614053,199468.085106,376.000000,4348.353027,0.000000,0.000000,0.000000,0.000000,0.000000,1.000000,0,0.000000,11928.287109,7757.564941,266543266,266544018,16870.023154,-19928.653569,31915.282070,22400.419187
333,1764713868.167176485,37,0,D8:FA:25:68:72:F5,8E89BED6,15840.638900,8441.721839,15840.639212,358391.870381,269098.622830,0.986827,50.962661,2.500000,12404.355946,21.658344,199468.085106,376.000000,4660.786133,0.000000,0.000000,0.000000,0.000000,0.000000,1.000000,0,0.000000,11928.287109,7855.952637,266543267,266544019,17229.034194,2256.536579,30413.001318,6825.255609
334,1764713868.602810860,37,0,D8:FA:25:68:72:F5,8E89BED6,16424.738564,6508.611887,16424.738085,330083.041054,241746.463053,1.050450,11.368384,3.000000,12655.048340,22.498708,337765.957447,376.000000,4021.483887,0.000000,0.000000,0.000000,0.000000,0.000000,1.000000,0,0.000000,80828.546875,13387.410156,270551796,270552548,15335.316966,-15031.192728,29710.270500,25653.381306
335,1764713868.635191202,37,0,D8:FA:25:68:72:F5,8E89BED6,16018.725198,6412.398498,16018.724279,328564.927640,259524.750026,1.052111,11.341427,3.000000,12570.498321,22.479712,337765.957447,376.000000,4328.523438,0.000000,0.000000,0.000000,0.000000,0.000000,1.000000,0,0.000000,80093.328125,13415.179688,270551797,270552549,17757.174632,14604.246043,25839.436999,1806.225793
336,1764713869.063512325,37,0,D8:FA:25:68:72:F5,8E89BED6,16106.848801,7080.771974,16106.848390,346475.651464,255885.128756,0.988541,-51.653155,2.500000,12487.928376,22.722345,199468.085106,376.000000,3768.338379,0.000000,0.000000,0.000000,0.000000,0.000000,1.000000,0,0.000000,31787.029297,1765.543945,274554814,274555566,16811.090542,-16293.970466,29642.103505,22828.016169
337,1764713869.095999718,37,0,D8:FA:25:68:72:F5,8E89BED6,15644.576947,7016.096809,15644.575807,346438.704866,269018.315527,0.988497,-51.459213,2.500000,12405.826116,22.690118,199468.085106,376.000000,4055.358643,0.000000,0.000000,0.000000,0.000000,0.000000,1.000000,0,0.000000,27936.650391,1829.480835,274554815,274555567,19098.061045,13610.180321,26075.920701,-1285.965911
338,1764713869.525748253,37,0,D8:FA:25:68:72:F5,8E89BED6,16050.380730,8661.462733,16050.379975,349764.041083,262247.906019,0.955203,-70.260945,3.000000,12297.934817,22.744635,199468.085106,376.000000,5132.173340,0.000000,0.000000,0.000000,0.000000,0.000000,1.000000,0,0.000000,98663.062500,20115.904297,278564288,278565040,12845.904721,-18194.995614,31471.585452,29119.048555
339,1764713869.556814671,37,0,D8:FA:25:68:72:F5,8E89BED6,15766.642348,8546.833338,15766.642708,348555.829312,270324.975791,0.955336,-69.618771,3.000000,12212.706769,22.768203,199468.085106,376.000000,5431.551270,0.000000,0.000000,0.000000,0.000000,0.000000,1.000000,0,0.000000,98663.062500,20051.626953,278564289,278565041,16122.785252,8108.002966,26515.517727,7527.586927
340,1764713869.985961437,37,0,D8:FA:25:68:72:F5,8E89BED6,15820.388224,7776.231777,15820.388007,343679.551314,275318.744511,1.066981,0.687416,2.500000,12498.793524,22.368226,180851.063830,376.000000,3996.084229,0.000000,0.000000,0.000000,0.000000,0.000000,1.000000,0,0.000000,18134.162109,2983.831055,282569520,282570272,17614.954972,-14148.149573,28077.231479,19896.055437
341,1764713870.414506912,37,0,D8:FA:25:68:72:F5,8E89BED6,15473.366812,7312.735625,15473.367703,342351.403766,255751.972524,0.956582,-65.087131,3.000000,11870.246945,22.770119,180851.063830,376.000000,2773.398193,0.000000,0.000000,0.000000,0.000000,0.000000,1.000000,0,0.000000,63656.507812,15258.389648,286582527,286583279,16222.721260,-23421.264677,29525.961754,25429.749599
342,1764713870.446847916,37,0,D8:FA:25:68:72:F5,8E89BED6,15117.129195,7204.907913,15117.129683,340480.585967,261376.122069,0.957020,-64.522518,3.000000,11787.200365,22.780644,180851.063830,376.000000,3101.733887,0.000000,0.000000,0.000000,0.000000,0.000000,1.000000,0,0.000000,63656.507812,15246.529297,286582528,286583280,17971.385725,1963.938330,23677.262688,8674.101194
343,1764713870.877581120,37,0,D8:FA:25:68:72:F5,8E89BED6,14865.675389,6939.305665,14865.675505,323138.035884,249930.499185,1.035040,-29.454745,2.500000,11426.472407,21.946378,180851.063830,376.000000,2397.178711,0.000000,0.000000,0.000000,0.000000,0.000000,1.000000,0,0.000000,22790.199219,6462.565918,290594262,290595014,16048.708380,-26326.884924,26954.315902,28196.102054
344,1764713870.909664869,37,0,D8:FA:25:68:72:F5,8E89BED6,14628.468094,6792.856224,14628.468124,322506.771070,256943.928664,1.036049,-28.766313,2.500000,11342.317053,21.924901,199468.085106,376.000000,2692.051514,0.000000,0.000000,0.000000,0.000000,0.000000,1.000000,0,0.000000,19143.333984,6480.305664,290594263,290595015,17321.876456,-5125.196417,24593.885326,11600.749784
345,1764713871.340744495,37,0,D8:FA:25:68:72:F5,8E89BED6,16080.048946,7309.688937,16080.048080,345117.856722,247173.117846,1.049405,-21.039265,3.000000,12437.792326,22.348350,180851.063830,376.000000,3773.572754,0.000000,0.000000,0.000000,0.000000,0.000000,1.000000,0,0.000000,10821.265625,3797.131836,294603953,294604705,16109.344150,-16902.236473,28592.340848,24542.365919
346,1764713871.372297287,37,0,D8:FA:25:68:72:F5,8E89BED6,15646.985790,7236.565866,15646.985114,344760.178083,270918.290547,1.050668,-21.069787,3.000000,12357.561726,22.315286,180851.063830,376.000000,4067.059082,0.000000,0.000000,0.000000,0.000000,0.000000,1.000000,0,0.000000,10821.265625,3904.405029,294603954,294604706,18355.374346,13364.768152,24119.691532,1322.130080
347,1764713871.803197145,37,0,D8:FA:25:68:72:F5,8E89BED6,16009.989686,7312.582064,16009.989138,337022.614995,263235.366970,1.078134,5.926091,2.500000,12169.846497,22.682851,337765.957447,376.000000,4061.303223,0.000000,0.000000,0.000000,0.000000,0.000000,1.000000,0,0.000000,29619.781250,9077.335938,298602937,298603689,14866.825126,-21367.771923,33324.162861,24818.317830
348,1764713871.836554289,37,0,D8:FA:25:68:72:F5,8E89BED6,15706.738954,7191.644393,15706.739047,337025.291294,263562.944526,1.078469,6.513893,2.500000,12082.062996,22.678887,337765.957447,376.000000,4372.143066,0.000000,0.000000,0.000000,0.000000,0.000000,1.000000,0,0.000000,29619.781250,9158.626953,298602938,298603690,17270.470410,5263.384715,25459.008683,7881.336747
349,1764713872.272171974,37,0,D8:FA:25:68:72:F5,8E89BED6,15462.899026,7557.168796,15462.899316,336173.611933,246353.688309,1.013837,37.674520,2.500000,11699.274435,22.686353,199468.085106,376.000000,3843.360107,0.000000,0.000000,0.000000,0.000000,0.000000,1.000000,0,0.000000,5447.771484,11232.006836,302600099,302600851,15248.629714,-7358.797468,28253.786235,17233.700018
350,1764713872.706958771,37,0,D8:FA:25:68:72:F5,8E89BED6,16048.289291,7171.680021,16048.288033,342832.353300,261572.433772,1.051789,8.598390,3.000000,12348.131281,22.463207,180851.063830,376.000000,4192.862793,0.000000,0.000000,0.000000,0.000000,0.000000,1.000000,0,0.000000,2503.779053,-1584.048950,306601624,306602376,15885.050090,-24768.437537,33493.634881,26068.158376
351,1764713872.738365650,37,0,D8:FA:25:68:72:F5,8E89BED6,15641.647697,7034.821683,15641.646804,342641.469687,273675.406056,1.051094,9.532666,3.000000,12266.063385,22.494851,180851.063830,376.000000,4483.994141,0.000000,0.000000,0.000000,0.000000,0.000000,1.000000,0,0.000000,198.215317,-1451.345581,306601625,306602377,17348.935526,3863.707298,27629.418304,7117.530198
352,1764713873.171143532,37,0,D8:FA:25:68:72:F5,8E89BED6,16672.361141,7257.052177,16672.359777,351052.224839,263244.205145,0.957369,70.169232,3.000000,12919.256420,22.449021,337765.957447,376.000000,3981.793701,0.000000,0.000000,0.000000,0.000000,0.000000,1.000000,0,0.000000,44250.152344,9224.583008,310604692,310605444,16954.404144,-14476.045953,30282.879731,22416.826485
353,1764713873.202630997,37,0,D8:FA:25:68:72:F5,8E89BED6,16309.602472,7150.685784,16309.602016,351023.353266,279733.430240,0.956226,70.099393,3.000000,12833.625041,22.407725,337765.957447,376.000000,4285.630371,0.000000,0.000000,0.000000,0.000000,0.000000,1.000000,0,0.000000,44250.152344,9256.783203,310604693,310605445,17305.529709,10743.783420,28475.464738,4298.803067
354,1764713873.635246754,37,0,D8:FA:25:68:72:F5,8E89BED6,15973.354801,6998.217328,15973.353964,334413.241825,236343.899471,0.951085,74.903903,3.000000,12354.812004,22.379029,319148.936170,376.000000,2961.968018,0.000000,0.000000,0.000000,0.000000,0.000000,1.000000,0,0.000000,59955.101562,17160.111328,314615236,314615988,15914.315657,-21407.577248,29836.120067,26987.522527
355,1764713873.666586399,37,0,D8:FA:25:68:72:F5,8E89BED6,15606.560292,6898.858448,15606.560658,334033.093516,275368.388905,0.949810,74.826088,3.000000,12272.780174,22.396769,319148.936170,376.000000,3267.352051,0.000000,0.000000,0.000000,0.000000,0.000000,1.000000,0,0.000000,59251.226562,17198.250000,314615237,314615989,17973.870872,6897.669437,25900.095890,5299.082696
356,1764713874.096004009,37,0,D8:FA:25:68:72:F5,8E89BED6,15452.620754,7685.520537,15452.620498,339791.681564,255322.153692,0.952583,88.286726,2.500000,11909.031022,22.174045,337765.957447,376.000000,3831.439697,0.000000,0.000000,0.000000,0.000000,0.000000,1.000000,0,0.000000,32105.062500,-2526.500488,318619604,318620356,14376.829183,-24118.755455,29833.922511,29069.256027
357,1764713874.128156900,37,0,D8:FA:25:68:72:F5,8E89BED6,15257.898598,7550.263334,15257.898424,338870.114214,250954.397622,0.951340,88.951016,2.500000,11818.581164,22.140318,337765.957447,376.000000,4148.008301,0.000000,0.000000,0.000000,0.000000,0.000000,1.000000,0,0.000000,27942.392578,-2429.444824,318619605,318620357,15925.459467,-1803.718851,26231.705954,13259.517647
