cluster_id,t_s,t_e,chunk_idx,mac,n_keys,purity_cluster,entropy_cluster,is_quarantined,decision,d_best,n_rows_in_chunk_for_mac,seg_CFO_Hz,seg_CFO_00_Hz,seg_CFO_11_Hz,seg_CFO_10_Hz,seg_CFO_01_Hz
1,0.0,900.0,0,E6:76:FB:CC:A8:D8,1,1.0,0.0,0,SPAWN,,1,6061.0,137576.0,-120504.0,126124.0,-106097.0
2,0.0,900.0,0,AE:76:FB:CD:A9:D8,1,1.0,0.0,0,SPAWN,4.281397386969747e+16,1,11923.0,114121.0,-106166.0,121429.0,-96800.0
3,0.0,900.0,0,E6:76:FB:CC:A9:D8,1,1.0,0.0,0,SPAWN,1.2379930360557114e+17,1,3233.0,154325.0,-125749.0,117726.0,-107151.0
4,0.0,900.0,0,C6:A2:6F:CE:AE:04,1,1.0,0.0,0,SPAWN,9.395258811040358e+17,2,-16063.0,149559.0,-146451.0,115908.5,-116817.0
5,0.0,900.0,0,F8:E8:B4:68:86:5B,1,1.0,0.0,0,SPAWN,252497950571365.1,1,3206.0,109862.0,-163164.0,103967.0,-132597.0
6,0.0,900.0,0,FE:D2:6C:6A:0D:9B,1,1.0,0.0,0,SPAWN,1.534312250602662e+17,4,-8128.0,119090.25,-128603.0,117276.75,-122855.75
7,0.0,900.0,0,DD:5B:F1:BB:B4:12,1,1.0,0.0,0,SPAWN,1.12764737630655e+16,3,863.6666666666666,122900.33333333333,-143014.33333333334,101238.66666666667,-102756.0
8,0.0,900.0,0,EC:07:27:E2:3E:A6,1,1.0,0.0,0,SPAWN,1343180462489488.8,1,10411.0,137590.0,-121572.0,99425.0,-113685.0
9,0.0,900.0,0,EC:07:26:C2:BE:A2,1,1.0,0.0,0,SPAWN,3.977086528528119e+18,1,-52925.0,55602.0,-164482.0,91491.0,-92720.0
10,0.0,900.0,0,CC:1A:E5:1A:D7:A6,1,1.0,0.0,0,SPAWN,4.020219348517092e+16,3,-26073.666666666668,121832.66666666667,-135144.66666666666,109319.66666666667,-123587.33333333333
11,0.0,900.0,0,F8:E8:B4:68:86:53,1,1.0,0.0,0,SPAWN,1123702382836341.8,1,15168.0,140785.0,-97961.0,120527.0,-94051.0
12,0.0,900.0,0,E6:75:99:6E:39:A9,1,1.0,0.0,0,SPAWN,3301286186930751.5,1,850.0,132398.0,-156144.0,122675.0,-112383.0
13,0.0,900.0,0,CC:1A:A5:1E:D7:A6,1,1.0,0.0,0,SPAWN,3719275755888171.5,1,-24241.0,127894.0,-124750.0,116717.0,-120972.0
14,0.0,900.0,0,C8:5F:49:27:47:AB,1,1.0,0.0,0,SPAWN,143504984272167.7,1,13836.0,121313.0,-140150.0,97049.0,-103409.0
15,0.0,900.0,0,DC:75:2B:EB:42:8D,1,1.0,0.0,0,SPAWN,154987039746689.44,2,3193.0,144467.5,-120202.5,116876.5,-105812.0
16,0.0,900.0,0,CC:1A:A5:3A:C7:A6,1,1.0,0.0,0,SPAWN,4.345052952474041e+17,1,-43152.0,133328.0,-136738.0,125767.0,-124432.0
17,0.0,900.0,0,DD:6E:5E:92:B6:8D,1,1.0,0.0,0,SPAWN,1779712002873257.0,3,-21395.666666666668,110824.66666666667,-111811.33333333333,88404.33333333333,-104549.66666666667
18,0.0,900.0,0,CE:57:B8:23:52:98,1,1.0,0.0,0,SPAWN,5350738738476611.0,2,-9652.5,157989.0,-148611.0,118261.0,-119894.5
19,0.0,900.0,0,DD:6E:5E:92:B6:AD,1,1.0,0.0,0,SPAWN,6.53094817590762e+16,1,-35687.0,120391.0,-114598.0,105981.0,-112815.0
20,0.0,900.0,0,F1:96:A7:4A:9D:08,1,1.0,0.0,0,SPAWN,6779868305044220.0,1,-3184.0,120893.0,-127007.0,105413.0,-99240.0
21,0.0,900.0,0,C9:36:0E:69:0F:42,1,1.0,0.0,0,SPAWN,1.2379566388229846e+16,1,-6261.0,129085.0,-100272.0,96208.0,-73307.0
22,0.0,900.0,0,D9:96:C9:E6:25:A8,1,1.0,0.0,0,SPAWN,1.170074895983637e+16,1,-15454.0,155944.0,-116641.0,98077.0,-104524.0
23,0.0,900.0,0,C1:D7:F4:91:D0:90,1,1.0,0.0,0,SPAWN,4786276680161605.0,1,-17491.0,153154.0,-138797.0,132413.0,-111654.0
24,0.0,900.0,0,EC:54:AE:3B:7D:E5,1,1.0,0.0,0,SPAWN,65623302178874.92,2,684.5,135263.0,-143733.5,110992.5,-110532.0
25,0.0,900.0,0,BC:A1:1A:C1:D8:8B,1,1.0,0.0,0,SPAWN,48320753592050.1,1,-35274.0,100527.0,-116679.0,115823.0,-102196.0
26,0.0,900.0,0,E0:2D:50:34:41:58,1,1.0,0.0,0,SPAWN,5621527308428967.0,1,-20305.0,122655.0,-106017.0,100666.0,-90936.0
27,0.0,900.0,0,E4:51:13:24:67:44,1,1.0,0.0,0,SPAWN,777819020575987.2,13,-8278.307692307691,138787.3076923077,-127336.15384615384,107554.76923076923,-123748.69230769231
28,0.0,900.0,0,EE:7D:2D:32:F9:9B,1,1.0,0.0,0,SPAWN,3.2421315184319604e+16,1,22226.0,125886.0,-119532.0,131767.0,-117381.0
29,0.0,900.0,0,E4:51:13:24:67:74,1,1.0,0.0,0,SPAWN,6491058619386096.0,1,6190.0,152726.0,-153817.0,118033.0,-127500.0
30,0.0,900.0,0,E0:2D:50:66:45:48,1,1.0,0.0,0,SPAWN,282313551483820.4,16,-28503.25,123724.5625,-140839.9375,102444.0,-115218.875
31,0.0,900.0,0,ED:83:16:1F:A3:E1,1,1.0,0.0,0,SPAWN,403535358727651.25,3,-13446.333333333334,124996.66666666667,-127125.0,98922.0,-117696.66666666667
32,0.0,900.0,0,F5:9F:2B:78:4E:15,1,1.0,0.0,0,SPAWN,3041199314304862.0,2,-9369.5,115618.0,-118061.0,79776.0,-110101.0
33,0.0,900.0,0,D0:B0:49:E3:06:68,1,1.0,0.0,0,SPAWN,22508751393089.72,2,-17907.5,141236.0,-128607.0,125372.0,-109824.5
34,0.0,900.0,0,F9:7A:19:EB:28:6E,1,1.0,0.0,0,SPAWN,3862820302252706.5,1,15876.0,138199.0,-145205.0,113280.0,-124382.0
35,0.0,900.0,0,C2:5D:19:AF:38:3E,1,1.0,0.0,0,SPAWN,303355981612659.56,1,19389.0,99195.0,-111062.0,108633.0,-120807.0
36,0.0,900.0,0,F8:CB:FB:48:BD:74,1,1.0,0.0,0,SPAWN,2.0696660352014442e+17,1,-60205.0,104741.0,-123767.0,99409.0,-118216.0
37,0.0,900.0,0,48:4A:6B:D4:5D:1B,1,1.0,0.0,0,SPAWN,5472143643694589.0,1,-37014.0,80626.0,-140420.0,89345.0,-129919.0
38,0.0,900.0,0,DA:55:3A:D0:EF:BB,1,1.0,0.0,0,SPAWN,24240833528377.43,2,-25129.5,108476.5,-108206.5,111990.0,-123559.5
39,0.0,900.0,0,DB:55:28:D0:E6:BB,1,1.0,0.0,0,SPAWN,48866598453890.375,1,-53411.0,102935.0,-128308.0,87728.0,-103928.0
40,0.0,900.0,0,CA:D6:AD:00:64:D8,1,1.0,0.0,0,SPAWN,290100183679064.5,2,-18410.5,142576.0,-115990.5,97778.5,-108712.0
41,0.0,900.0,0,C2:52:83:FF:5F:A2,1,1.0,0.0,0,SPAWN,5296571373595180.0,1,-58252.0,103856.0,-168972.0,105981.0,-139695.0
42,0.0,900.0,0,E0:65:50:66:45:48,1,1.0,0.0,0,SPAWN,771321795906.1075,1,-17397.0,89629.0,-117186.0,84882.0,-97191.0
43,0.0,900.0,0,49:A9:66:1D:F2:90,1,1.0,0.0,0,SPAWN,1126469268133343.0,1,-30901.0,107941.0,-102890.0,111997.0,-92256.0
44,0.0,900.0,0,DB:7C:5C:36:A8:16,1,1.0,0.0,0,SPAWN,524042017176066.1,1,-33985.0,96081.0,-97718.0,106785.0,-105060.0
45,0.0,900.0,0,D9:0F:53:36:3B:D2,1,1.0,0.0,0,SPAWN,2731856.5772467465,2,-36636.0,118274.0,-122833.5,95242.5,-120032.5
46,0.0,900.0,0,DF:FB:35:C7:32:25,1,1.0,0.0,0,SPAWN,35971978702754.73,6,-11716.833333333334,120311.66666666667,-111594.83333333333,121826.0,-111342.16666666667
47,0.0,900.0,0,F4:A1:1A:C1:19:AB,1,1.0,0.0,0,SPAWN,2185916077365640.2,1,-57711.0,103102.0,-126858.0,101626.0,-99508.0
48,0.0,900.0,0,E0:2D:50:62:41:58,1,1.0,0.0,0,SPAWN,63285394253187.64,1,-33069.0,112154.0,-183230.0,104863.0,-134445.0
49,0.0,900.0,0,FC:A1:1A:C1:19:8B,1,1.0,0.0,0,SPAWN,6184168195537636.0,3,-42024.333333333336,78666.33333333333,-143693.0,97814.33333333333,-114827.33333333333
50,0.0,900.0,0,DA:1F:6F:CF:C9:A8,1,1.0,0.0,0,SPAWN,493849145490995.56,1,-6143.0,124969.0,-107844.0,93632.0,-73332.0
51,0.0,900.0,0,D8:4A:6B:D4:DD:1B,1,1.0,0.0,0,SPAWN,391674656488167.9,2,-21865.0,126804.0,-139990.5,111378.5,-126369.5
52,0.0,900.0,0,DF:FB:35:C5:32:25,1,1.0,0.0,0,SPAWN,609085124030589.9,1,-18674.0,106864.0,-122039.0,116616.0,-95281.0
53,0.0,900.0,0,E0:2D:50:66:45:4C,1,1.0,0.0,0,SPAWN,25589199083387.453,1,-28186.0,155750.0,-151932.0,106747.0,-122199.0
54,0.0,900.0,0,D3:B1:EB:CD:8F:19,1,1.0,0.0,0,SPAWN,21558714535609.52,1,-20238.0,135244.0,-164810.0,111452.0,-136746.0
55,0.0,900.0,0,D6:E9:50:D7:4C:97,1,1.0,0.0,0,SPAWN,18631588802777.58,2,-45373.5,112284.5,-102131.0,81693.0,-109980.0
56,0.0,900.0,0,C2:52:83:FF:4F:A2,1,1.0,0.0,0,SPAWN,60223967736932.11,2,-26636.0,138510.0,-145138.0,97852.0,-131399.5
57,0.0,900.0,0,C9:A9:74:14:F2:10,1,1.0,0.0,0,SPAWN,299718326804651.75,8,-31486.75,127773.875,-138396.875,119662.0,-116097.75
58,0.0,900.0,0,46:A9:50:D2:DE:97,1,1.0,0.0,0,SPAWN,167113739189694.97,1,-21755.0,102089.0,-101002.0,107125.0,-100454.0
59,0.0,900.0,0,E4:51:13:2E:67:44,1,1.0,0.0,0,SPAWN,7594785453003.488,1,-1180.0,161776.0,-137275.0,112663.0,-128442.0
60,0.0,900.0,0,F6:A2:61:37:DC:78,1,1.0,0.0,0,SPAWN,11442725659766.996,1,-22906.0,109566.0,-124739.0,109735.0,-89573.0
61,0.0,900.0,0,CF:15:4D:59:72:2D,1,1.0,0.0,0,SPAWN,365918728275982.5,1,-2258.0,105762.0,-117568.0,98618.0,-103208.0
62,0.0,900.0,0,F1:94:B7:DA:9D:08,1,1.0,0.0,0,SPAWN,5753225488391919.0,1,20108.0,153192.0,-132407.0,116914.0,-102897.0
63,0.0,900.0,0,C2:53:1C:12:DC:F1,1,1.0,0.0,0,SPAWN,442068902371122.7,1,15978.0,104944.0,-110237.0,96625.0,-102701.0
64,0.0,900.0,0,E0:3D:50:66:45:48,1,1.0,0.0,0,SPAWN,7992039886609.531,1,-23014.0,145846.0,-132085.0,100554.0,-115497.0
65,0.0,900.0,0,D8:4A:6B:D4:1D:3B,1,1.0,0.0,0,SPAWN,32995191298400.418,1,-810.0,127788.0,-147837.0,112178.0,-131822.0
66,0.0,900.0,0,DD:A1:6A:5F:08:4B,1,1.0,0.0,0,SPAWN,67555365249999.58,5,-18276.4,150113.2,-139304.4,116175.6,-120680.6
67,0.0,900.0,0,53:AF:1A:7D:5C:CE,1,1.0,0.0,0,SPAWN,286982394910164.2,1,-7041.0,119315.0,-121237.0,101875.0,-118414.0
68,0.0,900.0,0,DB:78:5C:36:A8:16,1,1.0,0.0,0,SPAWN,40934894412098.555,1,-25681.0,94483.0,-130780.0,74937.0,-159453.0
69,0.0,900.0,0,D7:AF:1A:7D:5C:CC,1,1.0,0.0,0,SPAWN,922214180092.6223,2,-35974.0,139813.0,-134127.5,110074.5,-129114.0
70,0.0,900.0,0,DA:2E:D6:06:AD:A8,1,1.0,0.0,0,SPAWN,49057590579328.01,1,-12225.0,101719.0,-133680.0,90001.0,-119538.0
71,0.0,900.0,0,E0:25:50:66:45:48,1,1.0,0.0,0,SPAWN,6697433334678.271,1,-36884.0,132506.0,-163096.0,109013.0,-117742.0
72,0.0,900.0,0,DA:2F:0C:4E:A8:AA,1,1.0,0.0,0,SPAWN,91600907946.55988,2,-18791.5,92731.5,-144318.5,88220.5,-122167.5
73,0.0,900.0,0,E0:2B:50:66:47:48,1,1.0,0.0,0,SPAWN,1536621341397866.5,1,-43346.0,149924.0,-159294.0,104578.0,-123473.0
74,0.0,900.0,0,DA:3D:0C:4E:A8:AA,1,1.0,0.0,0,SPAWN,74494456718797.61,1,-15779.0,127105.0,-138645.0,112733.0,-144023.0
75,0.0,900.0,0,F0:8D:EE:29:48:46,1,1.0,0.0,0,SPAWN,8882443675026.412,1,-4484.0,74373.0,-119599.0,73919.0,-84109.0
76,0.0,900.0,0,F8:09:54:90:55:48,1,1.0,0.0,0,SPAWN,29517633882778.87,1,-37385.0,87531.0,-143911.0,85074.0,-117868.0
77,0.0,900.0,0,CE:65:ED:9E:53:0F,1,1.0,0.0,0,SPAWN,1.0585729765691484e+16,1,25394.0,124925.0,-136145.0,110038.0,-110358.0
78,0.0,900.0,0,D2:8C:FA:E9:C7:57,1,1.0,0.0,0,SPAWN,30642206383968.17,1,-7229.0,128803.0,-110033.0,90963.0,-86639.0
79,0.0,900.0,0,A0:2D:40:66:45:48,1,1.0,0.0,0,SPAWN,1203461421416.925,1,-7029.0,125737.0,-152903.0,108445.0,-120235.0
80,0.0,900.0,0,EB:B8:45:B7:59:25,1,1.0,0.0,0,SPAWN,603483434227.6775,3,-7514.666666666667,128604.0,-133224.66666666666,101931.0,-107444.66666666667
81,0.0,900.0,0,C2:73:EA:DA:19:46,1,1.0,0.0,0,SPAWN,120551559182151.3,1,0.0,152904.0,-136559.0,121219.0,-130654.0
82,0.0,900.0,0,EB:DE:69:AF:47:EC,1,1.0,0.0,0,SPAWN,69523399480349.586,1,-15525.0,144093.0,-107319.0,133498.0,-100729.0
83,0.0,900.0,0,F3:E4:2E:8A:6F:C2,1,1.0,0.0,0,SPAWN,3175104065505152.5,1,-97886.0,91843.0,-143871.0,63707.0,-118308.0
84,0.0,900.0,0,C5:61:C7:1F:B8:2E,1,1.0,0.0,0,SPAWN,687537985088.7848,1,-16486.0,126295.0,-93358.0,85990.0,-121629.0
85,0.0,900.0,0,D9:35:13:D2:45:28,1,1.0,0.0,0,SPAWN,830686681469055.6,1,-11715.0,82195.0,-117508.0,122072.0,-106098.0
86,0.0,900.0,0,C6:86:0B:B1:05:13,1,1.0,0.0,0,SPAWN,19345855466079.05,13,-22890.076923076922,123517.15384615384,-139594.0,107274.76923076923,-121685.46153846153
87,0.0,900.0,0,C6:86:0B:31:85:13,1,1.0,0.0,0,SPAWN,672018565035600.5,1,-10890.0,145681.0,-167639.0,114744.0,-127888.0
88,0.0,900.0,0,C6:86:0F:B1:05:13,1,1.0,0.0,0,SPAWN,4582014481118.723,1,-3761.0,121734.0,-112494.0,103930.0,-119947.0
89,0.0,900.0,0,D7:8F:BC:2E:2B:98,1,1.0,0.0,0,SPAWN,71737880248935.86,1,-17613.0,139425.0,-157265.0,110896.0,-127460.0
90,0.0,900.0,0,D0:C7:5D:2D:2D:A8,1,1.0,0.0,0,SPAWN,530766184541788.0,2,-14838.0,118063.5,-137154.0,112045.0,-92678.5
91,0.0,900.0,0,E2:39:E9:6E:4D:DC,1,1.0,0.0,0,SPAWN,91292624322426.73,1,-6778.0,110063.0,-126974.0,80432.0,-112001.0
92,0.0,900.0,0,C6:86:0B:BB:65:13,1,1.0,0.0,0,SPAWN,769102390068142.5,1,1540.0,130200.0,-136146.0,106773.0,-125087.0
93,0.0,900.0,0,CB:97:47:5A:BD:0A,1,1.0,0.0,0,SPAWN,142705768477833.22,1,-4608.0,126418.0,-127566.0,115097.0,-108434.0
94,0.0,900.0,0,FB:82:53:35:21:D7,1,1.0,0.0,0,SPAWN,742207898624.9174,1,-44355.0,104584.0,-176430.0,80154.0,-130423.0
95,0.0,900.0,0,F8:E8:5F:1F:4D:C8,1,1.0,0.0,0,SPAWN,43908391996953.33,1,-33698.0,122779.0,-103998.0,92167.0,-78369.0
96,0.0,900.0,0,CC:A8:8E:AA:EC:75,1,1.0,0.0,0,SPAWN,25599425502445.04,1,-26233.0,82482.0,-115869.0,93790.0,-108670.0
97,0.0,900.0,0,F1:27:C0:05:71:40,1,1.0,0.0,0,SPAWN,47217231850335.29,1,1424.0,146127.0,-135777.0,111701.0,-108494.0
98,0.0,900.0,0,D6:35:BA:03:7A:5D,1,1.0,0.0,0,SPAWN,6007320056842.134,2,-21394.5,131777.5,-146535.5,98095.5,-124917.0
99,0.0,900.0,0,CA:FF:3C:9D:45:2E,1,1.0,0.0,0,SPAWN,1.3963283240489152e+16,1,6318.0,152586.0,-149105.0,122332.0,-119919.0
100,0.0,900.0,0,CA:FF:3C:9D:55:2E,1,1.0,0.0,0,SPAWN,27015258656708.113,1,-3555.0,118278.0,-123868.0,113427.0,-111210.0
101,0.0,900.0,0,FE:70:9D:F1:6F:4C,1,1.0,0.0,0,SPAWN,2790780754555.023,3,-20508.0,143797.66666666666,-131398.0,115094.33333333333,-117646.33333333333
102,0.0,900.0,0,F2:34:00:22:F7:A2,1,1.0,0.0,0,SPAWN,103071982798690.03,3,-24000.666666666668,139938.33333333334,-137657.66666666666,104664.33333333333,-115473.33333333333
103,0.0,900.0,0,F2:34:00:22:F7:A6,1,1.0,0.0,0,SPAWN,26550566026165.867,1,-16364.0,153766.0,-159694.0,114360.0,-125966.0
104,0.0,900.0,0,EB:B1:3F:B9:F6:9F,1,1.0,0.0,0,SPAWN,581127634044629.1,1,16314.0,135971.0,-101336.0,123854.0,-91696.0
105,0.0,900.0,0,EB:B1:3F:B8:FE:9F,1,1.0,0.0,0,SPAWN,6745645444460.218,3,-26287.666666666668,128998.0,-126054.33333333333,133506.0,-109295.33333333333
106,0.0,900.0,0,D2:24:00:22:D3:A2,1,1.0,0.0,0,SPAWN,1824330981674446.5,1,3736.0,91524.0,-102809.0,90676.0,-105441.0
107,0.0,900.0,0,DC:79:3F:F9:11:93,1,1.0,0.0,0,SPAWN,582347272662294.9,1,-2561.0,71415.0,-122745.0,140398.0,-96446.0
108,0.0,900.0,0,EA:D7:20:AE:B7:87,1,1.0,0.0,0,SPAWN,2508517838111972.0,3,8327.666666666666,142533.66666666666,-105313.0,119639.33333333333,-111421.33333333333
109,0.0,900.0,0,EB:0F:57:A5:54:67,1,1.0,0.0,0,SPAWN,61470648835845.54,3,-8264.0,118681.0,-114854.0,104705.0,-110628.33333333333
110,0.0,900.0,0,CA:B3:0F:40:08:06,1,1.0,0.0,0,SPAWN,7045352420728.78,1,-4373.0,139052.0,-138021.0,100794.0,-110722.0
111,0.0,900.0,0,C1:E8:C4:ED:88:77,1,1.0,0.0,0,SPAWN,327185378254.8381,1,18517.0,135390.0,-134780.0,120070.0,-106897.0
112,0.0,900.0,0,C1:C8:C4:9D:88:77,1,1.0,0.0,0,SPAWN,279901848889307.06,1,1751.0,146482.0,-127491.0,113172.0,-116248.0
113,900.0,1800.0,1,D1:21:80:0B:30:F9,1,1.0,0.0,0,SPAWN,430133816952521.8,3,4055.6666666666665,132652.33333333334,-118624.0,115869.66666666667,-93454.66666666667
114,900.0,1800.0,1,EB:FF:AD:4A:57:17,1,1.0,0.0,0,SPAWN,39635921139428.56,1,12896.0,85023.0,-110800.0,77229.0,-106263.0
115,900.0,1800.0,1,E2:5A:83:3A:31:9A,1,1.0,0.0,0,SPAWN,672447184900041.9,1,29280.0,158112.0,-123732.0,115093.0,-97186.0
116,900.0,1800.0,1,C9:CA:D6:A9:49:55,1,1.0,0.0,0,SPAWN,30621396950275.65,1,-12969.0,125267.0,-99136.0,91944.0,-83801.0
117,900.0,1800.0,1,D2:76:15:3F:3E:76,1,1.0,0.0,0,SPAWN,11199089247394.215,8,5151.625,130418.625,-115316.5,120849.5,-91290.625
118,900.0,1800.0,1,D0:76:11:3F:3E:76,1,1.0,0.0,0,SPAWN,430478699511.04877,1,-10516.0,142146.0,-138576.0,135000.0,-93298.0
119,900.0,1800.0,1,E7:3B:2F:C3:71:38,1,1.0,0.0,0,SPAWN,99098004068854.72,1,-9190.0,87683.0,-82218.0,80253.0,-101679.0
120,900.0,1800.0,1,E7:3A:AF:C2:51:28,1,1.0,0.0,0,SPAWN,340575711483296.1,1,-25131.0,131586.0,-126660.0,101955.0,-116820.0
121,900.0,1800.0,1,C2:7E:45:E2:5A:37,1,1.0,0.0,0,SPAWN,7061235364649.64,1,10124.0,126943.0,-110957.0,113969.0,-127822.0
122,900.0,1800.0,1,ED:9D:F2:CA:B8:DF,1,1.0,0.0,0,SPAWN,12236102705775.799,2,1128.0,110642.5,-120779.0,110856.5,-99577.5
123,900.0,1800.0,1,E3:7E:94:D2:66:F1,1,1.0,0.0,0,SPAWN,41578150501484.195,3,5035.0,96351.0,-129991.33333333333,115044.0,-100875.0
124,900.0,1800.0,1,80:B5:5A:9B:95:34,1,1.0,0.0,0,SPAWN,28467327680837.51,1,-1026.0,135530.0,-100606.0,115105.0,-85263.0
125,900.0,1800.0,1,F9:AC:ED:A2:60:AC,1,1.0,0.0,0,SPAWN,436364686839397.1,1,-26731.0,116330.0,-166032.0,116763.0,-115033.0
126,900.0,1800.0,1,A3:56:90:C2:26:98,1,1.0,0.0,0,SPAWN,27670287107990.977,1,-8521.0,93948.0,-129875.0,134750.0,-104285.0
127,900.0,1800.0,1,D2:76:95:3F:3E:76,1,1.0,0.0,0,SPAWN,446637338013406.44,1,7952.0,-4533.0,-90130.0,61836.0,-95369.0
128,900.0,1800.0,1,AD:9D:F6:CA:B8:DF,1,1.0,0.0,0,SPAWN,18523178515550.81,1,-37026.0,91269.0,-106434.0,90973.0,-100529.0
129,900.0,1800.0,1,C2:B5:F9:AB:28:E0,1,1.0,0.0,0,SPAWN,12284781602185.934,1,18679.0,144105.0,-146128.0,124429.0,-125579.0
130,900.0,1800.0,1,EA:4E:2A:6B:5F:3F,1,1.0,0.0,0,SPAWN,8699447787480.315,2,-24420.0,127580.0,-136323.0,109279.5,-113037.5
131,900.0,1800.0,1,EA:0E:2A:6B:5D:3F,1,1.0,0.0,0,SPAWN,4979316369571.596,1,-24645.0,120028.0,-111885.0,114124.0,-112744.0
132,900.0,1800.0,1,C0:42:17:1B:82:58,1,1.0,0.0,0,SPAWN,43248523504501.03,1,29394.0,119317.0,-126139.0,108043.0,-100378.0
133,900.0,1800.0,1,F4:D2:7C:42:2A:A2,1,1.0,0.0,0,SPAWN,729111604579.7222,2,-11892.0,139562.5,-150196.0,124478.0,-109780.0
134,900.0,1800.0,1,C8:C9:B7:99:0B:EE,1,1.0,0.0,0,SPAWN,10087501400.420942,1,-37108.0,88973.0,-136037.0,102613.0,-99254.0
135,900.0,1800.0,1,EA:D2:E4:E7:21:0E,1,1.0,0.0,0,SPAWN,1.2265197008437698e+17,2,42292.0,133640.5,-99260.0,124995.0,-84921.5
136,900.0,1800.0,1,C5:2F:FB:DA:47:62,1,1.0,0.0,0,SPAWN,49926214382871.77,1,16600.0,115382.0,-123398.0,107055.0,-89425.0
137,900.0,1800.0,1,CD:CB:EE:5B:1D:84,1,1.0,0.0,0,SPAWN,238735350921.3396,1,-17671.0,147274.0,-101329.0,99808.0,-91277.0
138,900.0,1800.0,1,D8:10:08:B4:6A:06,1,1.0,0.0,0,SPAWN,8047179649111.804,1,631.0,134177.0,-128252.0,116541.0,-97721.0
139,900.0,1800.0,1,CD:CB:EE:5B:1D:94,1,1.0,0.0,0,SPAWN,441158333456503.4,1,10951.0,119165.0,-85641.0,86343.0,-93394.0
140,900.0,1800.0,1,C9:E5:07:A0:CA:44,1,1.0,0.0,0,SPAWN,73413234822427.7,1,19769.0,150253.0,-128453.0,125308.0,-101168.0
141,900.0,1800.0,1,A1:37:21:3A:03:A0,1,1.0,0.0,0,SPAWN,890444543947995.0,1,30912.0,125708.0,-106292.0,119083.0,-110448.0
142,900.0,1800.0,1,FC:B5:07:D9:15:E9,1,1.0,0.0,0,SPAWN,51721994957650.19,1,11028.0,151412.0,-123847.0,133455.0,-117557.0
143,900.0,1800.0,1,FA:7B:BA:35:63:C2,1,1.0,0.0,0,SPAWN,722181475078517.5,1,9781.0,109991.0,-86553.0,95822.0,-99883.0
144,900.0,1800.0,1,FA:7B:BE:35:63:C2,1,1.0,0.0,0,SPAWN,17665800379513.645,1,4991.0,144015.0,-113890.0,112152.0,-102251.0
145,900.0,1800.0,1,E3:86:AF:D6:C2:BB,1,1.0,0.0,0,SPAWN,596194729900.7041,1,-6178.0,144080.0,-117251.0,98566.0,-116763.0
146,900.0,1800.0,1,E7:73:9C:07:E7:99,1,1.0,0.0,0,SPAWN,55843785882170.13,1,1661.0,106310.0,-71713.0,109987.0,-120838.0
147,900.0,1800.0,1,D4:1B:99:F6:5C:A9,1,1.0,0.0,0,SPAWN,22255725284718.09,1,-1855.0,113612.0,-57276.0,110223.0,-82804.0
148,900.0,1800.0,1,D0:E3:F4:32:0F:09,1,1.0,0.0,0,SPAWN,121468454712677.44,3,2511.3333333333335,158620.33333333334,-151851.33333333334,117086.0,-117210.66666666667
149,900.0,1800.0,1,D0:EB:2E:3A:0F:09,1,1.0,0.0,0,SPAWN,12853509111858.564,1,3881.0,160755.0,-147883.0,121325.0,-123779.0
150,900.0,1800.0,1,D9:DD:94:D0:E9:B3,1,1.0,0.0,0,SPAWN,1038259479762.1772,3,-10183.0,130168.0,-117398.66666666667,116443.0,-107065.0
151,900.0,1800.0,1,FB:5D:94:D0:E9:B3,1,1.0,0.0,0,SPAWN,15596742268157.824,1,11325.0,162404.0,-147052.0,132659.0,-111212.0
152,900.0,1800.0,1,E0:FE:AE:F0:E2:2E,1,1.0,0.0,0,SPAWN,430102938522773.0,1,-572.0,110751.0,-106427.0,93225.0,-110419.0
153,900.0,1800.0,1,D4:31:B7:62:29:02,1,1.0,0.0,0,SPAWN,71767174165179.88,1,-38415.0,135922.0,-143699.0,114356.0,-89104.0
154,900.0,1800.0,1,D3:0E:F8:F5:10:2E,1,1.0,0.0,0,SPAWN,223215352867.6529,1,2668.0,119845.0,-138098.0,105980.0,-113011.0
155,900.0,1800.0,1,CD:BE:D1:1D:B6:C8,1,1.0,0.0,0,SPAWN,141188451025696.84,1,-14969.0,150573.0,-164996.0,119127.0,-120340.0
156,900.0,1800.0,1,C1:06:A4:6D:67:80,1,1.0,0.0,0,SPAWN,274271044500616.22,1,27243.0,26922.0,-94166.0,62045.0,-13875.0
157,900.0,1800.0,1,96:95:AC:3F:A6:B5,1,1.0,0.0,0,SPAWN,34385120330367.348,1,-15020.0,101003.0,-111512.0,92653.0,-93018.0
